Date,Close
2014-01-03 05:00:00,0.032016754150390625
2014-01-06 05:00:00,-0.06403350830078125
2014-01-07 05:00:00,0.07043647766113104
2014-01-08 05:00:00,0.07043647766113459
2014-01-09 05:00:00,0.30095481872558594
2014-01-10 05:00:00,0.12166213989257812
2014-01-13 05:00:00,-0.5955057144165039
2014-01-14 05:00:00,0.16648483276367188
2014-01-15 05:00:00,-0.006402969360349786
2014-01-16 05:00:00,0.02561283111572088
2014-01-17 05:00:00,-0.03841972351074219
2014-01-21 05:00:00,0.12166213989257635
2014-01-22 05:00:00,0.1344690322876012
2014-01-23 05:00:00,-0.032014846801761365
2014-01-24 05:00:00,-0.2817468643188459
2014-01-27 05:00:00,-0.20490455627441406
2014-01-28 05:00:00,-0.07683849334716797
2014-01-29 05:00:00,0.02561187744140625
2014-01-30 05:00:00,0.05122661590576172
2014-01-31 05:00:00,0.6787490844726562
2014-02-03 05:00:00,-0.39060020446777344
2014-02-04 05:00:00,-0.14727592468261896
2014-02-05 05:00:00,-0.044824600219724786
2014-02-06 05:00:00,-0.16648483276367188
2014-02-07 05:00:00,0.08964633941650568
2014-02-10 05:00:00,-0.15367984771728693
2014-02-11 05:00:00,0.2561321258544922
2014-02-12 05:00:00,0.1985025405883789
2014-02-13 05:00:00,0.12806701660156428
2014-02-14 05:00:00,0.10885620117187322
2014-02-18 05:00:00,0.07683849334716797
2014-02-19 05:00:00,0.025613784790037286
2014-02-20 05:00:00,0.249728202819826
2014-02-21 05:00:00,-0.2689390182495117
2014-02-24 05:00:00,0.14087295532226562
2014-02-25 05:00:00,0.08324337005615234
2014-02-26 05:00:00,0.21771240234374822
2014-02-27 05:00:00,0.006403923034667969
2014-02-28 05:00:00,0.10245227813720881
2014-03-03 05:00:00,-0.22411632537841797
2014-03-04 05:00:00,0.4738445281982422
2014-03-05 05:00:00,0.17929363250732244
2014-03-06 05:00:00,-0.012807846069335938
2014-03-07 05:00:00,0.17288970947265803
2014-03-10 04:00:00,0.08324241638183416
2014-03-11 04:00:00,-0.2241153717040998
2014-03-12 04:00:00,0.2881488800048828
2014-03-13 04:00:00,-0.31376171112060725
2014-03-14 04:00:00,0.6083126068115252
2014-03-17 04:00:00,0.13446998596191406
2014-03-18 04:00:00,0.2369222640991211
2014-03-19 04:00:00,-0.21771335601806818
2014-03-20 04:00:00,0.012807846069335938
2014-03-21 04:00:00,0.12166309356689631
2014-03-24 04:00:00,0.03841876983642578
2014-03-25 04:00:00,-0.01920890808105291
2014-03-26 04:00:00,0.10245132446288707
2014-03-27 04:00:00,-0.2753410339355451
2014-03-28 04:00:00,0.3073587417602539
2014-03-31 04:00:00,0.6979589462280273
2014-04-01 04:00:00,0.1408710479736328
2014-04-02 04:00:00,-0.24332427978515625
2014-04-03 04:00:00,0.006403923034667969
2014-04-04 04:00:00,-0.3777942657470703
2014-04-07 04:00:00,-0.1280670166015625
2014-04-08 04:00:00,0.18569564819335938
2014-04-09 04:00:00,0.4034080505371094
2014-04-10 04:00:00,-0.24972915649414062
2014-04-11 04:00:00,0.17289066314697266
2014-04-14 04:00:00,0.1792917251586914
2014-04-15 04:00:00,0.2689399719238281
2014-04-16 04:00:00,0.3201618194580078
2014-04-17 04:00:00,0.23692321777343572
2014-04-21 04:00:00,-0.0576286315917951
2014-04-22 04:00:00,0.13446807861327947
2014-04-23 04:00:00,0.025614738464357245
2014-04-24 04:00:00,-0.11525917053222656
2014-04-25 04:00:00,-0.4162158966064471
2014-04-28 04:00:00,-0.10245132446288885
2014-04-29 04:00:00,-0.012808799743652344
2014-04-30 04:00:00,0.23052120208740234
2014-05-01 04:00:00,0.12166023254394531
2014-05-02 04:00:00,0.7812042236328125
2014-05-05 04:00:00,0.0704345703125
2014-05-06 04:00:00,-0.019207000732421875
2014-05-07 04:00:00,0.2689361572265643
2014-05-08 04:00:00,-0.05122470855713068
2014-05-09 04:00:00,0.032016754150390625
2014-05-12 04:00:00,0.5826988220214826
2014-05-13 04:00:00,0.09604930877685725
2014-05-14 04:00:00,-0.18569374084472656
2014-05-15 04:00:00,0.0704355239868164
2014-05-16 04:00:00,-0.05122470855713068
2014-05-19 04:00:00,0.06403160095215021
2014-05-20 04:00:00,-0.04482460021972656
2014-05-21 04:00:00,0.33937644958496094
2014-05-22 04:00:00,-0.1280670166015625
2014-05-23 04:00:00,0.1280670166015625
2014-05-27 04:00:00,0.2689380645751953
2014-05-28 04:00:00,-0.0896453857421875
2014-05-29 04:00:00,-0.1856975555419922
2014-05-30 04:00:00,0.2241191864013672
2014-06-02 04:00:00,0.3073558807373047
2014-06-03 04:00:00,-0.37139129638671875
2014-06-04 04:00:00,0.6403293609619141
2014-06-05 04:00:00,0.13446807861328125
2014-06-06 04:00:00,-0.179290771484375
2014-06-09 04:00:00,-1.1269798278808594
2014-06-10 04:00:00,0.3265666961669922
2014-06-11 04:00:00,0.11526107788085938
2014-06-12 04:00:00,-0.32016563415527344
2014-06-13 04:00:00,-0.18569564819335938
2014-06-16 04:00:00,0.21130752563476562
2014-06-17 04:00:00,0.21130943298339844
2014-06-18 04:00:00,0.4738445281982422
2014-06-19 04:00:00,-0.11525917053222656
2014-06-20 04:00:00,0.1985015869140625
2014-06-23 04:00:00,-0.46103858947753906
2014-06-24 04:00:00,-0.40981006622314453
2014-06-25 04:00:00,0.3777952194213867
2014-06-26 04:00:00,0.24332427978515625
2014-06-27 04:00:00,0.8196239471435547
2014-06-30 04:00:00,0.3393745422363281
2014-07-01 04:00:00,0.21130943298339844
2014-07-02 04:00:00,0.6531352996826207
2014-07-03 04:00:00,0.1921005249023402
2014-07-07 04:00:00,-0.038419723510738635
2014-07-08 04:00:00,0.3521804809570277
2014-07-09 04:00:00,0.12166213989257812
2014-07-10 04:00:00,0.21771240234375355
2014-07-11 04:00:00,0.19209861755370738
2014-07-14 04:00:00,0.14727592468262074
2014-07-15 04:00:00,0.1921005249023402
2014-07-16 04:00:00,-0.012805938720703125
2014-07-17 04:00:00,-0.32016563415527344
2014-07-18 04:00:00,0.33297157287597656
2014-07-21 04:00:00,-0.30095672607421875
2014-07-22 04:00:00,0.7235736846923864
2014-07-23 04:00:00,-0.019210815429694605
2014-07-24 04:00:00,0.14087295532226918
2014-07-25 04:00:00,-0.05122566223144531
2014-07-28 04:00:00,-0.2945518493652379
2014-07-29 04:00:00,-0.36498832702636363
2014-07-30 04:00:00,-0.42261695861816406
2014-07-31 04:00:00,-1.2678546905517578
2014-08-01 04:00:00,0.5506839752197266
2014-08-04 04:00:00,0.0832443237304723
2014-08-05 04:00:00,-0.14727592468262074
2014-08-06 04:00:00,0.1985015869140625
2014-08-07 04:00:00,-0.5698947906494141
2014-08-08 04:00:00,0.07684135437011719
2014-08-11 04:00:00,0.5442790985107422
2014-08-12 04:00:00,0.30735778808593395
2014-08-13 04:00:00,0.48665046691894887
2014-08-14 04:00:00,0.08964729309082031
2014-08-15 04:00:00,-0.07683944702148438
2014-08-18 04:00:00,-0.10245323181152344
2014-08-19 04:00:00,0.05763053894042969
2014-08-20 04:00:00,-0.03841972351074219
2014-08-21 04:00:00,-0.3265705108642578
2014-08-22 04:00:00,-0.08324241638183949
2014-08-25 04:00:00,0.35858535766602273
2014-08-26 04:00:00,-0.24332427978515625
2014-08-27 04:00:00,0.012805938720699572
2014-08-28 04:00:00,0.04482460021972656
2014-08-29 04:00:00,0.0
2014-09-02 04:00:00,0.46103668212890625
2014-09-03 04:00:00,-0.1600818634033203
2014-09-04 04:00:00,-0.4866504669189453
2014-09-05 04:00:00,0.13446807861328125
2014-09-08 04:00:00,0.3906002044677699
2014-09-09 04:00:00,0.12166404724121449
2014-09-10 04:00:00,0.06403160095214844
2014-09-11 04:00:00,0.08964729309082387
2014-09-12 04:00:00,0.038419723510738635
2014-09-15 04:00:00,0.2945518493652344
2014-09-16 04:00:00,0.3137626647949219
2014-09-17 04:00:00,-0.2881507873535156
2014-09-18 04:00:00,0.5634918212890625
2014-09-19 04:00:00,-0.1152572631835902
2014-09-22 04:00:00,-0.46103858947754617
2014-09-23 04:00:00,-0.43542671203612926
2014-09-24 04:00:00,0.2369232177734375
2014-09-25 04:00:00,-0.5891036987304688
2014-09-26 04:00:00,0.057628631591796875
2014-09-29 04:00:00,0.33937644958496094
2014-09-30 04:00:00,-0.12806701660155895
2014-10-01 04:00:00,-0.19850158691406605
2014-10-02 04:00:00,0.24972915649414062
2014-10-03 04:00:00,1.3062744140625
2014-10-06 04:00:00,-0.5314769744873047
2014-10-07 04:00:00,-0.4738426208496094
2014-10-08 04:00:00,0.3649864196777344
2014-10-09 04:00:00,-0.0704345703125
2014-10-10 04:00:00,-0.012809753417972303
2014-10-13 04:00:00,-0.3649864196777308
2014-10-14 04:00:00,0.0448226928710902
2014-10-15 04:00:00,0.3713932037353551
2014-10-16 04:00:00,-3.662687301635742
2014-10-17 04:00:00,1.2870635986328125
2014-10-20 04:00:00,0.8708496093750036
2014-10-21 04:00:00,-0.2305202484130895
2014-10-22 04:00:00,-1.415130615234375
2014-10-23 04:00:00,-0.13446807861328125
2014-10-24 04:00:00,0.11525917053222656
2014-10-27 04:00:00,0.032016754150390625
2014-10-28 04:00:00,0.32016563415527344
2014-10-29 04:00:00,0.31376075744628906
2014-10-30 04:00:00,-0.28174591064453125
2014-10-31 04:00:00,0.7235736846923864
2014-11-03 05:00:00,0.31376075744628196
2014-11-04 05:00:00,1.1269817352294957
2014-11-05 05:00:00,0.7043628692626918
2014-11-06 05:00:00,0.2689380645752024
2014-11-07 05:00:00,-0.633926391601566
2014-11-10 05:00:00,-0.11525917053222656
2014-11-11 05:00:00,0.025611877441402697
2014-11-12 05:00:00,-0.21771049499511363
2014-11-13 05:00:00,0.18569564819335938
2014-11-14 05:00:00,-0.39060211181640625
2014-11-17 05:00:00,0.35218238830566406
2014-11-18 05:00:00,0.326568603515625
2014-11-19 05:00:00,0.29454994201660156
2014-11-20 05:00:00,-0.13446617126464844
2014-11-21 05:00:00,-0.16008377075195312
2014-11-24 05:00:00,-0.051225662231448865
2014-11-25 05:00:00,0.10885429382324574
2014-11-26 05:00:00,0.2945537567138672
2014-11-28 05:00:00,0.19209861755371094
2014-12-01 05:00:00,-0.05122756958007457
2014-12-02 05:00:00,1.0437374114990199
2014-12-03 05:00:00,1.6904735565185511
2014-12-04 05:00:00,0.7043609619140696
2014-12-05 05:00:00,-0.320165634155277
2014-12-08 05:00:00,0.2689380645751953
2014-12-09 05:00:00,-0.6019077301025391
2014-12-10 05:00:00,-0.39700508117675426
2014-12-11 05:00:00,-0.10245132446289418
2014-12-12 05:00:00,-1.4087276458740234
2014-12-15 05:00:00,-0.761993408203125
2014-12-16 05:00:00,-0.09604835510253906
2014-12-17 05:00:00,0.48024559020996094
2014-12-18 05:00:00,0.09605216979980469
2014-12-19 05:00:00,0.21130943298339844
2014-12-22 05:00:00,0.35217857360839844
2014-12-23 05:00:00,-0.32656669616699574
2014-12-24 05:00:00,0.3137607574462926
2014-12-26 05:00:00,0.03841972351074574
2014-12-29 05:00:00,-0.2241134643554723
2014-12-30 05:00:00,-0.12166595458984375
2014-12-31 05:00:00,-0.4738426208496094
2015-01-02 05:00:00,-0.72357177734375
2015-01-05 05:00:00,-0.544281005859375
2015-01-06 05:00:00,0.28814697265625
2015-01-07 05:00:00,0.550683975219723
2015-01-08 05:00:00,0.6403312683105469
2015-01-09 05:00:00,0.3713912963867223
2015-01-12 05:00:00,-0.3457775115966797
2015-01-13 05:00:00,-0.9412860870361328
2015-01-14 05:00:00,-0.10245132446289418
2015-01-15 05:00:00,1.9466018676757848
2015-01-16 05:00:00,-0.2753429412841797
2015-01-20 05:00:00,1.005319595336914
2015-01-21 05:00:00,-0.4482307434082031
2015-01-22 05:00:00,0.3457756042480469
2015-01-23 05:00:00,-0.06403160095214844
2015-01-26 05:00:00,0.9604969024658203
2015-01-27 05:00:00,0.04482269287109375
2015-01-28 05:00:00,-2.4273948669433594
2015-01-29 05:00:00,0.7889022827148438
2015-01-30 05:00:00,-1.4716072082519496
2015-02-02 05:00:00,-0.2654972076416051
2015-02-03 05:00:00,-0.4020347595214844
2015-02-04 05:00:00,-0.08344268798828125
2015-02-05 05:00:00,-0.04551315307617543
2015-02-06 05:00:00,0.06068420410156605
2015-02-09 05:00:00,-0.40962409973144887
2015-02-10 05:00:00,0.6447772979736364
2015-02-11 05:00:00,-0.470306396484375
2015-02-12 05:00:00,0.08344078063964844
2015-02-13 05:00:00,0.5840930938720703
2015-02-17 05:00:00,0.5158214569091797
2015-02-18 05:00:00,0.6675319671630824
2015-02-19 05:00:00,-0.6675319671630824
2015-02-20 05:00:00,0.16687965393066406
2015-02-23 05:00:00,-0.05309677124023082
2015-02-24 05:00:00,-0.022758483886722303
2015-02-25 05:00:00,-0.37928009033203125
2015-02-26 05:00:00,0.34893798828124645
2015-02-27 05:00:00,-0.060682296752926135
2015-03-02 05:00:00,0.6978759765625
2015-03-03 05:00:00,0.19722366333007812
2015-03-04 05:00:00,-0.4399642944335902
2015-03-05 05:00:00,-0.6296043395996129
2015-03-06 05:00:00,-0.5840930938720668
2015-03-09 04:00:00,-0.10619735717773793
2015-03-10 04:00:00,0.1820545196533203
2015-03-11 04:00:00,-0.8799304962158203
2015-03-12 04:00:00,-0.14412689208984375
2015-03-13 04:00:00,-0.10619926452636719
2015-03-16 04:00:00,0.015171051025390625
2015-03-17 04:00:00,0.872344970703125
2015-03-18 04:00:00,0.4096240997314453
2015-03-19 04:00:00,0.14412498474121094
2015-03-20 04:00:00,-0.07585716247558594
2015-03-23 04:00:00,-0.5234050750732422
2015-03-24 04:00:00,-1.6688346862792969
2015-03-25 04:00:00,-0.11378479003906605
2015-03-26 04:00:00,-0.18964004516601207
2015-03-27 04:00:00,0.12137031555175781
2015-03-30 04:00:00,-0.27307891845703125
2015-03-31 04:00:00,-0.576507568359375
2015-04-01 04:00:00,0.8875141143798828
2015-04-02 04:00:00,0.5158233642578125
2015-04-06 04:00:00,-0.32618141174316406
2015-04-07 04:00:00,-0.0834426879882777
2015-04-08 04:00:00,0.17446899414062145
2015-04-09 04:00:00,-0.4703083038330078
2015-04-10 04:00:00,-0.16687965393066406
2015-04-13 04:00:00,0.41720581054687145
2015-04-14 04:00:00,0.5234069824218786
2015-04-15 04:00:00,0.13653945922851562
2015-04-16 04:00:00,0.2958393096923828
2015-04-17 04:00:00,-0.4096221923828125
2015-04-20 04:00:00,-0.09102630615234375
2015-04-21 04:00:00,-0.18205261230468395
2015-04-22 04:00:00,0.12895202636718395
2015-04-23 04:00:00,-0.6599483489990234
2015-04-24 04:00:00,0.09103012084960938
2015-04-27 04:00:00,0.5916767120361364
2015-04-28 04:00:00,-0.09861373901367543
2015-04-29 04:00:00,-0.14412689208984375
2015-04-30 04:00:00,0.4703083038330078
2015-05-01 04:00:00,0.561334609985348
2015-05-04 04:00:00,0.037927627563480115
2015-05-05 04:00:00,-0.2427387237548828
2015-05-06 04:00:00,-0.5385799407958984
2015-05-07 04:00:00,-0.09861183166504262
2015-05-08 04:00:00,0.34135437011719105
2015-05-11 04:00:00,0.7206306457519531
2015-05-12 04:00:00,0.022756576538085938
2015-05-13 04:00:00,-0.0075855255126953125
2015-05-14 04:00:00,-0.022756576538085938
2015-05-15 04:00:00,-0.015171051025390625
2015-05-18 04:00:00,0.21998214721679688
2015-05-19 04:00:00,-0.34893798828125
2015-05-20 04:00:00,-0.07585525512695312
2015-05-21 04:00:00,0.6144332885742188
2015-05-22 04:00:00,0.19722557067871094
2015-05-26 04:00:00,0.37928199768066406
2015-05-27 04:00:00,-0.5840930938720739
2015-05-28 04:00:00,-0.4627208709716797
2015-05-29 04:00:00,-0.03034400939941051
2015-06-01 04:00:00,-0.5006484985351562
2015-06-02 04:00:00,-0.4172096252441406
2015-06-03 04:00:00,0.2806682586669922
2015-06-04 04:00:00,-0.25032615661621094
2015-06-05 04:00:00,-0.03792762756347656
2015-06-08 04:00:00,-0.08344078063964844
2015-06-09 04:00:00,-0.1441268920898402
2015-06-10 04:00:00,0.15171432495116832
2015-06-11 04:00:00,0.03792572021484375
2015-06-12 04:00:00,0.2351531982421875
2015-06-15 04:00:00,-0.3565216064453125
2015-06-16 04:00:00,0.25790977478027344
2015-06-17 04:00:00,0.015171051025390625
2015-06-18 04:00:00,-0.136541366577152
2015-06-19 04:00:00,0.9406147003173864
2015-06-22 04:00:00,0.0834426879882777
2015-06-23 04:00:00,0.05309867858887074
2015-06-24 04:00:00,-0.40203857421875
2015-06-25 04:00:00,-0.2579078674316406
2015-06-26 04:00:00,-0.7282180786132812
2015-06-29 04:00:00,-0.40203857421875
2015-06-30 04:00:00,-0.31859588623046875
2015-07-01 04:00:00,0.31859588623046875
2015-07-02 04:00:00,-0.10619735717773438
2015-07-06 04:00:00,-0.37928199768066406
2015-07-07 04:00:00,0.3565235137939453
2015-07-08 04:00:00,-0.5840892791748047
2015-07-09 04:00:00,0.022754669189453125
2015-07-10 04:00:00,0.08344268798828125
2015-07-13 04:00:00,0.2351531982421875
2015-07-14 04:00:00,0.20481109619140625
2015-07-15 04:00:00,-0.6599483489990234
2015-07-16 04:00:00,-0.2882518768310547
2015-07-17 04:00:00,-0.15171241760253906
2015-07-20 04:00:00,-0.5082359313964844
2015-07-21 04:00:00,-0.15171051025390625
2015-07-22 04:00:00,-0.24273967742919744
2015-07-23 04:00:00,-0.4096240997314471
2015-07-24 04:00:00,-0.32618141174316584
2015-07-27 04:00:00,-0.11378383636474432
2015-07-28 04:00:00,0.31101036071777344
2015-07-29 04:00:00,0.2199840545654297
2015-07-30 04:00:00,1.3729934692382812
2015-07-31 04:00:00,-0.21239662170410156
2015-08-03 04:00:00,0.2958393096923828
2015-08-04 04:00:00,0.2806663513183594
2015-08-05 04:00:00,0.0075836181640625
2015-08-06 04:00:00,0.10619926452636719
2015-08-07 04:00:00,0.007587432861328125
2015-08-10 04:00:00,0.03792762756347656
2015-08-11 04:00:00,-0.4172096252441406
2015-08-12 04:00:00,0.48547935485839844
2015-08-13 04:00:00,0.0531005859375
2015-08-14 04:00:00,0.06827163696289062
2015-08-17 04:00:00,0.08343887329101562
2015-08-18 04:00:00,-0.08343887329101562
2015-08-19 04:00:00,-0.5461654663085938
2015-08-20 04:00:00,-0.13654136657714844
2015-08-21 04:00:00,-0.045513153076171875
2015-08-24 04:00:00,-0.8495874404907227
2015-08-25 04:00:00,-0.4172105789184588
2015-08-26 04:00:00,0.106201171875
2015-08-27 04:00:00,0.3034238815307635
2015-08-28 04:00:00,0.030341148376464844
2015-08-31 04:00:00,0.12895488739013672
2015-09-01 04:00:00,-0.819244384765625
2015-09-02 04:00:00,0.3944501876831037
2015-09-03 04:00:00,0.32618331909179865
2015-09-04 04:00:00,-0.2351541519165039
2015-09-08 04:00:00,0.06826972961425781
2015-09-09 04:00:00,0.015170097351074219
2015-09-10 04:00:00,0.15171432495117188
2015-09-11 04:00:00,0.16688251495361328
2015-09-14 04:00:00,-0.0075855255126953125
2015-09-15 04:00:00,0.1744699478149414
2015-09-16 04:00:00,0.20480918884277344
2015-09-17 04:00:00,-0.022754669189453125
2015-09-18 04:00:00,-0.4096240997314453
2015-09-21 04:00:00,0.09861373901367188
2015-09-22 04:00:00,-0.5689201354980487
2015-09-23 04:00:00,0.15171051025390803
2015-09-24 04:00:00,0.2882537841796875
2015-09-25 04:00:00,0.060685157775878906
2015-09-28 04:00:00,-0.7130479812622053
2015-09-29 04:00:00,0.16688537597656072
2015-09-30 04:00:00,0.3565225601196289
2015-10-01 04:00:00,-0.015172004699707031
2015-10-02 04:00:00,-0.6902904510498029
2015-10-05 04:00:00,0.1517124176025373
2015-10-06 04:00:00,-0.053099632263183594
2015-10-07 04:00:00,-0.3185958862304705
2015-10-08 04:00:00,0.6978759765625
2015-10-09 04:00:00,0.33376884460449396
2015-10-12 04:00:00,-0.33376884460449396
2015-10-13 04:00:00,-0.9254417419433576
2015-10-14 04:00:00,-0.37928199768066406
2015-10-15 04:00:00,-0.4703083038330078
2015-10-16 04:00:00,0.6523628234863281
2015-10-19 04:00:00,-0.280667304992674
2015-10-20 04:00:00,0.29584026336669744
2015-10-21 04:00:00,0.09861087799072266
2015-10-22 04:00:00,0.38686656951904297
2015-10-23 04:00:00,0.03792762756347656
2015-10-26 04:00:00,-0.2806673049926758
2015-10-27 04:00:00,-0.0075855255126953125
2015-10-28 04:00:00,0.037927627563474786
2015-10-29 04:00:00,-0.6144342422485334
2015-10-30 04:00:00,0.3185958862304705
2015-11-02 05:00:00,0.1668834686279279
2015-11-03 05:00:00,0.2806673049926758
2015-11-04 05:00:00,0.38686561584472834
2015-11-05 05:00:00,0.48548030853271307
2015-11-06 05:00:00,-0.3944530487060547
2015-11-09 05:00:00,-0.1668834686279297
2015-11-10 05:00:00,0.1517143249511701
2015-11-11 05:00:00,-0.2199840545654279
2015-11-12 05:00:00,-0.7661466598510742
2015-11-13 05:00:00,-0.1668834686279297
2015-11-16 05:00:00,0.3413524627685547
2015-11-17 05:00:00,-0.037926673889160156
2015-11-18 05:00:00,0.3337650299072248
2015-11-19 05:00:00,-0.18205451965331854
2015-11-20 05:00:00,-0.09102725982666016
2015-11-23 05:00:00,0.9482011795043963
2015-11-24 05:00:00,0.09861373901367188
2015-11-25 05:00:00,0.4020366668701154
2015-11-27 05:00:00,-0.03792762756347656
2015-11-30 05:00:00,0.3944520950317383
2015-12-01 05:00:00,-0.227569580078125
2015-12-02 05:00:00,-0.2806663513183594
2015-12-03 05:00:00,0.9406147003173828
2015-12-04 05:00:00,-0.045513153076171875
2015-12-07 05:00:00,-0.06826972961425781
2015-12-08 05:00:00,0.4247913360595703
2015-12-09 05:00:00,0.12895774841308594
2015-12-10 05:00:00,-0.060688018798828125
2015-12-11 05:00:00,-0.8420009613037109
2015-12-14 05:00:00,-0.2503242492675781
2015-12-15 05:00:00,0.20481109619140625
2015-12-16 05:00:00,-0.19722557067871094
2015-12-17 05:00:00,-0.0075855255126953125
2015-12-18 05:00:00,0.121368408203125
2015-12-21 05:00:00,0.4551372528076172
2015-12-22 05:00:00,0.2958393096923828
2015-12-23 05:00:00,0.1668834686279297
2015-12-24 05:00:00,-0.030344009399414062
2015-12-28 05:00:00,0.030344009399414062
2015-12-29 05:00:00,-0.022756576538085938
2015-12-30 05:00:00,-0.13654136657714844
2015-12-31 05:00:00,-0.174468994140625
2016-01-04 05:00:00,-0.1592998504638672
2016-01-05 05:00:00,0.30342674255371094
2016-01-06 05:00:00,-0.15929794311523438
2016-01-07 05:00:00,0.07585334777832031
2016-01-08 05:00:00,0.5613365173339844
2016-01-11 05:00:00,0.2882556915283203
2016-01-12 05:00:00,0.3489341735839844
2016-01-13 05:00:00,-0.13653945922851562
2016-01-14 05:00:00,-0.40203857421875
2016-01-15 05:00:00,-0.9026851654052734
2016-01-19 05:00:00,-0.21239852905273438
2016-01-20 05:00:00,-0.19722366333007812
2016-01-21 05:00:00,-0.1668853759765625
2016-01-22 05:00:00,0.43238067626953125
2016-01-25 05:00:00,-0.15929794311523438
2016-01-26 05:00:00,0.15171241760253906
2016-01-27 05:00:00,-0.045513153076171875
2016-01-28 05:00:00,0.10619735717773438
2016-01-29 05:00:00,0.3413524627685547
2016-02-01 05:00:00,0.38686561584472656
2016-02-02 05:00:00,-0.43238067626953125
2016-02-03 05:00:00,-0.045513153076171875
2016-02-04 05:00:00,0.1820545196533203
2016-02-05 05:00:00,-0.03792572021484375
2016-02-08 05:00:00,0.33376502990722656
2016-02-09 05:00:00,-0.44754981994628906
2016-02-10 05:00:00,0.25791168212890625
2016-02-11 05:00:00,-1.0923290252685547
2016-02-12 05:00:00,0.7813186645507812
2016-02-16 05:00:00,0.6675319671630859
2016-02-17 05:00:00,0.3565235137939453
2016-02-18 05:00:00,-0.2958393096923828
2016-02-19 05:00:00,-0.20481109619140625
2016-02-22 05:00:00,0.18964004516601562
2016-02-23 05:00:00,0.2882556915283203
2016-02-24 05:00:00,-0.19722747802734375
2016-02-25 05:00:00,0.470306396484375
2016-02-26 05:00:00,0.0
2016-02-29 05:00:00,0.5613384246826172
2016-03-01 05:00:00,-0.4172115325927699
2016-03-02 05:00:00,0.3185958862304652
2016-03-03 05:00:00,0.3489398956298828
2016-03-04 05:00:00,-0.07585716247558594
2016-03-07 05:00:00,0.015171051025390625
2016-03-08 05:00:00,0.06068611145019531
2016-03-09 05:00:00,-0.11378669738769887
2016-03-10 05:00:00,-0.4551353454589808
2016-03-11 05:00:00,0.39444923400878906
2016-03-14 04:00:00,-0.29583549499511363
2016-03-15 04:00:00,-0.34135437011719105
2016-03-16 04:00:00,0.0834426879882848
2016-03-17 04:00:00,0.9406147003173793
2016-03-18 04:00:00,0.06826972961426137
2016-03-21 04:00:00,-0.30342292785644887
2016-03-22 04:00:00,-0.34135246276855113
2016-03-23 04:00:00,-0.02275657653808949
2016-03-24 04:00:00,-0.136541366577152
2016-03-28 04:00:00,0.21998214721680043
2016-03-29 04:00:00,0.4475517272949219
2016-03-30 04:00:00,0.2958393096923828
2016-03-31 04:00:00,0.030340194702144885
2016-04-01 04:00:00,0.5461635589599645
2016-04-04 04:00:00,-0.1896381378173828
2016-04-05 04:00:00,-0.18205642700194957
2016-04-06 04:00:00,0.2730827331542933
2016-04-07 04:00:00,-0.07585716247558594
2016-04-08 04:00:00,-0.27308082580566406
2016-04-11 04:00:00,-0.136541366577152
2016-04-12 04:00:00,0.22756767272949574
2016-04-13 04:00:00,0.09102821350097656
2016-04-14 04:00:00,-0.5461635589599609
2016-04-15 04:00:00,0.03034210205078125
2016-04-18 04:00:00,-0.15929603576660156
2016-04-19 04:00:00,-0.3944530487060547
2016-04-20 04:00:00,-0.3944511413574254
2016-04-21 04:00:00,-0.15929794311523082
2016-04-22 04:00:00,0.2427387237548828
2016-04-25 04:00:00,-0.20480918884277344
2016-04-26 04:00:00,-0.06068611145019531
2016-04-27 04:00:00,-0.09102630615234375
2016-04-28 04:00:00,2.214996337890625
2016-04-29 04:00:00,0.3868656158447301
2016-05-02 04:00:00,0.4475498199462855
2016-05-03 04:00:00,-0.2806682586669922
2016-05-04 04:00:00,0.0
2016-05-05 04:00:00,-0.6296043395996094
2016-05-06 04:00:00,1.0250415802001989
2016-05-09 04:00:00,0.6353530883789027
2016-05-10 04:00:00,0.38968467712402344
2016-05-11 04:00:00,0.008472442626953125
2016-05-12 04:00:00,-0.025415420532226562
2016-05-13 04:00:00,-0.18637084960937145
2016-05-16 04:00:00,0.211786270141598
2016-05-17 04:00:00,-0.5929985046386719
2016-05-18 04:00:00,-0.29649925231933594
2016-05-19 04:00:00,0.12707138061523082
2016-05-20 04:00:00,-0.09318542480468395
2016-05-23 04:00:00,-0.008472442626953125
2016-05-24 04:00:00,0.0423583984375
2016-05-25 04:00:00,-0.4320411682128906
2016-05-26 04:00:00,0.5252265930175781
2016-05-27 04:00:00,-0.2371997833251953
2016-05-31 04:00:00,0.025415420532226562
2016-06-01 04:00:00,0.016941070556640625
2016-06-02 04:00:00,0.0423583984375
2016-06-03 04:00:00,0.05082702636718395
2016-06-06 04:00:00,-0.3812141418456996
2016-06-07 04:00:00,-0.09318351745605824
2016-06-08 04:00:00,-0.07624244689941051
2016-06-09 04:00:00,0.5421676635742188
2016-06-10 04:00:00,-0.042354583740234375
2016-06-13 04:00:00,-0.4998130798339844
2016-06-14 04:00:00,0.01694297790527699
2016-06-15 04:00:00,0.042356491088863635
2016-06-16 04:00:00,0.41509819030762074
2016-06-17 04:00:00,-0.23719978332519887
2016-06-20 04:00:00,0.1779003143310547
2016-06-21 04:00:00,0.12706947326660156
2016-06-22 04:00:00,0.10165977478026988
2016-06-23 04:00:00,0.2371978759765625
2016-06-24 04:00:00,-0.24567031860351207
2016-06-27 04:00:00,-0.6607685089111328
2016-06-28 04:00:00,-0.08471488952636719
2016-06-29 04:00:00,-0.25414276123046875
2016-06-30 04:00:00,1.3215389251708984
2016-07-01 04:00:00,-0.4574546813964844
2016-07-05 04:00:00,-0.38968658447265625
2016-07-06 04:00:00,0.7200698852539062
2016-07-07 04:00:00,0.41509819030761363
2016-07-08 04:00:00,-0.02541351318359375
2016-07-11 04:00:00,-0.2626132965087855
2016-07-12 04:00:00,-0.0677719116210973
2016-07-13 04:00:00,-0.2117843627929652
2016-07-14 04:00:00,0.1355419158935547
2016-07-15 04:00:00,-0.11859893798828125
2016-07-18 04:00:00,-0.20331382751464844
2016-07-19 04:00:00,0.13554191589355113
2016-07-20 04:00:00,0.01694488525390625
2016-07-21 04:00:00,0.05929946899414773
2016-07-22 04:00:00,0.008470535278320312
2016-07-25 04:00:00,0.2541408538818324
2016-07-26 04:00:00,-0.2626113891601527
2016-07-27 04:00:00,-0.7285404205322301
2016-07-28 04:00:00,-0.4913406372070348
2016-07-29 04:00:00,-0.41510009765624645
2016-08-01 04:00:00,-0.008472442626956678
2016-08-02 04:00:00,-0.31344032287596946
2016-08-03 04:00:00,0.23719978332519176
2016-08-04 04:00:00,0.12706947326660156
2016-08-05 04:00:00,-0.2541408538818324
2016-08-08 04:00:00,0.09318542480468395
2016-08-09 04:00:00,0.0508270263671875
2016-08-10 04:00:00,-0.21178436279296875
2016-08-11 04:00:00,-0.10165786743163707
2016-08-12 04:00:00,-0.05082702636719105
2016-08-15 04:00:00,-0.04235649108886719
2016-08-16 04:00:00,-0.15248680114746094
2016-08-17 04:00:00,0.5252265930175781
2016-08-18 04:00:00,0.29649925231933594
2016-08-19 04:00:00,0.059299468994140625
2016-08-22 04:00:00,0.2795581817626953
2016-08-23 04:00:00,-0.33885765075683594
2016-08-24 04:00:00,-0.2287273406982422
2016-08-25 04:00:00,0.29649925231933594
2016-08-26 04:00:00,-0.609939575195316
2016-08-29 04:00:00,0.12706947326660512
2016-08-30 04:00:00,0.10165786743164062
2016-08-31 04:00:00,-0.02541351318359375
2016-09-01 04:00:00,-0.08471488952636719
2016-09-02 04:00:00,0.4743976593017578
2016-09-06 04:00:00,-0.5675830841064418
2016-09-07 04:00:00,0.05082893371581676
2016-09-08 04:00:00,-0.1440143585205078
2016-09-09 04:00:00,-1.1605815887451172
2016-09-12 04:00:00,0.08471298217773438
2016-09-13 04:00:00,-0.3812103271484375
2016-09-14 04:00:00,-0.06777381896972656
2016-09-15 04:00:00,0.08471298217773438
2016-09-16 04:00:00,-0.22025489807128906
2016-09-19 04:00:00,0.44898414611816406
2016-09-20 04:00:00,-0.11859893798828125
2016-09-21 04:00:00,-0.025415420532226562
2016-09-22 04:00:00,0.033885955810546875
2016-09-23 04:00:00,-0.20331382751464844
2016-09-26 04:00:00,-0.0508270263671875
2016-09-27 04:00:00,0.0
2016-09-28 04:00:00,0.0931854248046875
2016-09-29 04:00:00,-0.06777191162109375
2016-09-30 04:00:00,0.16095733642578125
2016-10-03 04:00:00,0.2371978759765625
2016-10-04 04:00:00,-0.8132534027099609
2016-10-05 04:00:00,0.3388557434082031
2016-10-06 04:00:00,0.228729248046875
2016-10-07 04:00:00,-0.8047847747802734
2016-10-10 04:00:00,0.6099414825439453
2016-10-11 04:00:00,0.11012840270996094
2016-10-12 04:00:00,-0.07624435424804688
2016-10-13 04:00:00,0.008472442626953125
2016-10-14 04:00:00,-0.1779003143310547
2016-10-17 04:00:00,0.15248680114746094
2016-10-18 04:00:00,0.02541351318359375
2016-10-19 04:00:00,-0.016942977905273438
2016-10-20 04:00:00,-0.6099414825439453
2016-10-21 04:00:00,0.3642711639404297
2016-10-24 04:00:00,0.2880268096923828
2016-10-25 04:00:00,-0.04235649108886719
2016-10-26 04:00:00,-0.20331192016601562
2016-10-27 04:00:00,0.3303813934326172
2016-10-28 04:00:00,0.49134063720703125
2016-10-31 04:00:00,0.16943168640136363
2016-11-01 04:00:00,-0.042358398437492895
2016-11-02 04:00:00,-0.6014690399169957
2016-11-03 04:00:00,-0.05082893371582031
2016-11-04 04:00:00,-1.4486103057861328
2016-11-07 05:00:00,0.24567222595214844
2016-11-08 05:00:00,0.4743976593017578
2016-11-09 05:00:00,-0.44051361083984375
2016-11-10 05:00:00,-0.6692390441894531
2016-11-11 05:00:00,-0.059299468994140625
2016-11-14 05:00:00,0.5760536193847656
2016-11-15 05:00:00,-0.08471107482910156
2016-11-16 05:00:00,0.2371959686279297
2016-11-17 05:00:00,-0.8725528717041016
2016-11-18 05:00:00,-0.2541427612304705
2016-11-21 05:00:00,-0.03388404846191051
2016-11-22 05:00:00,-0.050829887390138495
2016-11-23 05:00:00,-0.3219118118286133
2016-11-25 05:00:00,0.29649925231933594
2016-11-28 05:00:00,-0.1694288253784162
2016-11-29 05:00:00,0.2710838317871076
2016-11-30 05:00:00,-0.5845241546630859
2016-12-01 05:00:00,-0.19484424591064453
2016-12-02 05:00:00,0.26261425018310547
2016-12-05 05:00:00,0.2456703186035174
2016-12-06 05:00:00,-0.06777095794677912
2016-12-07 05:00:00,0.40662670135498047
2016-12-08 05:00:00,-0.06777191162109375
2016-12-09 05:00:00,0.7200708389282227
2016-12-12 05:00:00,-0.186370849609375
2016-12-13 05:00:00,-0.10165691375732422
2016-12-14 05:00:00,-0.43204307556152344
2016-12-15 05:00:00,-0.245669364929201
2016-12-16 05:00:00,0.25414085388183594
2016-12-19 05:00:00,0.22025585174560725
2016-12-20 05:00:00,0.06777191162109375
2016-12-21 05:00:00,0.06777191162109375
2016-12-22 05:00:00,0.21178531646728516
2016-12-23 05:00:00,0.03388404846191406
2016-12-27 05:00:00,0.025415420532226562
2016-12-28 05:00:00,-0.186370849609375
2016-12-29 05:00:00,0.2287273406982422
2016-12-30 05:00:00,-0.0931854248046875
2017-01-03 05:00:00,0.34732627868652344
2017-01-04 05:00:00,0.2202587127685547
2017-01-05 05:00:00,-0.0423583984375
2017-01-06 05:00:00,-0.3812122344970703
2017-01-09 05:00:00,-0.44898414611816406
2017-01-10 05:00:00,-0.2795572280883789
2017-01-11 05:00:00,0.22025775909423828
2017-01-12 05:00:00,-0.05930042266845881
2017-01-13 05:00:00,0.06777000427246271
2017-01-17 05:00:00,0.11013126373291016
2017-01-18 05:00:00,0.0
2017-01-19 05:00:00,-0.2626152038574201
2017-01-20 05:00:00,0.1355419158935529
2017-01-23 05:00:00,0.11860084533691406
2017-01-24 05:00:00,0.1355419158935547
2017-01-25 05:00:00,0.059299468994140625
2017-01-26 05:00:00,-0.2880277633666992
2017-01-27 05:00:00,0.15248584747314453
2017-01-30 05:00:00,0.025414466857910156
2017-01-31 05:00:00,0.29649829864501953
2017-02-01 05:00:00,0.16942787170410156
2017-02-02 05:00:00,0.06777191162109375
2017-02-03 05:00:00,0.0
2017-02-06 05:00:00,-0.6607713699340803
2017-02-07 05:00:00,0.033886909484861505
2017-02-08 05:00:00,0.0592994689941424
2017-02-09 05:00:00,1.567211151123045
2017-02-10 05:00:00,-0.1440143585205078
2017-02-13 05:00:00,0.07624244689941406
2017-02-14 05:00:00,-0.16095924377441406
2017-02-15 05:00:00,0.2202587127685547
2017-02-16 05:00:00,-0.01694488525390625
2017-02-17 05:00:00,0.084716796875
2017-02-21 05:00:00,-0.11859893798828125
2017-02-22 05:00:00,-0.050830841064453125
2017-02-23 05:00:00,0.15248489379882812
2017-02-24 05:00:00,-0.1863689422607422
2017-02-27 05:00:00,0.11859703063964844
2017-02-28 05:00:00,-0.16095542907714844
2017-03-01 05:00:00,0.24567222595214844
2017-03-02 05:00:00,0.016941070556640625
2017-03-03 05:00:00,0.22025680541992188
2017-03-06 05:00:00,-0.21178436279296875
2017-03-07 05:00:00,0.02541351318359375
2017-03-08 05:00:00,0.1779003143310547
2017-03-09 05:00:00,0.1355419158935547
2017-03-10 05:00:00,0.35579872131347656
2017-03-13 04:00:00,-0.025415420532226562
2017-03-14 04:00:00,-0.008470535278320312
2017-03-15 04:00:00,0.32191276550292613
2017-03-16 04:00:00,-0.17790031433105113
2017-03-17 04:00:00,0.11860084533691762
2017-03-20 04:00:00,-0.0677719116210973
2017-03-21 04:00:00,-0.0084686279296875
2017-03-22 04:00:00,0.21178245544433594
2017-03-23 04:00:00,0.12707138061523438
2017-03-24 04:00:00,0.13554191589355113
2017-03-27 04:00:00,0.04235649108887074
2017-03-28 04:00:00,-0.008472442626956678
2017-03-29 04:00:00,0.11013221740723012
2017-03-30 04:00:00,-0.016944885253909803
2017-03-31 04:00:00,0.08471298217773793
2017-04-03 04:00:00,-0.07624053955078125
2017-04-04 04:00:00,0.02541351318359375
2017-04-05 04:00:00,0.059299468994140625
2017-04-06 04:00:00,0.22872924804687145
2017-04-07 04:00:00,-0.08471488952636363
2017-04-10 04:00:00,0.059299468994140625
2017-04-11 04:00:00,0.042356491088863635
2017-04-12 04:00:00,0.008470535278323865
2017-04-13 04:00:00,0.0
2017-04-17 04:00:00,0.1779003143310547
2017-04-18 04:00:00,0.11859893798828125
2017-04-19 04:00:00,0.20331382751464844
2017-04-20 04:00:00,0.12707138061523438
2017-04-21 04:00:00,1.601095199584961
2017-04-24 04:00:00,0.27955627441405895
2017-04-25 04:00:00,-0.042358398437492895
2017-04-26 04:00:00,0.14401435852050426
2017-04-27 04:00:00,0.1440143585205078
2017-04-28 04:00:00,-0.09318733215332031
2017-05-01 04:00:00,-0.3727397918701172
2017-05-02 04:00:00,-0.1948413848876953
2017-05-03 04:00:00,0.0084686279296875
2017-05-04 04:00:00,-0.40662574768066406
2017-05-05 04:00:00,0.19484329223632812
2017-05-08 04:00:00,-0.25414276123046875
2017-05-09 04:00:00,-0.03388786315917969
2017-05-10 04:00:00,-0.43203926086425426
2017-05-11 04:00:00,0.5252265930175746
2017-05-12 04:00:00,0.0423583984375
2017-05-15 04:00:00,-0.42357063293456676
2017-05-16 04:00:00,-0.2033157348632848
2017-05-17 04:00:00,-0.11859893798828125
2017-05-18 04:00:00,-0.06777000427246094
2017-05-19 04:00:00,-0.07624435424804688
2017-05-22 04:00:00,0.11860084533691762
2017-05-23 04:00:00,-0.4405117034912145
2017-05-24 04:00:00,0.33038330078125355
2017-05-25 04:00:00,-0.5082836151123118
2017-05-26 04:00:00,0.2541427612304723
2017-05-30 04:00:00,-0.4150981903076172
2017-05-31 04:00:00,0.1948413848876953
2017-06-01 04:00:00,-0.11012840270995738
2017-06-02 04:00:00,-0.08471298217773793
2017-06-05 04:00:00,0.02541351318359375
2017-06-06 04:00:00,0.23719978332519176
2017-06-07 04:00:00,0.8132534027099645
2017-06-08 04:00:00,0.2371997833251953
2017-06-09 04:00:00,-0.3134422302246094
2017-06-12 04:00:00,0.04235649108886719
2017-06-13 04:00:00,0.059299468994140625
2017-06-14 04:00:00,-0.016941070556640625
2017-06-15 04:00:00,-0.3134422302246058
2017-06-16 04:00:00,-0.3981571197509801
2017-06-19 04:00:00,0.025415420532226562
2017-06-20 04:00:00,-0.09318733215332031
2017-06-21 04:00:00,-0.05929946899414418
2017-06-22 04:00:00,-0.33038139343261363
2017-06-23 04:00:00,-0.08471488952637074
2017-06-26 04:00:00,-0.37274360656737926
2017-06-27 04:00:00,-0.2456684112548828
2017-06-28 04:00:00,-0.1270732879638672
2017-06-29 04:00:00,-0.11859893798828125
2017-06-30 04:00:00,0.08471488952636719
2017-07-03 04:00:00,-0.016942977905273438
2017-07-05 04:00:00,-0.16095733642578125
2017-07-06 04:00:00,-0.144012451171875
2017-07-07 04:00:00,-0.20331573486328125
2017-07-10 04:00:00,-0.474395751953125
2017-07-11 04:00:00,0.0508270263671875
2017-07-12 04:00:00,0.6522960662841761
2017-07-13 04:00:00,0.7370128631591868
2017-07-14 04:00:00,0.0
2017-07-17 04:00:00,0.11012840270995738
2017-07-18 04:00:00,-0.31344032287597656
2017-07-19 04:00:00,0.24567031860351207
2017-07-20 04:00:00,-0.03388595581054332
2017-07-21 04:00:00,0.025413513183597303
2017-07-24 04:00:00,0.20331382751464488
2017-07-25 04:00:00,0.6607685089111293
2017-07-26 04:00:00,0.42357063293457387
2017-07-27 04:00:00,0.10165596008300781
2017-07-28 04:00:00,0.08471488952636719
2017-07-31 04:00:00,0.05930137634277344
2017-08-01 04:00:00,-0.10165786743164418
2017-08-02 04:00:00,0.3812122344970703
2017-08-03 04:00:00,0.5421695709228516
2017-08-04 04:00:00,0.1609573364257848
2017-08-07 04:00:00,0.47439765930176137
2017-08-08 04:00:00,-0.2117843627929723
2017-08-09 04:00:00,0.3642692565917969
2017-08-10 04:00:00,0.38968467712402344
2017-08-11 04:00:00,0.245672225952152
2017-08-14 04:00:00,0.37273979187011363
2017-08-15 04:00:00,0.48287010192871094
2017-08-16 04:00:00,0.5591125488281214
2017-08-17 04:00:00,-0.4913406372070277
2017-08-18 04:00:00,0.1185989379882848
2017-08-21 04:00:00,0.2117843627929652
2017-08-22 04:00:00,0.46592712402343395
2017-08-23 04:00:00,0.11860084533692117
2017-08-24 04:00:00,-0.44051361083984375
2017-08-25 04:00:00,-0.1609573364257848
2017-08-28 04:00:00,0.21178436279296875
2017-08-29 04:00:00,0.0677719116210973
2017-08-30 04:00:00,0.4320411682128871
2017-08-31 04:00:00,0.1779003143310547
2017-09-01 04:00:00,0.0508270263671875
2017-09-05 04:00:00,-0.8301944732666016
2017-09-06 04:00:00,0.17789840698242188
2017-09-07 04:00:00,0.24567031860351562
2017-09-08 04:00:00,0.059299468994140625
2017-09-11 04:00:00,-0.7878398895263636
2017-09-12 04:00:00,0.6946525573730433
2017-09-13 04:00:00,-0.03388404846191406
2017-09-14 04:00:00,-0.20331573486328125
2017-09-15 04:00:00,0.7200717926025391
2017-09-18 04:00:00,-0.016942977905269885
2017-09-19 04:00:00,-0.5336990356445312
2017-09-20 04:00:00,0.10165786743163707
2017-09-21 04:00:00,-0.37274169921874645
2017-09-22 04:00:00,0.0677719116210902
2017-09-25 04:00:00,0.12706947326660156
2017-09-26 04:00:00,-0.0508270263671875
2017-09-27 04:00:00,-0.03388786315917969
2017-09-28 04:00:00,-0.2626132965087926
2017-09-29 04:00:00,0.0
2017-10-02 04:00:00,1.0504531860351598
2017-10-03 04:00:00,-0.7285385131835973
2017-10-04 04:00:00,0.8301982879638707
2017-10-05 04:00:00,-0.5252285003662109
2017-10-06 04:00:00,-0.3388557434082031
2017-10-09 04:00:00,0.18637084960937145
2017-10-10 04:00:00,-0.05929946899413352
2017-10-11 04:00:00,0.11860084533691051
2017-10-12 04:00:00,0.2456684112548828
2017-10-13 04:00:00,-0.17789840698241832
2017-10-16 04:00:00,0.17789840698241832
2017-10-17 04:00:00,0.2626113891601527
2017-10-18 04:00:00,0.787841796875
2017-10-19 04:00:00,-0.06777000427245383
2017-10-20 04:00:00,0.46592712402343395
2017-10-23 04:00:00,-0.1440143585205078
2017-10-24 04:00:00,-0.15248489379882812
2017-10-25 04:00:00,0.15248489379882812
2017-10-26 04:00:00,0.15248489379882812
2017-10-27 04:00:00,0.1355419158935547
2017-10-30 04:00:00,-0.0931854248046875
2017-10-31 04:00:00,0.5760555267333984
2017-11-01 04:00:00,-0.16095542907714844
2017-11-02 04:00:00,0.02541351318359375
2017-11-03 04:00:00,-0.19484329223633168
2017-11-06 05:00:00,-0.7370109558105433
2017-11-07 05:00:00,-0.05082893371582031
2017-11-08 05:00:00,2.2618637084960938
2017-11-09 05:00:00,0.6692390441894531
2017-11-10 05:00:00,0.5167560577392543
2017-11-13 05:00:00,-0.4150962829589808
2017-11-14 05:00:00,0.16942787170410156
2017-11-15 05:00:00,-0.08471488952637074
2017-11-16 05:00:00,0.7115974426269567
2017-11-17 05:00:00,0.02541351318359375
2017-11-20 05:00:00,0.3812122344970703
2017-11-21 05:00:00,0.12707138061523438
2017-11-22 05:00:00,-0.2541408538818395
2017-11-24 05:00:00,0.11012649536132812
2017-11-27 05:00:00,0.16095924377441762
2017-11-28 05:00:00,0.11859893798828125
2017-11-29 05:00:00,0.3727378845214879
2017-11-30 05:00:00,0.38968658447265625
2017-12-01 05:00:00,0.5167522430419851
2017-12-04 05:00:00,0.2287311553955078
2017-12-05 05:00:00,-0.22025489807128196
2017-12-06 05:00:00,0.3896827697753871
2017-12-07 05:00:00,-0.40662574768066406
2017-12-08 05:00:00,-0.10165596008300781
2017-12-11 05:00:00,-1.058925628662113
2017-12-12 05:00:00,-0.29650115966796164
2017-12-13 05:00:00,-0.4574546813964879
2017-12-14 05:00:00,-1.990777969360348
2017-12-15 05:00:00,-0.44051361083984375
2017-12-18 05:00:00,0.6777114868164027
2017-12-19 05:00:00,-0.5845241546630824
2017-12-20 05:00:00,0.13554000854492188
2017-12-21 05:00:00,-0.8725528717041087
2017-12-22 05:00:00,0.03388595581055043
2017-12-26 05:00:00,0.0931854248046875
2017-12-27 05:00:00,-0.1863727569580078
2017-12-28 05:00:00,0.25414276123046875
2017-12-29 05:00:00,-0.4659271240234375
2018-01-02 05:00:00,-0.7454814910888672
2018-01-03 05:00:00,-0.39815711975097656
2018-01-04 05:00:00,-0.20331382751464844
2018-01-05 05:00:00,-0.033884048461917615
2018-01-08 05:00:00,0.652297973632816
2018-01-09 05:00:00,-0.186370849609375
2018-01-10 05:00:00,-0.0423583984375
2018-01-11 05:00:00,-0.35579872131347656
2018-01-12 05:00:00,0.15248680114746094
2018-01-16 05:00:00,0.05082702636718395
2018-01-17 05:00:00,-0.2795562744140554
2018-01-18 05:00:00,0.05929946899413707
2018-01-19 05:00:00,1.041982650756836
2018-01-22 05:00:00,0.4235706329345703
2018-01-23 05:00:00,-0.21178627014160512
2018-01-24 05:00:00,-0.4405117034912074
2018-01-25 05:00:00,-0.1779003143310547
2018-01-26 05:00:00,0.36427116394043324
2018-01-29 05:00:00,-1.0589256286621094
2018-01-30 05:00:00,0.16942977905273082
2018-01-31 05:00:00,-1.5672092437744105
2018-02-01 05:00:00,0.2541408538818324
2018-02-02 05:00:00,-0.5421676635742188
2018-02-05 05:00:00,-1.1690540313720703
2018-02-06 05:00:00,0.08471298217773438
2018-02-07 05:00:00,-0.43204307556152344
2018-02-08 05:00:00,-0.4235687255859375
2018-02-09 05:00:00,0.06777191162109375
2018-02-12 05:00:00,0.06777000427246094
2018-02-13 05:00:00,-0.1355419158935547
2018-02-14 05:00:00,0.3812141418457067
2018-02-15 05:00:00,0.770898818969723
2018-02-16 05:00:00,0.4235687255859375
2018-02-20 05:00:00,-0.5252285003662109
2018-02-21 05:00:00,-1.2876510620117188
2018-02-22 05:00:00,0.059299468994140625
2018-02-23 05:00:00,0.06777191162109375
2018-02-26 05:00:00,0.34732627868652344
2018-02-27 05:00:00,-0.18637084960937145
2018-02-28 05:00:00,0.0
2018-03-01 05:00:00,-0.22872734069824574
2018-03-02 05:00:00,0.15248680114745738
2018-03-05 05:00:00,-0.6861858367919886
2018-03-06 05:00:00,-0.16095542907714844
2018-03-07 05:00:00,0.16095542907714844
2018-03-08 05:00:00,-0.06777000427246094
2018-03-09 05:00:00,0.44898414611816406
2018-03-12 04:00:00,-0.5506401062011719
2018-03-13 04:00:00,0.34732627868652344
2018-03-14 04:00:00,1.0673980712890625
2018-03-15 04:00:00,-0.7793712615966832
2018-03-16 04:00:00,0.49134254455566406
2018-03-19 04:00:00,0.42356872558594105
2018-03-20 04:00:00,-0.6438255310058594
2018-03-21 04:00:00,-0.2371997833251953
2018-03-22 04:00:00,-0.6692390441894531
2018-03-23 04:00:00,-0.3049697875976598
2018-03-26 04:00:00,0.8894958496093786
2018-03-27 04:00:00,0.059299468994140625
2018-03-28 04:00:00,0.03388595581055043
2018-03-29 04:00:00,-0.24567031860352273
2018-04-02 04:00:00,-0.4998130798339844
2018-04-03 04:00:00,0.08471298217773793
2018-04-04 04:00:00,0.4743995666503906
2018-04-05 04:00:00,-1.0165691375732422
2018-04-06 04:00:00,0.20331382751464844
2018-04-09 04:00:00,-0.016941070556640625
2018-04-10 04:00:00,0.2964973449707031
2018-04-11 04:00:00,-0.16095542907714844
2018-04-12 04:00:00,0.016942977905273438
2018-04-13 04:00:00,-0.008470535278320312
2018-04-16 04:00:00,0.16942596435546875
2018-04-17 04:00:00,-0.28802680969237926
2018-04-18 04:00:00,-0.14401435852051137
2018-04-19 04:00:00,-0.45745658874511363
2018-04-20 04:00:00,-0.22872734069824574
2018-04-23 04:00:00,-0.21178245544433594
2018-04-24 04:00:00,0.15248298645019176
2018-04-25 04:00:00,0.12707138061523793
2018-04-26 04:00:00,0.30496978759765625
2018-04-27 04:00:00,-0.6268825531005859
2018-04-30 04:00:00,-0.7200679779052699
2018-05-01 04:00:00,0.008470535278320312
2018-05-02 04:00:00,-0.15248489379883523
2018-05-03 04:00:00,-0.7878398895263636
2018-05-04 04:00:00,0.34732627868652344
2018-05-07 04:00:00,0.11860084533691406
2018-05-08 04:00:00,0.09318351745605469
2018-05-09 04:00:00,0.059299468994140625
2018-05-10 04:00:00,0.2626152038574219
2018-05-11 04:00:00,0.16095542907714844
2018-05-14 04:00:00,-0.7878398895263672
2018-05-15 04:00:00,-0.02541351318359375
2018-05-16 04:00:00,0.3219127655029297
2018-05-17 04:00:00,0.3219146728515625
2018-05-18 04:00:00,-0.6692409515380859
2018-05-21 04:00:00,0.04235649108886719
2018-05-22 04:00:00,-0.0931854248046875
2018-05-23 04:00:00,0.1355419158935547
2018-05-24 04:00:00,0.1863689422607422
2018-05-25 04:00:00,-0.1863689422607422
2018-05-29 04:00:00,-0.02541351318359375
2018-05-30 04:00:00,-0.4066295623779297
2018-05-31 04:00:00,-0.7115955352783203
2018-06-01 04:00:00,-0.01694488525390625
2018-06-04 04:00:00,-0.06777000427246094
2018-06-05 04:00:00,0.228729248046875
2018-06-06 04:00:00,-0.16095924377441406
2018-06-07 04:00:00,0.4066295623779297
2018-06-08 04:00:00,0.2710838317871094
2018-06-11 04:00:00,0.20331382751464844
2018-06-12 04:00:00,-0.059299468994140625
2018-06-13 04:00:00,0.22025680541992188
2018-06-14 04:00:00,-0.033885955810546875
2018-06-15 04:00:00,0.49134063720703125
2018-06-18 04:00:00,-1.194467544555664
2018-06-19 04:00:00,0.4574565887451172
2018-06-20 04:00:00,-0.11860084533691406
2018-06-21 04:00:00,-0.2371978759765625
2018-06-22 04:00:00,-0.25414276123046875
2018-06-25 04:00:00,0.144012451171875
2018-06-26 04:00:00,0.44051361083984375
2018-06-27 04:00:00,-0.2371997833251953
2018-06-28 04:00:00,0.1863727569580078
2018-06-29 04:00:00,-0.1270732879638672
2018-07-02 04:00:00,-0.5252246856689453
2018-07-03 04:00:00,0.07624244689941406
2018-07-05 04:00:00,0.6268825531005859
2018-07-06 04:00:00,-0.008472442626953125
2018-07-09 04:00:00,-0.144012451171875
2018-07-10 04:00:00,-0.3388557434082031
2018-07-11 04:00:00,-0.3812141418457031
2018-07-12 04:00:00,-0.2710838317871094
2018-07-13 04:00:00,-0.22025585174560547
2018-07-16 04:00:00,0.38968372344970703
2018-07-17 04:00:00,-0.33038425445556463
2018-07-18 04:00:00,-0.3896837234497088
2018-07-19 04:00:00,-0.02541542053222834
2018-07-20 04:00:00,-0.016940116882322442
2018-07-23 04:00:00,-0.19484519958496094
2018-07-24 04:00:00,-0.17789745330810547
2018-07-25 04:00:00,0.17789745330810547
2018-07-26 04:00:00,0.05082988739013672
2018-07-27 04:00:00,0.08471393585205078
2018-07-30 04:00:00,-0.22872734069824396
2018-07-31 04:00:00,-0.11012935638427557
2018-08-01 04:00:00,-0.15248489379882812
2018-08-02 04:00:00,-0.0931844711303711
2018-08-03 04:00:00,0.5675830841064453
2018-08-06 04:00:00,-0.1440134048461914
2018-08-07 04:00:00,0.07624244689941406
2018-08-08 04:00:00,-0.5845260620117188
2018-08-09 04:00:00,0.016942977905273438
2018-08-10 04:00:00,0.21178436279296875
2018-08-13 04:00:00,-0.07624149322509766
2018-08-14 04:00:00,-0.025415420532226562
2018-08-15 04:00:00,0.12707042694091797
2018-08-16 04:00:00,0.30497074127197266
2018-08-17 04:00:00,0.33885574340820135
2018-08-20 04:00:00,0.008472442626956678
2018-08-21 04:00:00,-0.22872924804687678
2018-08-22 04:00:00,0.10165786743164062
2018-08-23 04:00:00,-0.19484233856201172
2018-08-24 04:00:00,0.2795572280883789
2018-08-27 04:00:00,-0.16942882537841975
2018-08-28 04:00:00,0.12706947326660512
2018-08-29 04:00:00,0.2541446685790998
2018-08-30 04:00:00,-0.23720073699951172
2018-08-31 04:00:00,0.05929946899413885
2018-09-04 04:00:00,0.101656913757326
2018-09-05 04:00:00,0.03388500213623047
2018-09-06 04:00:00,0.20331287384033203
2018-09-07 04:00:00,-0.09318351745605469
2018-09-10 04:00:00,0.07624340057373047
2018-09-11 04:00:00,-0.11012840270995916
2018-09-12 04:00:00,0.2710828781127912
2018-09-13 04:00:00,-0.2795553207397461
2018-09-14 04:00:00,0.1779012680053711
2018-09-17 04:00:00,0.06776809692382812
2018-09-18 04:00:00,-0.16942787170410156
2018-09-19 04:00:00,-0.22025489807128906
2018-09-20 04:00:00,0.26261425018310547
2018-09-21 04:00:00,-0.22025775909423828
2018-09-24 04:00:00,0.12707138061523438
2018-09-25 04:00:00,-0.5929994583129883
2018-09-26 04:00:00,-0.21178436279296697
2018-09-27 04:00:00,0.10165786743163885
2018-09-28 04:00:00,0.1355419158935547
2018-10-01 04:00:00,-0.5929985046386719
2018-10-02 04:00:00,0.39815711975097834
2018-10-03 04:00:00,0.09318447113036932
2018-10-04 04:00:00,-0.26261329650879084
2018-10-05 04:00:00,0.09318542480468928
2018-10-08 04:00:00,0.186370849609375
2018-10-09 04:00:00,-0.5167560577392578
2018-10-10 04:00:00,-0.13554286956786932
2018-10-11 04:00:00,-0.27955532073974787
2018-10-12 04:00:00,0.05929946899413885
2018-10-15 04:00:00,0.4743995666503924
2018-10-16 04:00:00,0.3727397918701154
2018-10-17 04:00:00,0.016943931579593396
2018-10-18 04:00:00,-0.44051361083984375
2018-10-19 04:00:00,0.2710866928100568
2018-10-22 04:00:00,-0.1016578674316424
2018-10-23 04:00:00,0.016943931579593396
2018-10-24 04:00:00,-0.13554286956787287
2018-10-25 04:00:00,-0.03388690948486328
2018-10-26 04:00:00,-0.11859893798828125
2018-10-29 04:00:00,0.03388500213623047
2018-10-30 04:00:00,0.4913406372070295
2018-10-31 04:00:00,-0.25414085388183594
2018-11-01 04:00:00,1.1097526550292987
2018-11-02 04:00:00,-0.20331287384033203
2018-11-05 05:00:00,0.44051265716552734
2018-11-06 05:00:00,0.2371997833251953
2018-11-07 05:00:00,-0.050830841064453125
2018-11-08 05:00:00,-0.09318161010742188
2018-11-09 05:00:00,-0.04236030578613281
2018-11-12 05:00:00,0.05930137634277344
2018-11-13 05:00:00,-0.2880268096923828
2018-11-14 05:00:00,0.22025489807128906
2018-11-15 05:00:00,-0.059299468994140625
2018-11-16 05:00:00,0.2710838317871094
2018-11-19 05:00:00,0.2202587127685547
2018-11-20 05:00:00,0.016941070556640625
2018-11-21 05:00:00,-0.059299468994140625
2018-11-23 05:00:00,0.15248680114746094
2018-11-26 05:00:00,0.008470535278320312
2018-11-27 05:00:00,-0.05082893371582031
2018-11-28 05:00:00,-0.11860084533691406
2018-11-29 05:00:00,-0.033885955810546875
2018-11-30 05:00:00,0.11013031005859375
2018-12-03 05:00:00,-0.059299468994140625
2018-12-04 05:00:00,-1.3215398788452148
2018-12-06 05:00:00,-0.4574546813964844
2018-12-07 05:00:00,-0.44051361083984375
2018-12-10 05:00:00,-0.33885574340820135
2018-12-11 05:00:00,0.0
2018-12-12 05:00:00,0.2202568054199201
2018-12-13 05:00:00,-0.008471488952636719
2018-12-14 05:00:00,-0.03388595581054865
2018-12-17 05:00:00,-0.6268835067748988
2018-12-18 05:00:00,-0.13554191589355646
2018-12-19 05:00:00,-0.1694278717040998
2018-12-20 05:00:00,0.14401435852050604
2018-12-21 05:00:00,-0.29649829864501775
2018-12-24 05:00:00,-0.4320421218872088
2018-12-26 05:00:00,0.29649925231933594
2018-12-27 05:00:00,0.059299468994140625
2018-12-28 05:00:00,0.0
2018-12-31 05:00:00,-0.06777191162109197
2019-01-02 05:00:00,-0.10165596008300781
2019-01-03 05:00:00,0.23719882965087713
2019-01-04 05:00:00,0.12707042694091797
2019-01-07 05:00:00,0.5506410598754883
2019-01-08 05:00:00,0.4066286087036115
2019-01-09 05:00:00,0.08471202850341975
2019-01-10 05:00:00,0.14401340484619318
2019-01-11 05:00:00,0.2710876464843732
2019-01-14 05:00:00,0.09318351745605469
2019-01-15 05:00:00,0.16942882537841797
2019-01-16 05:00:00,0.06777095794677734
2019-01-17 05:00:00,-0.050827980041503906
2019-01-18 05:00:00,1.0928096771240234
2019-01-22 05:00:00,0.08471298217773438
2019-01-23 05:00:00,-0.21178245544433594
2019-01-24 05:00:00,-0.025415420532226562
2019-01-25 05:00:00,-0.04235649108886719
2019-01-28 05:00:00,0.3896827697753906
2019-01-29 05:00:00,0.2880287170410156
2019-01-30 05:00:00,-0.0931854248046875
2019-01-31 05:00:00,0.5421676635742188
2019-02-01 05:00:00,-0.11859893798828125
2019-02-04 05:00:00,0.05082893371582031
2019-02-05 05:00:00,0.05082893371582031
2019-02-06 05:00:00,-0.08471488952636719
2019-02-07 05:00:00,-0.0508270263671875
2019-02-08 05:00:00,0.1355419158935547
2019-02-11 05:00:00,0.1355419158935547
2019-02-12 05:00:00,0.30497169494628906
2019-02-13 05:00:00,-0.2795562744140625
2019-02-14 05:00:00,-0.7963123321533203
2019-02-15 05:00:00,0.5082836151123047
2019-02-19 05:00:00,-0.17789840698242188
2019-02-20 05:00:00,0.4066276550292969
2019-02-21 05:00:00,-0.0423583984375
2019-02-22 05:00:00,-0.1948413848876953
2019-02-25 05:00:00,-0.06777191162109375
2019-02-26 05:00:00,-0.1948413848876953
2019-02-27 05:00:00,-0.07624435424804688
2019-02-28 05:00:00,-0.0084686279296875
2019-03-01 05:00:00,0.12706756591796875
2019-03-04 05:00:00,-0.059299468994140625
2019-03-05 05:00:00,0.12707138061523438
2019-03-06 05:00:00,-0.10165596008300781
2019-03-07 05:00:00,0.1355438232421875
2019-03-08 05:00:00,-0.03388786315917969
2019-03-11 04:00:00,0.4998130798339844
2019-03-12 04:00:00,-0.04235649108886719
2019-03-13 04:00:00,0.35579872131347656
2019-03-14 04:00:00,0.02541351318359375
2019-03-15 04:00:00,0.0423583984375
2019-03-18 04:00:00,-0.05082893371582031
2019-03-19 04:00:00,-0.16095733642578125
2019-03-20 04:00:00,-0.06777000427246094
2019-03-21 04:00:00,0.6014690399169922
2019-03-22 04:00:00,0.11012840270996094
2019-03-25 04:00:00,0.20331382751464844
2019-03-26 04:00:00,-0.01694297790527699
2019-03-27 04:00:00,-0.016944885253902697
2019-03-28 04:00:00,0.3473281860351598
2019-03-29 04:00:00,0.19484329223632457
2019-04-01 04:00:00,-0.16095733642578125
2019-04-02 04:00:00,-0.5167560577392578
2019-04-03 04:00:00,-0.12706947326660156
2019-04-04 04:00:00,0.27955627441405895
2019-04-05 04:00:00,0.203313827514652
2019-04-08 04:00:00,-0.01694488525390625
2019-04-09 04:00:00,-0.26261329650878906
2019-04-10 04:00:00,0.6607723236083949
2019-04-11 04:00:00,0.3642692565917969
2019-04-12 04:00:00,0.3727397918701172
2019-04-15 04:00:00,0.389684677124027
2019-04-16 04:00:00,0.6014690399169922
2019-04-17 04:00:00,1.1436386108398438
2019-04-18 04:00:00,0.05929946899413707
2019-04-22 04:00:00,-0.2541408538818324
2019-04-23 04:00:00,0.5082836151123047
2019-04-24 04:00:00,0.49981117248535156
2019-04-25 04:00:00,-0.06777000427246094
2019-04-26 04:00:00,0.16095542907714844
2019-04-29 04:00:00,0.059299468994140625
2019-04-30 04:00:00,0.01694488525390625
2019-05-01 04:00:00,-0.04235649108886719
2019-05-02 04:00:00,0.45745277404785156
2019-05-03 04:00:00,0.4913425445556605
2019-05-06 04:00:00,0.652297973632816
2019-05-07 04:00:00,-0.4574565887451172
2019-05-08 04:00:00,-0.08471298217773438
2019-05-09 04:00:00,-0.1779003143310547
2019-05-10 04:00:00,0.3558006286621094
2019-05-13 04:00:00,-0.5421714782714879
2019-05-14 04:00:00,0.4151000976562571
2019-05-15 04:00:00,0.22025680541992188
2019-05-16 04:00:00,0.47439575195312145
2019-05-17 04:00:00,-0.4150962829589844
2019-05-20 04:00:00,-0.2880287170410156
2019-05-21 04:00:00,-0.6522979736328125
2019-05-22 04:00:00,0.5082836151123011
2019-05-23 04:00:00,-0.008470535278320312
2019-05-24 04:00:00,-0.10165596008300426
2019-05-28 04:00:00,-0.8047828674316406
2019-05-29 04:00:00,-1.3300094604492188
2019-05-30 04:00:00,0.5675830841064489
2019-05-31 04:00:00,-0.37274360656738637
2019-06-03 04:00:00,-0.16095542907714488
2019-06-04 04:00:00,0.1779003143310547
2019-06-05 04:00:00,0.5336971282958913
2019-06-06 04:00:00,0.2795562744140696
2019-06-07 04:00:00,0.40662765502928977
2019-06-10 04:00:00,0.0
2019-06-11 04:00:00,0.0
2019-06-12 04:00:00,-0.08471298217773082
2019-06-13 04:00:00,-0.24567222595214844
2019-06-14 04:00:00,-0.2880287170410121
2019-06-17 04:00:00,-0.8556079864501989
2019-06-18 04:00:00,0.2456684112548828
2019-06-19 04:00:00,-0.25414085388183594
2019-06-20 04:00:00,0.3642692565917969
2019-06-21 04:00:00,-0.23719787597656605
2019-06-24 04:00:00,0.059297561645511365
2019-06-25 04:00:00,-0.271081924438473
2019-06-26 04:00:00,-0.6522998809814489
2019-06-27 04:00:00,0.2795581817626953
2019-06-28 04:00:00,0.5506401062011683
2019-07-01 04:00:00,0.7454833984375036
2019-07-02 04:00:00,0.29649925231933594
2019-07-03 04:00:00,0.31344032287597656
2019-07-05 04:00:00,-0.22025680541992188
2019-07-08 04:00:00,-0.24567031860351562
2019-07-09 04:00:00,0.033885955810546875
2019-07-10 04:00:00,0.34732627868652344
2019-07-11 04:00:00,-0.4320411682128906
2019-07-12 04:00:00,0.15248680114746094
2019-07-15 04:00:00,-0.025413513183590197
2019-07-16 04:00:00,-0.4743995666503942
2019-07-17 04:00:00,0.24567031860351207
2019-07-18 04:00:00,0.47439765930176137
2019-07-19 04:00:00,-0.49134063720703125
2019-07-22 04:00:00,0.2626132965087926
2019-07-23 04:00:00,0.46592712402343395
2019-07-24 04:00:00,-0.06777191162109375
2019-07-25 04:00:00,0.15248680114745738
2019-07-26 04:00:00,-0.05082893371581321
2019-07-29 04:00:00,0.025413513183590197
2019-07-30 04:00:00,0.11859893798828125
2019-07-31 04:00:00,-0.21178436279296875
2019-08-01 04:00:00,1.897592544555664
2019-08-02 04:00:00,-0.15248298645019176
2019-08-05 04:00:00,-0.3303852081298828
2019-08-06 04:00:00,-0.4405136108398473
2019-08-07 04:00:00,0.08471488952637074
2019-08-08 04:00:00,0.6777133941650391
2019-08-09 04:00:00,-0.14401435852051137
2019-08-12 04:00:00,0.31344032287597656
2019-08-13 04:00:00,0.16942787170410156
2019-08-14 04:00:00,-0.9572677612304723
2019-08-15 04:00:00,0.03388595581055043
2019-08-16 04:00:00,0.38968467712402344
2019-08-19 04:00:00,0.22025489807129262
2019-08-20 04:00:00,1.1266956329345668
2019-08-21 04:00:00,-0.11859893798828125
2019-08-22 04:00:00,0.25414276123046875
2019-08-23 04:00:00,-0.4235706329345703
2019-08-26 04:00:00,0.22025680541992188
2019-08-27 04:00:00,-0.2880268096923828
2019-08-28 04:00:00,-0.27108573913573863
2019-08-29 04:00:00,0.6353549957275355
2019-08-30 04:00:00,0.5760555267333984
2019-09-03 04:00:00,0.3388557434081996
2019-09-04 04:00:00,-0.22872543334960227
2019-09-05 04:00:00,-0.042360305786136365
2019-09-06 04:00:00,0.042360305786136365
2019-09-09 04:00:00,-0.16942977905273793
2019-09-10 04:00:00,-0.12706947326660156
2019-09-11 04:00:00,-0.6522998809814489
2019-09-12 04:00:00,0.15248680114746804
2019-09-13 04:00:00,0.3981533050537074
2019-09-16 04:00:00,0.07624435424804688
2019-09-17 04:00:00,0.26261329650878906
2019-09-18 04:00:00,-0.3219127655029297
2019-09-19 04:00:00,0.16095542907714844
2019-09-20 04:00:00,-0.4659271240234375
2019-09-23 04:00:00,0.1779003143310547
2019-09-24 04:00:00,0.5252246856689453
2019-09-25 04:00:00,0.7200698852539062
2019-09-26 04:00:00,-0.3388557434082031
2019-09-27 04:00:00,-0.3812141418457031
2019-09-30 04:00:00,0.6268844604492188
2019-10-01 04:00:00,-0.9996242523193359
2019-10-02 04:00:00,-0.20331382751464844
2019-10-03 04:00:00,0.05082893371582031
2019-10-04 04:00:00,0.23719787597655895
2019-10-07 04:00:00,-0.2710838317871058
2019-10-08 04:00:00,-0.5760555267333984
2019-10-09 04:00:00,0.22025489807128906
2019-10-10 04:00:00,0.3812141418457031
2019-10-11 04:00:00,-0.00847053527831676
2019-10-14 04:00:00,-0.3219127655029368
2019-10-15 04:00:00,-0.016942977905269885
2019-10-16 04:00:00,-0.9996261596679688
2019-10-17 04:00:00,-0.1355419158935547
2019-10-18 04:00:00,-0.22025489807128906
2019-10-21 04:00:00,-0.228729248046875
2019-10-22 04:00:00,-0.44051170349121094
2019-10-23 04:00:00,-0.4066295623779297
2019-10-24 04:00:00,0.4743995666503906
2019-10-25 04:00:00,-0.22025489807129262
2019-10-28 04:00:00,1.9484195709228551
2019-10-29 04:00:00,-0.4913406372070277
2019-10-30 04:00:00,0.042356491088863635
2019-10-31 04:00:00,0.7539558410644567
2019-11-01 04:00:00,0.9403228759765625
2019-11-04 05:00:00,-0.6946525573730504
2019-11-05 05:00:00,-0.3219127655029297
2019-11-06 05:00:00,0.2371978759765625
2019-11-07 05:00:00,0.4998130798339879
2019-11-08 05:00:00,0.09318542480468395
2019-11-11 05:00:00,0.11012840270995738
2019-11-12 05:00:00,0.7539539337158239
2019-11-13 05:00:00,-0.2710838317871094
2019-11-14 05:00:00,0.2880287170410156
2019-11-15 05:00:00,0.0
2019-11-18 05:00:00,-0.14401626586914062
2019-11-19 05:00:00,0.23719978332519887
2019-11-20 05:00:00,0.20331192016601207
2019-11-21 05:00:00,-0.8556098937988281
2019-11-22 05:00:00,-0.889495849609375
2019-11-25 05:00:00,0.703125
2019-11-26 05:00:00,0.2710857391357422
2019-11-27 05:00:00,0.05082893371582031
2019-11-29 05:00:00,-0.24567222595214488
2019-12-02 05:00:00,0.0
2019-12-03 05:00:00,0.27955627441405895
2019-12-04 05:00:00,0.15248489379883168
2019-12-05 05:00:00,0.23720169067382457
2019-12-06 05:00:00,0.2964954376220703
2019-12-09 05:00:00,-0.37273979187012074
2019-12-10 05:00:00,-0.4235687255859304
2019-12-11 05:00:00,0.008468627929683947
2019-12-12 05:00:00,0.34732818603515625
2019-12-13 05:00:00,0.01694297790527699
2019-12-16 05:00:00,0.06777381896972301
2019-12-17 05:00:00,-0.06777381896972301
2019-12-18 05:00:00,-0.5167541503906286
2019-12-19 05:00:00,0.7963123321533203
2019-12-20 05:00:00,0.2371978759765625
2019-12-23 05:00:00,-0.16095542907714844
2019-12-24 05:00:00,-0.02541542053222301
2019-12-26 05:00:00,0.7708950042724574
2019-12-27 05:00:00,-0.3981513977050781
2019-12-30 05:00:00,-0.14401626586914062
2019-12-31 05:00:00,-0.06777000427246449
2020-01-02 05:00:00,-0.45745658874511363
2020-01-03 05:00:00,0.09318733215332031
2020-01-06 05:00:00,-0.7285404205322266
2020-01-07 05:00:00,-0.4066295623779297
2020-01-08 05:00:00,-0.0084686279296875
2020-01-09 05:00:00,-0.11013031005859375
2020-01-10 05:00:00,0.5591106414794957
2020-01-13 05:00:00,0.3812141418456996
2020-01-14 05:00:00,-0.29649925231933594
2020-01-15 05:00:00,-0.9657363891601562
2020-01-16 05:00:00,-0.4235725402832031
2020-01-17 05:00:00,-0.3642711639404297
2020-01-21 05:00:00,-0.6099395751953125
2020-01-22 05:00:00,-0.19484329223632812
2020-01-23 05:00:00,0.07624244689941406
2020-01-24 05:00:00,-0.6522941589355469
2020-01-27 05:00:00,-0.974212646484375
2020-01-28 05:00:00,0.6777133941650391
2020-01-29 05:00:00,-0.787841796875
2020-01-30 05:00:00,0.2880287170410156
2020-01-31 05:00:00,-0.7454833984375
2020-02-03 05:00:00,0.8301963806152308
2020-02-04 05:00:00,-0.21178436279296164
2020-02-05 05:00:00,-0.0931854248046875
2020-02-06 05:00:00,-0.3134441375732422
2020-02-07 05:00:00,0.10165977478026988
2020-02-10 05:00:00,0.059299468994140625
2020-02-11 05:00:00,-0.0677719116210902
2020-02-12 05:00:00,-0.05082702636719105
2020-02-13 05:00:00,0.21178436279296875
2020-02-14 05:00:00,-0.32191467285156605
2020-02-18 05:00:00,-0.5506420135498011
2020-02-19 05:00:00,-0.08471298217773082
2020-02-20 05:00:00,-0.05929946899414773
2020-02-21 05:00:00,-0.9826812744140554
2020-02-24 05:00:00,-1.0673961639404332
2020-02-25 05:00:00,-0.186370849609375
2020-02-26 05:00:00,-0.6438274383544922
2020-02-27 05:00:00,-0.7200679779052734
2020-02-28 05:00:00,0.008470535278320312
2020-03-02 05:00:00,0.2795562744140625
2020-03-03 05:00:00,-0.3642711639404297
2020-03-04 05:00:00,0.5337009429931641
2020-03-05 05:00:00,-0.3812141418457031
2020-03-06 05:00:00,0.2287273406982422
2020-03-09 04:00:00,-1.185995101928711
2020-03-10 04:00:00,-0.20331192016601562
2020-03-11 04:00:00,-1.2452983856201154
2020-03-12 04:00:00,-1.0928087234497088
2020-03-13 04:00:00,1.6603937149047852
2020-03-16 04:00:00,-2.4567060470581055
2020-03-17 04:00:00,1.3045949935913086
2020-03-18 04:00:00,-1.1605806350708008
2020-03-19 04:00:00,1.4486083984375
2020-03-20 04:00:00,-0.3388557434082031
2020-03-23 04:00:00,-0.1355419158935547
2020-03-24 04:00:00,1.11822509765625
2020-03-25 04:00:00,-0.5167560577392578
2020-03-26 04:00:00,0.30497074127197266
2020-03-27 04:00:00,-0.4574556350708008
2020-03-30 04:00:00,0.5760564804077148
2020-03-31 04:00:00,-0.49134254455566406
2020-04-01 04:00:00,-0.3134422302246094
2020-04-02 04:00:00,-0.033885955810546875
2020-04-03 04:00:00,-0.08471202850341797
2020-04-06 04:00:00,0.5252246856689453
2020-04-07 04:00:00,0.1779003143310547
2020-04-08 04:00:00,0.2541427612304705
2020-04-09 04:00:00,0.39815425872802557
2020-04-13 04:00:00,0.3219146728515625
2020-04-14 04:00:00,0.4150981903076172
2020-04-15 04:00:00,-0.2880268096923828
2020-04-16 04:00:00,-0.2287311553955078
2020-04-17 04:00:00,-0.03388214111328125
2020-04-20 04:00:00,-0.4235706329345703
2020-04-21 04:00:00,-0.8217277526855487
2020-04-22 04:00:00,0.8302001953125018
2020-04-23 04:00:00,0.8471393585205078
2020-04-24 04:00:00,-0.24567222595214844
2020-04-27 04:00:00,0.7454853057861328
2020-04-28 04:00:00,0.6607666015625
2020-04-29 04:00:00,0.5929985046386719
2020-04-30 04:00:00,-0.008472442626953125
2020-05-01 04:00:00,-1.1012802124023438
2020-05-04 04:00:00,-0.4574565887451172
2020-05-05 04:00:00,0.05082893371582031
2020-05-06 04:00:00,-0.4574565887451172
2020-05-07 04:00:00,0.7454833984375
2020-05-08 04:00:00,0.6184139251708984
2020-05-11 04:00:00,0.42356872558594105
2020-05-12 04:00:00,-0.2626132965087926
2020-05-13 04:00:00,-0.6014690399169922
2020-05-14 04:00:00,0.16095542907714844
2020-05-15 04:00:00,-0.30496788024902344
2020-05-18 04:00:00,0.7115955352783168
2020-05-19 04:00:00,-0.8556098937988246
2020-05-20 04:00:00,0.7708969116210938
2020-05-21 04:00:00,-0.4574565887451172
2020-05-22 04:00:00,-0.10165596008300781
2020-05-26 04:00:00,0.22025680541992188
2020-05-27 04:00:00,0.4320411682128906
2020-05-28 04:00:00,-0.48287010192871094
2020-05-29 04:00:00,-0.17789840698242188
2020-06-01 04:00:00,0.08471298217773438
2020-06-02 04:00:00,0.08471488952636719
2020-06-03 04:00:00,-2.1856203079223633
2020-06-04 04:00:00,0.21178340911865057
2020-06-05 04:00:00,-0.06777191162109197
2020-06-08 04:00:00,1.6434516906738281
2020-06-09 04:00:00,-0.5336971282958984
2020-06-10 04:00:00,-0.3219146728515625
2020-06-11 04:00:00,-1.2707099914550781
2020-06-12 04:00:00,0.21178531646728516
2020-06-15 04:00:00,0.19484329223632812
2020-06-16 04:00:00,0.11859893798828303
2020-06-17 04:00:00,-0.2456703186035174
2020-06-18 04:00:00,-0.03388500213623047
2020-06-19 04:00:00,-0.09318637847900568
2020-06-22 04:00:00,-0.16095733642577947
2020-06-23 04:00:00,-0.008469581604003906
2020-06-24 04:00:00,-0.48287105560302734
2020-06-25 04:00:00,-0.11012744903564453
2020-06-26 04:00:00,-0.40662670135498047
2020-06-29 04:00:00,-0.3219146728515643
2020-06-30 04:00:00,0.49134159088134943
2020-07-01 04:00:00,-0.2371978759765625
2020-07-02 04:00:00,0.10165596008300781
2020-07-06 04:00:00,0.016942024230958808
2020-07-07 04:00:00,-0.2880268096923846
2020-07-08 04:00:00,-0.38968467712402344
2020-07-09 04:00:00,-0.25414180755615234
2020-07-10 04:00:00,0.6353549957275391
2020-07-13 04:00:00,-0.1355428695678711
2020-07-14 04:00:00,-0.008470535278320312
2020-07-15 04:00:00,0.21178436279296875
2020-07-16 04:00:00,-0.04235649108886719
2020-07-17 04:00:00,0.016943931579589844
2020-07-20 04:00:00,-0.4235715866088867
2020-07-21 04:00:00,0.025414466857911933
2020-07-22 04:00:00,-0.11012744903564631
2020-07-23 04:00:00,0.20331287384033203
2020-07-24 04:00:00,-0.22025585174560547
2020-07-27 04:00:00,-0.1694288253784162
2020-07-28 04:00:00,0.3642702102661115
2020-07-29 04:00:00,0.12707042694091797
2020-07-30 04:00:00,-0.7878389358520508
2020-07-31 04:00:00,0.05930042266845703
2020-08-03 04:00:00,-0.19484329223632812
2020-08-04 04:00:00,0.4659271240234375
2020-08-05 04:00:00,-0.29649925231933594
2020-08-06 04:00:00,-0.04235649108886719
2020-08-07 04:00:00,0.1524848937988299
2020-08-10 04:00:00,0.5760545730590803
2020-08-11 04:00:00,0.2287282943725586
2020-08-12 04:00:00,-0.050827980041503906
2020-08-13 04:00:00,0.059299468994140625
2020-08-14 04:00:00,0.03388690948486328
2020-08-17 04:00:00,-0.3812141418457031
2020-08-18 04:00:00,0.016942977905273438
2020-08-19 04:00:00,-0.0338859558105451
2020-08-20 04:00:00,-0.16942787170410512
2020-08-21 04:00:00,-0.11859893798827947
2020-08-24 04:00:00,0.3219127655029297
2020-08-25 04:00:00,0.07624340057373047
2020-08-26 04:00:00,0.12707042694091797
2020-08-27 04:00:00,0.1863698959350586
2020-08-28 04:00:00,-0.1270704269409162
2020-08-31 04:00:00,-0.2795562744140643
2020-09-01 04:00:00,-0.11012744903564453
2020-09-02 04:00:00,0.1863698959350586
2020-09-03 04:00:00,0.1440143585205078
2020-09-04 04:00:00,-0.008471488952638495
2020-09-08 04:00:00,-0.19484233856200994
2020-09-09 04:00:00,0.016943931579589844
2020-09-10 04:00:00,0.5675811767578125
2020-09-11 04:00:00,-0.20331287384033203
2020-09-14 04:00:00,0.44051361083984375
2020-09-15 04:00:00,0.0508270263671875
2020-09-16 04:00:00,-0.03388500213623047
2020-09-17 04:00:00,-0.25414276123046875
2020-09-18 04:00:00,-0.34732627868652344
2020-09-21 04:00:00,-0.9064397811889648
2020-09-22 04:00:00,-0.12707138061523438
2020-09-23 04:00:00,-0.5929965972900391
2020-09-24 04:00:00,-0.025414466857910156
2020-09-25 04:00:00,0.35579872131347656
2020-09-28 04:00:00,0.24567031860351562
2020-09-29 04:00:00,-0.2287282943725586
2020-09-30 04:00:00,0.15248584747314453
2020-10-01 04:00:00,0.16095638275146484
2020-10-02 04:00:00,0.31344127655029297
2020-10-05 04:00:00,-0.08471298217773438
2020-10-06 04:00:00,0.08471298217773438
2020-10-07 04:00:00,0.3642702102661133
2020-10-08 04:00:00,-0.2033128738403338
2020-10-09 04:00:00,-0.28802776336669744
2020-10-12 04:00:00,0.35579872131347834
2020-10-13 04:00:00,-0.10165596008300781
2020-10-14 04:00:00,0.7539529800415021
2020-10-15 04:00:00,0.02541446685790838
2020-10-16 04:00:00,-0.1270694732665998
2020-10-19 04:00:00,-0.3219146728515625
2020-10-20 04:00:00,0.050827980041503906
2020-10-21 04:00:00,0.15248489379882635
2020-10-22 04:00:00,0.18637180328369318
2020-10-23 04:00:00,0.15248394012451172
2020-10-26 04:00:00,-0.4659252166748047
2020-10-27 04:00:00,0.03388500213623047
2020-10-28 04:00:00,-0.38121318817138494
2020-10-29 04:00:00,0.44051361083984375
2020-10-30 04:00:00,0.39815521240234375
2020-11-02 05:00:00,0.47439765930175604
2020-11-03 05:00:00,-0.22025489807128906
2020-11-04 05:00:00,-0.35579872131347656
2020-11-05 05:00:00,0.36426830291748047
2020-11-06 05:00:00,-0.04235649108886719
2020-11-09 05:00:00,0.3642711639404297
2020-11-10 05:00:00,0.6946544647216779
2020-11-11 05:00:00,-0.008472442626951349
2020-11-12 05:00:00,-0.44898414611816406
2020-11-13 05:00:00,0.6268854141235352
2020-11-16 05:00:00,0.8725519180297852
2020-11-17 05:00:00,-0.26261329650878906
2020-11-18 05:00:00,-0.3134412765502912
2020-11-19 05:00:00,0.016942024230955255
2020-11-20 05:00:00,-0.16942596435546697
2020-11-23 05:00:00,0.542167663574217
2020-11-24 05:00:00,0.4150981903076172
2020-11-25 05:00:00,-0.39815330505371094
2020-11-27 05:00:00,0.11859893798828125
2020-11-30 05:00:00,-0.4489860534667969
2020-12-01 05:00:00,0.4659290313720703
2020-12-02 05:00:00,0.37274169921875
2020-12-03 05:00:00,0.6438236236572266
2020-12-04 05:00:00,0.11860084533691406
2020-12-07 05:00:00,-0.1355419158935547
2020-12-08 05:00:00,-0.21178436279296875
2020-12-09 05:00:00,0.1440143585205078
2020-12-10 05:00:00,0.17789840698242188
2020-12-11 05:00:00,-0.11859893798828125
2020-12-14 05:00:00,-0.19484329223632812
2020-12-15 05:00:00,-0.008470535278320312
2020-12-16 05:00:00,-0.44051361083984375
2020-12-17 05:00:00,0.16942787170410156
2020-12-18 05:00:00,-0.30496978759765625
2020-12-21 05:00:00,-0.4066276550292969
2020-12-22 05:00:00,-0.0508270263671875
2020-12-23 05:00:00,0.3642692565917969
2020-12-24 05:00:00,-0.1948413848876953
2020-12-28 05:00:00,0.34732627868652344
2020-12-29 05:00:00,-0.2795543670654297
2020-12-30 05:00:00,-0.06777191162109375
2020-12-31 05:00:00,0.22025489807128906
2021-01-04 05:00:00,-0.5506420135498047
2021-01-05 05:00:00,0.2371997833251953
2021-01-06 05:00:00,0.8471412658691406
2021-01-07 05:00:00,-0.4320411682128906
2021-01-08 05:00:00,-0.25414085388183594
2021-01-11 05:00:00,0.09318351745605469
2021-01-12 05:00:00,-0.2287273406982422
2021-01-13 05:00:00,-0.4574556350708008
2021-01-14 05:00:00,0.3388547897338867
2021-01-15 05:00:00,0.008472442626953125
2021-01-19 05:00:00,0.19484329223632812
2021-01-20 05:00:00,0.5929965972900391
2021-01-21 05:00:00,0.10165596008300781
2021-01-22 05:00:00,0.1779003143310547
2021-01-25 05:00:00,0.07624244689941406
2021-01-26 05:00:00,0.0
2021-01-27 05:00:00,-0.34732627868652344
2021-01-28 05:00:00,-0.16095733642578125
2021-01-29 05:00:00,-0.4320411682128906
2021-02-01 05:00:00,0.25414085388183594
2021-02-02 05:00:00,0.3642711639404297
2021-02-03 05:00:00,0.4998130798339844
2021-02-04 05:00:00,0.26261329650878906
2021-02-05 05:00:00,0.07624244689941406
2021-02-08 05:00:00,1.3893089294433594
2021-02-09 05:00:00,0.16942977905273438
2021-02-10 05:00:00,0.016939163208007812
2021-02-11 05:00:00,-1.0928077697753942
2021-02-12 05:00:00,0.10165596008301492
2021-02-16 05:00:00,0.016942977905269885
2021-02-17 05:00:00,0.5252285003662109
2021-02-18 05:00:00,0.15248298645019887
2021-02-19 05:00:00,-0.11860084533691762
2021-02-22 05:00:00,0.22025680541992188
2021-02-23 05:00:00,-0.025411605834960938
2021-02-24 05:00:00,-0.16942787170410156
2021-02-25 05:00:00,-0.016944885253902697
2021-02-26 05:00:00,-0.07624244689941762
2021-03-01 05:00:00,0.7878398895263636
2021-03-02 05:00:00,-0.24567031860351207
2021-03-03 05:00:00,0.4320411682128906
2021-03-04 05:00:00,0.17789840698242188
2021-03-05 05:00:00,0.44051361083984375
2021-03-08 05:00:00,0.5421695709228551
2021-03-09 05:00:00,-0.40662574768067117
2021-03-10 05:00:00,0.4150962829589879
2021-03-11 05:00:00,0.11013031005859375
2021-03-12 05:00:00,0.2964973449706996
2021-03-15 04:00:00,0.04235839843750355
2021-03-16 04:00:00,-0.6184139251708984
2021-03-17 04:00:00,0.05930137634277344
2021-03-18 04:00:00,0.06777191162109375
2021-03-19 04:00:00,0.2710838317871129
2021-03-22 04:00:00,-0.49134063720703836
2021-03-23 04:00:00,-0.6692428588867152
2021-03-24 04:00:00,-0.12706756591796875
2021-03-25 04:00:00,0.3727397918701172
2021-03-26 04:00:00,0.3388557434082031
2021-03-29 04:00:00,-0.1524868011474645
2021-03-30 04:00:00,0.02541732788086648
2021-03-31 04:00:00,-0.48287010192871804
2021-04-01 04:00:00,0.533697128295902
2021-04-05 04:00:00,-0.16942787170410156
2021-04-06 04:00:00,0.033884048461917615
2021-04-07 04:00:00,-0.10165596008301137
2021-04-08 04:00:00,0.06777191162109375
2021-04-09 04:00:00,-0.12707138061523438
2021-04-12 04:00:00,0.3049716949462855
2021-04-13 04:00:00,-0.3134441375732422
2021-04-14 04:00:00,0.1948451995849645
2021-04-15 04:00:00,-0.21178627014160156
2021-04-16 04:00:00,0.33038520812987926
2021-04-19 04:00:00,-0.23719978332519176
2021-04-20 04:00:00,0.11860084533691406
2021-04-21 04:00:00,0.4066257476806676
2021-04-22 04:00:00,-0.19484138488769887
2021-04-23 04:00:00,0.1355419158935547
2021-04-26 04:00:00,-0.1863727569580078
2021-04-27 04:00:00,-0.008470535278320312
2021-04-28 04:00:00,0.186370849609375
2021-04-29 04:00:00,-0.41509819030761363
2021-04-30 04:00:00,-0.20331382751464844
2021-05-03 04:00:00,0.08471298217772727
2021-05-04 04:00:00,-0.3049678802490199
2021-05-05 04:00:00,0.2964973449707031
2021-05-06 04:00:00,-0.07624244689941051
2021-05-07 04:00:00,0.17790031433104758
2021-05-10 04:00:00,-0.12707138061523438
2021-05-11 04:00:00,0.5336971282959055
2021-05-12 04:00:00,-0.34732627868652344
2021-05-13 04:00:00,0.5845260620117152
2021-05-14 04:00:00,0.42357063293456676
2021-05-17 04:00:00,0.025413513183600855
2021-05-18 04:00:00,-0.19484329223633168
2021-05-19 04:00:00,-0.19484138488769887
2021-05-20 04:00:00,-0.12707138061523438
2021-05-21 04:00:00,0.14401435852051492
2021-05-24 04:00:00,-0.16942787170410512
2021-05-25 04:00:00,-0.30496978759765625
2021-05-26 04:00:00,-0.30496978759765625
2021-05-27 04:00:00,-0.1101303100585902
2021-05-28 04:00:00,0.059301376342769885
2021-06-01 04:00:00,-0.05082893371582031
2021-06-02 04:00:00,-0.160955429077152
2021-06-03 04:00:00,-0.1355438232421875
2021-06-04 04:00:00,-0.3981552124023402
2021-06-07 04:00:00,-0.11012840270996094
2021-06-08 04:00:00,-0.06777191162109375
2021-06-09 04:00:00,0.050830841064453125
2021-06-10 04:00:00,-0.06777191162109375
2021-06-11 04:00:00,0.12707138061523438
2021-06-14 04:00:00,0.05082702636719105
2021-06-15 04:00:00,-0.550640106201179
2021-06-16 04:00:00,-0.42357063293456676
2021-06-17 04:00:00,-0.32191276550292613
2021-06-18 04:00:00,-0.3049697875976598
2021-06-21 04:00:00,0.37274169921875
2021-06-22 04:00:00,0.6014671325683594
2021-06-23 04:00:00,-0.06777000427245738
2021-06-24 04:00:00,0.10165596008300781
2021-06-25 04:00:00,0.5845260620117152
2021-06-28 04:00:00,-0.4743976593017578
2021-06-29 04:00:00,-0.1440143585205078
2021-06-30 04:00:00,-0.18636894226073863
2021-07-01 04:00:00,-0.05929946899414418
2021-07-02 04:00:00,-0.22025680541992543
2021-07-06 04:00:00,0.01694297790527699
2021-07-07 04:00:00,-0.033885955810546875
2021-07-08 04:00:00,-0.3388557434082067
2021-07-09 04:00:00,0.4489822387695348
2021-07-12 04:00:00,-0.26261329650878906
2021-07-13 04:00:00,-0.1948413848876953
2021-07-14 04:00:00,0.008472442626949572
2021-07-15 04:00:00,0.04235649108887074
2021-07-16 04:00:00,-0.31344032287597656
2021-07-19 04:00:00,-0.5167560577392578
2021-07-20 04:00:00,0.5167560577392578
2021-07-21 04:00:00,0.1355419158935547
2021-07-22 04:00:00,-0.228729248046875
2021-07-23 04:00:00,0.4489860534667969
2021-07-26 04:00:00,0.1185989379882777
2021-07-27 04:00:00,0.3642692565918004
2021-07-28 04:00:00,0.25414085388183594
2021-07-29 04:00:00,-0.016942977905273438
2021-07-30 04:00:00,-0.1948413848876953
2021-08-02 04:00:00,-0.10165596008301137
2021-08-03 04:00:00,-0.31344223022460227
2021-08-04 04:00:00,-0.8301963806152379
2021-08-05 04:00:00,0.2795562744140625
2021-08-06 04:00:00,0.2287273406982422
2021-08-09 04:00:00,0.7454814910888672
2021-08-10 04:00:00,0.4066276550292969
2021-08-11 04:00:00,0.34732818603515625
2021-08-12 04:00:00,-0.3134422302246129
2021-08-13 04:00:00,3.9476718902587926
2021-08-16 04:00:00,0.10165596008300781
2021-08-17 04:00:00,0.1779022216796875
2021-08-18 04:00:00,-0.4405136108398473
2021-08-19 04:00:00,0.008470535278320312
2021-08-20 04:00:00,0.04235649108886719
2021-08-23 04:00:00,-0.025413513183590197
2021-08-24 04:00:00,0.04235649108887074
2021-08-25 04:00:00,0.36427116394042613
2021-08-26 04:00:00,-0.04235839843749645
2021-08-27 04:00:00,0.3388576507568324
2021-08-30 04:00:00,-0.2287273406982422
2021-08-31 04:00:00,0.08471298217773438
2021-09-01 04:00:00,0.1185989379882777
2021-09-02 04:00:00,0.11012840270996449
2021-09-03 04:00:00,-0.0931854248046875
2021-09-07 04:00:00,-0.0508270263671875
2021-09-08 04:00:00,0.09318351745605824
2021-09-09 04:00:00,0.0
2021-09-10 04:00:00,0.0
2021-09-13 04:00:00,-0.025413513183600855
2021-09-14 04:00:00,-0.025415420532226562
2021-09-15 04:00:00,0.13554382324219105
2021-09-16 04:00:00,0.08471488952636719
2021-09-17 04:00:00,0.0084686279296875
2021-09-20 04:00:00,0.0
2021-09-21 04:00:00,0.3219127655029297
2021-09-22 04:00:00,-0.16095352172851562
2021-09-23 04:00:00,0.0508270263671875
2021-09-24 04:00:00,-0.008470535278320312
2021-09-27 04:00:00,0.2964973449706996
2021-09-28 04:00:00,0.05082893371582742
2021-09-29 04:00:00,0.5421695709228516
2021-09-30 04:00:00,-0.3981552124023473
2021-10-01 04:00:00,0.1779003143310547
2021-10-04 04:00:00,0.03388404846191406
2021-10-05 04:00:00,-0.07624244689941406
2021-10-06 04:00:00,-0.17789840698242188
2021-10-07 04:00:00,0.10165596008300781
2021-10-08 04:00:00,-0.2964992523193395
2021-10-11 04:00:00,0.0
2021-10-12 04:00:00,0.0677719116210973
2021-10-13 04:00:00,0.07624244689941051
2021-10-14 04:00:00,0.15248489379883168
2021-10-15 04:00:00,-0.08471298217773438
2021-10-18 04:00:00,-0.16095733642578125
2021-10-19 04:00:00,-0.016942977905273438
2021-10-20 04:00:00,0.06777000427246094
2021-10-21 04:00:00,0.11013031005859375
2021-10-22 04:00:00,0.0
2021-10-25 04:00:00,-0.016942977905273438
2021-10-26 04:00:00,-0.05930137634277344
2021-10-27 04:00:00,-0.10165596008300781
2021-10-28 04:00:00,-0.5421695709228516
2021-10-29 04:00:00,-0.033885955810546875
2021-11-01 04:00:00,0.3134441375732422
2021-11-02 04:00:00,-0.20331382751464488
2021-11-03 04:00:00,-0.025417327880862928
2021-11-04 04:00:00,-0.144012451171875
2021-11-05 04:00:00,-0.04235649108886719
2021-11-08 05:00:00,0.12706947326660512
2021-11-09 05:00:00,-0.0762405395507848
2021-11-10 05:00:00,-0.05082893371582031
2021-11-11 05:00:00,0.8640804290771484
2021-11-12 05:00:00,-0.11859893798828125
2021-11-15 05:00:00,0.17789840698242188
2021-11-16 05:00:00,-0.33885383605956676
2021-11-17 05:00:00,0.17790031433105113
2021-11-18 05:00:00,-0.16942787170410156
2021-11-19 05:00:00,-0.11012840270996449
2021-11-22 05:00:00,0.008470535278323865
2021-11-23 05:00:00,-0.016941070556644178
2021-11-24 05:00:00,0.11012649536133523
2021-11-26 05:00:00,-0.3981571197509801
2021-11-29 05:00:00,0.01694488525390625
2021-11-30 05:00:00,-0.169427871704098
2021-12-01 05:00:00,-0.3049716949462926
2021-12-02 05:00:00,0.28802680969238637
2021-12-03 05:00:00,-0.08471298217773793
2021-12-06 05:00:00,-0.008470535278320312
2021-12-07 05:00:00,-0.059299468994140625
2021-12-08 05:00:00,0.1185989379882777
2021-12-09 05:00:00,0.1185989379882848
2021-12-10 05:00:00,-0.06777000427245738
2021-12-13 05:00:00,0.025413513183590197
2021-12-14 05:00:00,0.08471298217773438
2021-12-15 05:00:00,0.07624244689941406
2021-12-16 05:00:00,-0.18636894226073863
2021-12-17 05:00:00,-0.19484329223633523
2021-12-20 05:00:00,-0.20331382751464133
2021-12-21 05:00:00,0.1609573364257777
2021-12-22 05:00:00,0.08471298217773438
2021-12-23 05:00:00,-0.29649925231933594
2021-12-27 05:00:00,0.20331573486328125
2021-12-28 05:00:00,0.1694259643554652
2021-12-29 05:00:00,0.16095733642578836
2021-12-30 05:00:00,-0.2626113891601598
2021-12-31 05:00:00,0.2795543670654297
2022-01-03 05:00:00,-0.08471298217773438
2022-01-04 05:00:00,-0.09318733215332387
2022-01-05 05:00:00,-0.18636894226073508
2022-01-06 05:00:00,0.5252265930175746
2022-01-07 05:00:00,0.07624053955078125
2022-01-10 05:00:00,0.025415420532226562
2022-01-11 05:00:00,0.0677719116210973
2022-01-12 05:00:00,-0.32191467285156605
2022-01-13 05:00:00,-0.18637084960937855
2022-01-14 05:00:00,0.11012840270996449
2022-01-18 05:00:00,-0.16095542907714844
2022-01-19 05:00:00,-0.033885955810546875
2022-01-20 05:00:00,-0.2880287170410156
2022-01-21 05:00:00,-0.1694259643554652
2022-01-24 05:00:00,0.14401435852050426
2022-01-25 05:00:00,-0.12707138061523438
2022-01-26 05:00:00,-0.05930137634277344
2022-01-27 05:00:00,-0.17789840698242188
2022-01-28 05:00:00,0.29649925231933594
2022-01-31 05:00:00,0.4489822387695348
2022-02-01 05:00:00,0.41510009765624645
2022-02-02 05:00:00,0.016941070556640625
2022-02-03 05:00:00,-0.30496978759765625
2022-02-04 05:00:00,-0.2964973449706996
2022-02-07 05:00:00,0.7200679779052699
2022-02-08 05:00:00,0.2795562744140625
2022-02-09 05:00:00,0.0
2022-02-10 05:00:00,-0.7370109558105433
2022-02-11 05:00:00,0.21178245544433594
2022-02-14 05:00:00,-0.11012649536133168
2022-02-15 05:00:00,0.008470535278320312
2022-02-16 05:00:00,-0.12707138061523082
2022-02-17 05:00:00,-0.19484138488769887
2022-02-18 05:00:00,-3.2191295623779297
2022-02-22 05:00:00,0.025411605834957385
2022-02-23 05:00:00,0.21178627014160512
2022-02-24 05:00:00,0.08471298217773438
2022-02-25 05:00:00,0.11859893798828125
2022-02-28 05:00:00,-0.8217239379882812
2022-03-01 05:00:00,0.37274169921874645
2022-03-02 05:00:00,0.38121223449707387
2022-03-03 05:00:00,-0.17790031433105113
2022-03-04 05:00:00,-1.3977794647216797
2022-03-07 05:00:00,-1.3045959472656286
2022-03-08 05:00:00,0.39815711975097656
2022-03-09 05:00:00,1.2029361724853516
2022-03-10 05:00:00,-0.016939163208007812
2022-03-11 05:00:00,0.11859893798828125
2022-03-14 04:00:00,-0.10165977478027344
2022-03-15 04:00:00,-0.09318351745605824
2022-03-16 04:00:00,0.38121223449707387
2022-03-17 04:00:00,0.07624244689941406
2022-03-18 04:00:00,0.12707138061523438
2022-03-21 04:00:00,-0.19484329223632457
2022-03-22 04:00:00,0.12707138061523082
2022-03-23 04:00:00,-0.2287273406982422
2022-03-24 04:00:00,0.34732818603515625
2022-03-25 04:00:00,0.24567031860351562
2022-03-28 04:00:00,-0.26261329650878906
2022-03-29 04:00:00,0.8217239379882812
2022-03-30 04:00:00,0.1440143585205078
2022-03-31 04:00:00,0.3219146728515625
2022-04-01 04:00:00,0.21178436279296875
2022-04-04 04:00:00,0.1440143585205078
2022-04-05 04:00:00,-0.1355419158935547
2022-04-06 04:00:00,0.5675830841064453
2022-04-07 04:00:00,0.1355419158935547
2022-04-08 04:00:00,0.16095542907714844
2022-04-11 04:00:00,0.06777191162109375
2022-04-12 04:00:00,-0.16095542907714844
2022-04-13 04:00:00,0.29649925231933594
2022-04-14 04:00:00,0.6438255310058594
2022-04-18 04:00:00,0.033885955810546875
2022-04-19 04:00:00,0.7708950042724645
2022-04-20 04:00:00,-0.42356872558594105
2022-04-21 04:00:00,-0.10165786743164062
2022-04-22 04:00:00,-0.2964954376220703
2022-04-25 04:00:00,-0.03388786315917969
2022-04-26 04:00:00,-0.7115974426269531
2022-04-27 04:00:00,0.21178436279296875
2022-04-28 04:00:00,2.160207748413086
2022-04-29 04:00:00,-0.7878398895263672
2022-05-02 04:00:00,0.7708969116210973
2022-05-03 04:00:00,-0.47439765930176137
2022-05-04 04:00:00,0.4998130798339844
2022-05-05 04:00:00,-0.7539558410644531
2022-05-06 04:00:00,0.6522979736328125
2022-05-09 04:00:00,-0.6607685089111328
2022-05-10 04:00:00,0.07624053955078125
2022-05-11 04:00:00,-0.33038330078125
2022-05-12 04:00:00,0.16095733642578125
2022-05-13 04:00:00,0.5929985046386754
2022-05-16 04:00:00,0.8471393585205043
2022-05-17 04:00:00,0.40662574768066406
2022-05-18 04:00:00,-0.8301963806152344
2022-05-19 04:00:00,-0.1355419158935547
2022-05-20 04:00:00,0.08471298217773793
2022-05-23 04:00:00,1.211410522460934
2022-05-24 04:00:00,0.3134422302246094
2022-05-25 04:00:00,0.8386669158935511
2022-05-26 04:00:00,0.5336990356445348
2022-05-27 04:00:00,0.6353549957275391
2022-05-31 04:00:00,-0.22872734069824574
2022-06-01 04:00:00,-0.27955627441405895
2022-06-02 04:00:00,1.185995101928711
2022-06-03 04:00:00,-0.11012840270996094
2022-06-06 04:00:00,-1.753580093383789
2022-06-07 04:00:00,0.0
2022-06-08 04:00:00,-0.4320411682128906
2022-06-09 04:00:00,-0.559112548828125
2022-06-10 04:00:00,-0.516754150390625
2022-06-13 04:00:00,-0.4998130798339808
2022-06-14 04:00:00,-0.2626132965087926
2022-06-15 04:00:00,0.6099395751953125
2022-06-16 04:00:00,-0.7454814910888707
2022-06-17 04:00:00,-0.008470535278320312
2022-06-21 04:00:00,0.6014690399169957
2022-06-22 04:00:00,-0.16095733642578125
2022-06-23 04:00:00,0.4659271240234375
2022-06-24 04:00:00,0.559112548828125
2022-06-27 04:00:00,0.906438827514652
2022-06-28 04:00:00,-0.6438255310058665
2022-06-29 04:00:00,0.3049716949462926
2022-06-30 04:00:00,-0.43204307556152344
2022-07-01 04:00:00,0.20331192016601918
2022-07-05 04:00:00,-0.22025489807129262
2022-07-06 04:00:00,-0.8047828674316442
2022-07-07 04:00:00,0.38121223449707387
2022-07-08 04:00:00,-0.5929965972900391
2022-07-11 04:00:00,-0.3812122344970703
2022-07-12 04:00:00,0.4913406372070277
2022-07-13 04:00:00,0.06777000427246449
2022-07-14 04:00:00,0.08471488952636719
2022-07-15 04:00:00,0.008470535278320312
2022-07-18 04:00:00,-0.16942787170410156
2022-07-19 04:00:00,0.6184139251708984
2022-07-20 04:00:00,0.26261138916015625
2022-07-21 04:00:00,0.5167560577392578
2022-07-22 04:00:00,-0.08471488952636719
2022-07-25 04:00:00,0.5845260620117188
2022-07-26 04:00:00,0.4489879608154297
2022-07-27 04:00:00,-0.1355438232421875
2022-07-28 04:00:00,-0.2202587127685547
2022-07-29 04:00:00,-0.940322875976566
2022-08-01 04:00:00,-0.5760555267333949
2022-08-02 04:00:00,0.2880268096923828
2022-08-03 04:00:00,-0.1355419158935547
2022-08-04 04:00:00,-0.7454833984375
2022-08-05 04:00:00,0.11859893798828125
2022-08-08 04:00:00,0.16095733642578125
2022-08-09 04:00:00,-0.12707138061523793
2022-08-10 04:00:00,-0.20331382751464488
2022-08-11 04:00:00,0.1440143585205078
2022-08-12 04:00:00,-0.033885955810546875
2022-08-15 04:00:00,0.16095733642578125
2022-08-16 04:00:00,0.2626132965087855
2022-08-17 04:00:00,-0.42357063293456676
2022-08-18 04:00:00,0.2710838317871129
2022-08-19 04:00:00,0.09318733215332031
2022-08-22 04:00:00,-0.7539539337158239
2022-08-23 04:00:00,-0.033885955810546875
2022-08-24 04:00:00,0.016941070556640625
2022-08-25 04:00:00,0.3049716949462926
2022-08-26 04:00:00,-0.652297973632816
2022-08-29 04:00:00,-0.09318733215332031
2022-08-30 04:00:00,-0.05082702636718395
2022-08-31 04:00:00,-0.4489841461181676
2022-09-01 04:00:00,-0.29649925231933594
2022-09-02 04:00:00,-0.1355419158935547
2022-09-06 04:00:00,-0.7624263763427734
2022-09-07 04:00:00,0.5929985046386719
2022-09-08 04:00:00,-0.4489841461181605
2022-09-09 04:00:00,0.28802680969237926
2022-09-12 04:00:00,0.4066276550293004
2022-09-13 04:00:00,-1.1944675445556676
2022-09-14 04:00:00,-0.46592712402344105
2022-09-15 04:00:00,-0.37274169921874645
2022-09-16 04:00:00,-0.2117843627929723
2022-09-19 04:00:00,0.16942977905273793
2022-09-20 04:00:00,-0.3388576507568324
2022-09-21 04:00:00,-0.27955436706543324
2022-09-22 04:00:00,0.0508270263671875
2022-09-23 04:00:00,-0.7370128631591832
2022-09-26 04:00:00,-0.7454814910888636
2022-09-27 04:00:00,0.17789840698242188
2022-09-28 04:00:00,0.19484329223632457
2022-09-29 04:00:00,-0.3303852081298828
2022-09-30 04:00:00,-0.17790031433104758
2022-10-03 04:00:00,0.15248680114745383
2022-10-04 04:00:00,0.3727397918701172
2022-10-05 04:00:00,-0.8132534027099609
2022-10-06 04:00:00,-0.4489841461181605
2022-10-07 04:00:00,-0.4574546813964808
2022-10-10 04:00:00,-0.16942787170410512
2022-10-11 04:00:00,0.016942977905269885
2022-10-12 04:00:00,-0.07624244689941051
2022-10-13 04:00:00,0.22872734069824574
2022-10-14 04:00:00,-0.17790031433105824
2022-10-17 04:00:00,0.5591125488281286
2022-10-18 04:00:00,-0.025413513183600855
2022-10-19 04:00:00,-0.2541427612304652
2022-10-20 04:00:00,-0.13554382324219105
2022-10-21 04:00:00,0.21178627014160512
2022-10-24 04:00:00,0.06777191162109375
2022-10-25 04:00:00,0.4659271240234375
2022-10-26 04:00:00,0.12707138061523793
2022-10-27 04:00:00,0.5591106414794922
2022-10-28 04:00:00,0.36427116394042613
2022-10-31 04:00:00,-0.5421695709228516
2022-11-01 04:00:00,0.3134422302246129
2022-11-02 04:00:00,0.7708950042724538
2022-11-03 04:00:00,-0.46592521667480113
2022-11-04 04:00:00,0.7793693542480469
2022-11-07 05:00:00,0.516754150390625
2022-11-08 05:00:00,0.025415420532226562
2022-11-09 05:00:00,-0.9318542480468714
2022-11-10 05:00:00,0.711597442626946
2022-11-11 05:00:00,0.22872734069824574
2022-11-14 05:00:00,-0.3642711639404297
2022-11-15 05:00:00,-0.06777000427246094
2022-11-16 05:00:00,-0.05082893371581676
2022-11-17 05:00:00,0.23719787597655895
2022-11-18 05:00:00,0.228729248046875
2022-11-21 05:00:00,0.5506420135498047
2022-11-22 05:00:00,0.08471298217773438
2022-11-23 05:00:00,0.11012840270995738
2022-11-25 05:00:00,-0.11012840270995738
2022-11-28 05:00:00,0.15248489379882457
2022-11-29 05:00:00,-0.033885955810546875
2022-11-30 05:00:00,-0.05082893371581676
2022-12-01 05:00:00,-0.5675830841064453
2022-12-02 05:00:00,0.49134254455566406
2022-12-05 05:00:00,-0.7285423278808558
2022-12-06 05:00:00,-0.2117843627929723
2022-12-07 05:00:00,0.203313827514652
2022-12-08 05:00:00,-0.22025489807129262
2022-12-09 05:00:00,-0.34732627868652344
2022-12-12 05:00:00,-0.1863727569580078
2022-12-13 05:00:00,-0.44898414611816406
2022-12-14 05:00:00,0.26261329650878906
2022-12-15 05:00:00,-0.6014690399169922
2022-12-16 05:00:00,0.04235839843749645
2022-12-19 05:00:00,-0.533700942993157
2022-12-20 05:00:00,0.27955627441405895
2022-12-21 05:00:00,0.254144668579098
2022-12-22 05:00:00,0.008470535278323865
2022-12-23 05:00:00,0.30496978759765625
2022-12-27 05:00:00,0.2287273406982422
2022-12-28 05:00:00,-0.36427116394043324
2022-12-29 05:00:00,0.0677719116210973
2022-12-30 05:00:00,0.008472442626956678
2023-01-03 05:00:00,0.05929946899413707
2023-01-04 05:00:00,0.2202548980712855
2023-01-05 05:00:00,0.7031269073486364
2023-01-06 05:00:00,0.5675849914550781
2023-01-09 05:00:00,-0.0931854248046875
2023-01-10 05:00:00,-0.1779003143310547
2023-01-11 05:00:00,-0.042356491088863635
2023-01-12 05:00:00,0.22025680541991832
2023-01-13 05:00:00,0.313440322875973
2023-01-17 05:00:00,0.3812141418457067
2023-01-18 05:00:00,-0.7963123321533203
2023-01-19 05:00:00,0.3388557434082067
2023-01-20 05:00:00,0.2371997833251953
2023-01-23 05:00:00,0.13554191589355113
2023-01-24 05:00:00,-0.16095542907714844
2023-01-25 05:00:00,-0.35579872131347656
2023-01-26 05:00:00,-0.32191276550292613
2023-01-27 05:00:00,-0.2626132965087926
2023-01-30 05:00:00,-0.9149112701416051
2023-01-31 05:00:00,0.41509819030762074
2023-02-01 05:00:00,0.15248489379882812
2023-02-02 05:00:00,0.3219127655029297
2023-02-03 05:00:00,-0.6099414825439453
2023-02-06 05:00:00,-0.186370849609375
2023-02-07 05:00:00,-0.24567031860351562
2023-02-08 05:00:00,-0.08471298217773438
2023-02-09 05:00:00,1.4401359558105504
2023-02-10 05:00:00,-0.7200660705566406
2023-02-13 05:00:00,0.16095352172851207
2023-02-14 05:00:00,-0.3812103271484375
2023-02-15 05:00:00,0.35579872131347656
2023-02-16 05:00:00,-0.0677719116210973
2023-02-17 05:00:00,0.38121223449707387
2023-02-21 05:00:00,-0.1440143585205078
2023-02-22 05:00:00,-0.08471298217773793
2023-02-23 05:00:00,0.14401435852051137
2023-02-24 05:00:00,-0.05930137634277344
2023-02-27 05:00:00,-0.4150981903076172
2023-02-28 05:00:00,-0.7115974426269531
2023-03-01 05:00:00,0.2795562744140625
2023-03-02 05:00:00,0.5167541503906214
2023-03-03 05:00:00,-0.10165596008300426
2023-03-06 05:00:00,-0.30496978759765625
2023-03-07 05:00:00,-0.1524829864501953
2023-03-08 05:00:00,0.1863689422607422
2023-03-09 05:00:00,-0.16095542907714844
2023-03-10 05:00:00,0.06777000427246094
2023-03-13 04:00:00,-0.15248489379882812
2023-03-14 04:00:00,0.5845279693603516
2023-03-15 04:00:00,-0.46592712402344105
2023-03-16 04:00:00,-0.07624435424804332
2023-03-17 04:00:00,-0.4320411682128871
2023-03-20 04:00:00,-0.0677719116210973
2023-03-21 04:00:00,-0.31344032287597656
2023-03-22 04:00:00,-0.5591125488281286
2023-03-23 04:00:00,-0.5845260620117152
2023-03-24 04:00:00,0.5506401062011719
2023-03-27 04:00:00,0.21178436279296875
2023-03-28 04:00:00,-0.11012649536132812
2023-03-29 04:00:00,0.30496788024902344
2023-03-30 04:00:00,0.1863727569580078
2023-03-31 04:00:00,0.4150981903076172
2023-04-03 04:00:00,0.34732818603515625
2023-04-04 04:00:00,-0.5337009429931641
2023-04-05 04:00:00,-0.26261138916015625
2023-04-06 04:00:00,0.20331192016601918
2023-04-10 04:00:00,0.22872924804687145
2023-04-11 04:00:00,0.22025680541992543
2023-04-12 04:00:00,-0.016944885253909803
2023-04-13 04:00:00,0.05082893371582031
2023-04-14 04:00:00,-0.0762405395507777
2023-04-17 04:00:00,-0.11860084533692117
2023-04-18 04:00:00,-0.22872924804687145
2023-04-19 04:00:00,-0.08471107482910156
2023-04-20 04:00:00,-0.228729248046875
2023-04-21 04:00:00,-0.2371997833251953
2023-04-24 04:00:00,-0.016941070556640625
2023-04-25 04:00:00,-0.39815711975097656
2023-04-26 04:00:00,-0.26261329650878906
2023-04-27 04:00:00,0.4743995666503906
2023-04-28 04:00:00,0.6268825531005824
2023-05-01 04:00:00,-0.4405117034912074
2023-05-02 04:00:00,-0.4405117034912074
2023-05-03 04:00:00,0.03388404846191051
2023-05-04 04:00:00,0.16095542907714844
2023-05-05 04:00:00,0.6353549957275391
2023-05-08 04:00:00,-0.05929946899414418
2023-05-09 04:00:00,-0.2287273406982422
2023-05-10 04:00:00,0.0
2023-05-11 04:00:00,0.16095733642578836
2023-05-12 04:00:00,0.03388404846191051
2023-05-15 04:00:00,0.16095733642578125
2023-05-16 04:00:00,-0.17789840698242188
2023-05-17 04:00:00,0.6353549957275426
2023-05-18 04:00:00,0.20331192016601207
2023-05-19 04:00:00,0.11859893798828125
2023-05-22 04:00:00,-0.27955436706542613
2023-05-23 04:00:00,0.211786270141598
2023-05-24 04:00:00,0.10165596008300426
2023-05-25 04:00:00,-0.4913425445556605
2023-05-26 04:00:00,-0.4659271240234375
2023-05-30 04:00:00,-0.10165596008300781
2023-05-31 04:00:00,-0.2880268096923828
2023-06-01 04:00:00,-0.15248680114746094
2023-06-02 04:00:00,0.5929985046386719
2023-06-05 04:00:00,-0.12707138061523438
2023-06-06 04:00:00,0.22872924804687145
2023-06-07 04:00:00,0.23719787597656605
2023-06-08 04:00:00,-0.20331382751464488
2023-06-09 04:00:00,-0.2626132965087926
2023-06-12 04:00:00,0.4150981903076172
2023-06-13 04:00:00,-0.1355419158935547
2023-06-14 04:00:00,-0.41509819030762074
2023-06-15 04:00:00,-0.27955627441405895
2023-06-16 04:00:00,-0.355798721313473
2023-06-20 04:00:00,-0.1355438232421875
2023-06-21 04:00:00,-0.11012649536132812
2023-06-22 04:00:00,0.016942977905269885
2023-06-23 04:00:00,-0.4574565887451172
2023-06-26 04:00:00,0.008472442626953125
2023-06-27 04:00:00,-0.4066276550292969
2023-06-28 04:00:00,0.5760536193847656
2023-06-29 04:00:00,-0.12706947326660156
2023-06-30 04:00:00,0.49134063720703125
2023-07-03 04:00:00,0.14401435852051137
2023-07-05 04:00:00,0.09318733215332031
2023-07-06 04:00:00,0.008470535278320312
2023-07-07 04:00:00,0.05929946899413352
2023-07-10 04:00:00,-0.11860084533691051
2023-07-11 04:00:00,0.6607704162597621
2023-07-12 04:00:00,0.5421676635742223
2023-07-13 04:00:00,1.7196941375732422
2023-07-14 04:00:00,-0.2710838317871094
2023-07-17 04:00:00,0.033885955810546875
2023-07-18 04:00:00,-0.3303852081298828
2023-07-19 04:00:00,0.11012840270995738
2023-07-20 04:00:00,0.0
2023-07-21 04:00:00,-0.22872734069823863
2023-07-24 04:00:00,0.025413513183597303
2023-07-25 04:00:00,-0.18637084960937855
2023-07-26 04:00:00,0.02541351318359375
2023-07-27 04:00:00,0.3473300933837855
2023-07-28 04:00:00,-0.016944885253902697
2023-07-31 04:00:00,0.1609573364257848
2023-08-01 04:00:00,-0.10165786743164062
2023-08-02 04:00:00,0.08471488952636363
2023-08-03 04:00:00,0.16942787170410156
2023-08-04 04:00:00,0.24567031860351562
2023-08-07 04:00:00,-0.10165596008300781
2023-08-08 04:00:00,-0.12707138061523438
2023-08-09 04:00:00,0.033885955810546875
2023-08-10 04:00:00,0.4320411682128906
2023-08-11 04:00:00,0.39815521240234375
2023-08-14 04:00:00,-0.1863689422607422
2023-08-15 04:00:00,-0.1863727569580078
2023-08-16 04:00:00,-0.2880287170410121
2023-08-17 04:00:00,0.1863727569580007
2023-08-18 04:00:00,0.04235649108887074
2023-08-21 04:00:00,-0.04235649108887074
2023-08-22 04:00:00,-0.41509819030761363
2023-08-23 04:00:00,0.101654052734375
2023-08-24 04:00:00,0.008472442626956678
2023-08-25 04:00:00,-0.11012649536133168
2023-08-28 04:00:00,0.06777000427246449
2023-08-29 04:00:00,0.15248489379882812
2023-08-30 04:00:00,0.07624435424804332
2023-08-31 04:00:00,-0.11013031005859375
2023-09-01 04:00:00,-0.09318351745605469
2023-09-05 04:00:00,-0.5760555267333949
2023-09-06 04:00:00,-0.19484329223633168
2023-09-07 04:00:00,0.059299468994140625
2023-09-08 04:00:00,0.271087646484375
2023-09-11 04:00:00,0.12706947326660156
2023-09-12 04:00:00,0.08471298217773793
2023-09-13 04:00:00,0.14401435852050426
2023-09-14 04:00:00,0.2880287170410156
2023-09-15 04:00:00,-0.4489841461181605
2023-09-18 04:00:00,-0.3049716949462926
2023-09-19 04:00:00,-0.33038330078125
2023-09-20 04:00:00,-0.169427871704098
2023-09-21 04:00:00,-0.262615203857429
2023-09-22 04:00:00,-0.5845260620117188
2023-09-25 04:00:00,0.01694297790527699
2023-09-26 04:00:00,0.008472442626949572
2023-09-27 04:00:00,-0.22025680541991832
2023-09-28 04:00:00,0.0
2023-09-29 04:00:00,0.21178436279296875
2023-10-02 04:00:00,-0.22025680541992188
2023-10-03 04:00:00,0.4235706329345703
2023-10-04 04:00:00,0.2795543670654297
2023-10-05 04:00:00,0.10165977478027344
2023-10-06 04:00:00,-0.2795581817626953
2023-10-09 04:00:00,0.49134254455566406
2023-10-10 04:00:00,0.3219127655029297
2023-10-11 04:00:00,-0.10165596008300781
2023-10-12 04:00:00,-0.38968658447265625
2023-10-13 04:00:00,0.3727436065673828
2023-10-16 04:00:00,0.22025489807128906
2023-10-17 04:00:00,0.16942787170410156
2023-10-18 04:00:00,0.186370849609375
2023-10-19 04:00:00,-0.1948413848876953
2023-10-20 04:00:00,-0.10165786743164062
2023-10-23 04:00:00,-0.8132534027099609
2023-10-24 04:00:00,0.03388595581055043
2023-10-25 04:00:00,0.07624244689941051
2023-10-26 04:00:00,0.7370109558105504
2023-10-27 04:00:00,0.13554382324218395
2023-10-30 04:00:00,0.6861820220947266
2023-10-31 04:00:00,0.12706947326660156
2023-11-01 04:00:00,0.10165977478027344
2023-11-02 04:00:00,-0.008472442626953125
2023-11-03 04:00:00,0.4743976593017578
2023-11-06 05:00:00,0.2371997833251953
2023-11-07 05:00:00,0.0
2023-11-08 05:00:00,-0.6861858367919922
2023-11-09 05:00:00,0.33885955810546875
2023-11-10 05:00:00,-0.09318733215332031
2023-11-13 05:00:00,0.16942787170410156
2023-11-14 05:00:00,0.39815711975097656
2023-11-15 05:00:00,-0.33038520812988637
2023-11-16 05:00:00,-0.211786270141598
2023-11-17 05:00:00,0.05930137634277344
2023-11-20 05:00:00,0.10165596008300781
2023-11-21 05:00:00,-0.144012451171875
2023-11-22 05:00:00,0.025413513183597303
2023-11-24 05:00:00,0.05929946899413707
2023-11-27 05:00:00,-0.20331192016601207
2023-11-28 05:00:00,-0.3558006286621129
2023-11-29 05:00:00,-0.025413513183597303
2023-11-30 05:00:00,0.14401435852051137
2023-12-01 05:00:00,0.033885955810546875
2023-12-04 05:00:00,0.5167541503906214
2023-12-05 05:00:00,0.2626132965087926
2023-12-06 05:00:00,-0.245672225952152
2023-12-07 05:00:00,0.14401435852051137
2023-12-08 05:00:00,-0.101654052734375
2023-12-11 05:00:00,-0.0677719116210973
2023-12-12 05:00:00,-0.3388576507568324
2023-12-13 05:00:00,0.9826812744140625
2023-12-14 05:00:00,-0.45745277404785156
2023-12-15 05:00:00,-0.37274169921875
2023-12-18 05:00:00,0.144012451171875
2023-12-19 05:00:00,0.3388557434082067
2023-12-20 05:00:00,-0.0677719116210973
2023-12-21 05:00:00,0.2626152038574254
2023-12-22 05:00:00,0.04235649108886719
2023-12-26 05:00:00,0.11859893798828125
2023-12-27 05:00:00,0.18637084960937145
2023-12-28 05:00:00,0.3219127655029297
2023-12-29 05:00:00,0.07624435424804688
2024-01-02 05:00:00,0.6268825531005859
2024-01-03 05:00:00,-0.3388557434082031
2024-01-04 05:00:00,0.0
2024-01-05 05:00:00,0.2626132965087926
2024-01-08 05:00:00,0.4998130798339844
2024-01-09 05:00:00,-0.16095924377441762
2024-01-10 05:00:00,-0.16942596435546875
2024-01-11 05:00:00,-0.2287273406982422
2024-01-12 05:00:00,0.0508270263671875
2024-01-16 05:00:00,-0.042354583740234375
2024-01-17 05:00:00,0.07624053955078125
2024-01-18 05:00:00,-0.016941070556640625
2024-01-19 05:00:00,-0.3642711639404297
2024-01-22 05:00:00,0.05082893371582031
2024-01-23 05:00:00,-0.0423583984375
2024-01-24 05:00:00,-0.4235706329345703
2024-01-25 05:00:00,-0.07624244689941406
2024-01-26 05:00:00,0.20331382751464844
2024-01-29 05:00:00,0.16942787170410156
2024-01-30 05:00:00,0.008472442626953125
2024-01-31 05:00:00,-0.4998130798339844
2024-02-01 05:00:00,0.27955627441406605
2024-02-02 05:00:00,-0.3896827697753942
2024-02-05 05:00:00,-0.07624435424804688
2024-02-06 05:00:00,-0.02541351318359375
2024-02-07 05:00:00,0.18637084960937855
2024-02-08 05:00:00,0.12707328796386363
2024-02-09 05:00:00,0.016939163208007812
2024-02-12 05:00:00,0.6099433898925781
2024-02-13 05:00:00,-0.016942977905273438
2024-02-14 05:00:00,0.05929946899414418
2024-02-15 05:00:00,0.4320411682128906
2024-02-16 05:00:00,-0.03388786315918324
2024-02-20 05:00:00,0.49134063720703125
2024-02-21 05:00:00,-0.1270675659179652
2024-02-22 05:00:00,-0.18637084960937855
2024-02-23 05:00:00,0.0931854248046875
2024-02-26 05:00:00,1.9653625488281286
2024-02-27 05:00:00,0.8640823364257741
2024-02-28 05:00:00,0.12707328796387074
2024-02-29 05:00:00,-0.4405136108398402
2024-03-01 05:00:00,0.2117843627929652
2024-03-04 05:00:00,-0.20331382751464488
2024-03-05 05:00:00,0.38121223449706676
2024-03-06 05:00:00,-0.27955627441405895
2024-03-07 05:00:00,0.3558006286621058
2024-03-08 05:00:00,0.0
2024-03-11 04:00:00,0.39815521240234375
2024-03-12 04:00:00,0.44051361083984375
2024-03-13 04:00:00,-0.33885765075683594
2024-03-14 04:00:00,0.6607685089111328
2024-03-15 04:00:00,-0.059299468994140625
2024-03-18 04:00:00,0.059299468994140625
2024-03-19 04:00:00,-0.16095733642578125
2024-03-20 04:00:00,0.12707328796387074
2024-03-21 04:00:00,0.15248680114745738
2024-03-22 04:00:00,-0.04236030578613281
2024-03-25 04:00:00,0.26261329650878906
2024-03-26 04:00:00,0.1270732879638672
2024-03-27 04:00:00,0.2371978759765625
2024-03-28 04:00:00,-0.2287273406982422
2024-04-01 04:00:00,0.16095542907714844
2024-04-02 04:00:00,0.49981117248535156
2024-04-03 04:00:00,-0.33038330078125
2024-04-04 04:00:00,0.0931854248046875
2024-04-05 04:00:00,0.2202606201171875
2024-04-08 04:00:00,0.14401054382324574
2024-04-09 04:00:00,0.05082893371581321
2024-04-10 04:00:00,-0.10165786743163707
2024-04-11 04:00:00,0.6861839294433594
2024-04-12 04:00:00,-0.7285404205322266
2024-04-15 04:00:00,0.24567222595214844
2024-04-16 04:00:00,0.11859703063964844
2024-04-17 04:00:00,-0.24567031860351562
2024-04-18 04:00:00,0.22872734069824574
2024-04-19 04:00:00,0.18637275695800426
2024-04-22 04:00:00,0.186370849609375
2024-04-23 04:00:00,-0.22872734069824574
2024-04-24 04:00:00,0.23719787597656605
2024-04-25 04:00:00,-0.10165596008300781
2024-04-26 04:00:00,-0.10165977478027699
2024-04-29 04:00:00,0.3219146728515625
2024-04-30 04:00:00,-0.10165596008300426
2024-05-01 04:00:00,-0.5336990356445312
2024-05-02 04:00:00,0.4743995666503906
2024-05-03 04:00:00,0.2795543670654297
2024-05-06 04:00:00,0.3134441375732422
2024-05-07 04:00:00,-0.08471488952637074
2024-05-08 04:00:00,0.4743976593017578
2024-05-09 04:00:00,0.3134441375732422
2024-05-10 04:00:00,-0.2965011596679652
2024-05-13 04:00:00,0.5506381988525391
2024-05-14 04:00:00,0.6099433898925781
2024-05-15 04:00:00,-0.15248489379882812
2024-05-16 04:00:00,-0.5252265930175746
2024-05-17 04:00:00,-0.2880287170410192
2024-05-20 04:00:00,0.6353569030761719
2024-05-21 04:00:00,-0.2710838317871094
2024-05-22 04:00:00,-1.1775264739990234
2024-05-23 04:00:00,-0.5845279693603516
2024-05-24 04:00:00,0.6184139251708984
2024-05-28 04:00:00,-0.2880287170410156
2024-05-29 04:00:00,0.2626152038574219
2024-05-30 04:00:00,-0.5337009429931641
2024-05-31 04:00:00,0.12707328796387074
2024-06-03 04:00:00,-0.906438827514652
2024-06-04 04:00:00,-0.16942977905273438
2024-06-05 04:00:00,-0.4235706329345703
2024-06-06 04:00:00,0.06777381896972656
2024-06-07 04:00:00,-0.11860275268554688
2024-06-10 04:00:00,0.07624435424804688
2024-06-11 04:00:00,0.703125
2024-06-12 04:00:00,-0.008470535278320312
2024-06-13 04:00:00,-0.11859893798828125
2024-06-14 04:00:00,-0.07624435424804688
2024-06-17 04:00:00,-0.05082511901855824
2024-06-18 04:00:00,0.6861801147460973
2024-06-20 04:00:00,0.5167560577392543
2024-06-21 04:00:00,0.5929985046386754
2024-06-24 04:00:00,0.6861858367919886
2024-06-25 04:00:00,0.4405097961425817
2024-06-26 04:00:00,-0.1355438232421875
2024-06-27 04:00:00,0.23720169067382812
2024-06-28 04:00:00,0.16942596435546875
2024-07-01 04:00:00,-0.21178436279296875
2024-07-02 04:00:00,0.44051361083984375
2024-07-03 04:00:00,-0.07624435424804688
2024-07-05 04:00:00,-0.5082855224609375
2024-07-08 04:00:00,0.15248870849609375
2024-07-09 04:00:00,-0.2710838317871094
2024-07-10 04:00:00,0.101654052734375
2024-07-11 04:00:00,-0.11013031005859375
2024-07-12 04:00:00,0.13554763793945312
2024-07-15 04:00:00,0.17789840698242188
2024-07-16 04:00:00,0.703125
2024-07-17 04:00:00,-0.11012649536132812
2024-07-18 04:00:00,0.6861801147460938
2024-07-19 04:00:00,-0.3812141418457031
2024-07-22 04:00:00,0.48287200927734375
2024-07-23 04:00:00,-0.3812103271484375
2024-07-24 04:00:00,0.5336952209472656
2024-07-25 04:00:00,0.8132591247558594
2024-07-26 04:00:00,0.4828681945800781
2024-07-29 04:00:00,-0.3303871154785156
2024-07-30 04:00:00,0.186370849609375
2024-07-31 04:00:00,-0.1948394775390625
2024-08-01 04:00:00,0.8301925659179688
2024-08-02 04:00:00,-0.6268806457519531
2024-08-05 04:00:00,1.5587348937988281
2024-08-06 04:00:00,0.33885574340821023
2024-08-07 04:00:00,0.2880287170410085
2024-08-08 04:00:00,0.3134422302246094
2024-08-09 04:00:00,0.21178436279296875
2024-08-12 04:00:00,-0.6014671325683594
2024-08-13 04:00:00,0.22025680541992188
2024-08-14 04:00:00,1.2452926635742188
2024-08-15 04:00:00,-1.2707099914550781
2024-08-16 04:00:00,-0.7539558410644531
2024-08-19 04:00:00,0.3727455139160156
2024-08-20 04:00:00,-0.16942596435546875
2024-08-21 04:00:00,0.36426925659178977
2024-08-22 04:00:00,0.0
2024-08-23 04:00:00,0.5929946899414134
2024-08-26 04:00:00,0.38968658447265625
2024-08-27 04:00:00,-0.33885955810546875
2024-08-28 04:00:00,0.8132553100585938
2024-08-29 04:00:00,0.6946525573730469
2024-08-30 04:00:00,0.059307098388671875
2024-09-03 04:00:00,-0.6523017883300781
2024-09-04 04:00:00,0.33038330078125
2024-09-05 04:00:00,-0.6099395751953125
2024-09-06 04:00:00,-0.17789840698242188
2024-09-09 04:00:00,-0.12707138061523438
2024-09-10 04:00:00,-1.7535820007324219
2024-09-11 04:00:00,-0.8810272216796875
2024-09-12 04:00:00,-0.6268806457519531
2024-09-13 04:00:00,-0.7624282836914062
2024-09-16 04:00:00,0.5760574340820312
2024-09-17 04:00:00,0.3558006286621094
2024-09-18 04:00:00,0.5845260620117188
2024-09-19 04:00:00,0.9233818054199219
2024-09-20 04:00:00,-1.2537651062011719
2024-09-23 04:00:00,1.0504493713378835
2024-09-24 04:00:00,0.05083084106446023
2024-09-25 04:00:00,-0.37274169921875
2024-09-26 04:00:00,0.39815521240234375
2024-09-27 04:00:00,0.8132553100585938
2024-09-30 04:00:00,1.6858062744140625
2024-10-01 04:00:00,1.7535781860351491
2024-10-02 04:00:00,-0.22025299072264914
2024-10-03 04:00:00,-3.6342315673828054
2024-10-04 04:00:00,0.8725509643554545
2024-10-07 04:00:00,0.7709007263183665
2024-10-08 04:00:00,0.516754150390625
2024-10-09 04:00:00,-0.4320411682128906
2024-10-10 04:00:00,-0.711597442626946
2024-10-11 04:00:00,-0.16095352172852273
2024-10-14 04:00:00,0.4574546813964844
2024-10-15 04:00:00,0.12707138061523438
2024-10-16 04:00:00,0.24567031860351562
2024-10-17 04:00:00,-0.10165786743164062
2024-10-18 04:00:00,-0.0423583984375
2024-10-21 04:00:00,-0.6268806457519531
2024-10-22 04:00:00,0.07624053955078125
2024-10-23 04:00:00,0.931854248046875
2024-10-24 04:00:00,0.601470947265625
2024-10-25 04:00:00,-0.28803253173828125
2024-10-28 04:00:00,1.0504570007324219
2024-10-29 04:00:00,0.5421676635742188
2024-10-30 04:00:00,-0.3388557434082031
2024-10-31 04:00:00,0.6353569030761719
2024-11-01 04:00:00,1.4655494689941406
2024-11-04 05:00:00,0.9149131774902273
2024-11-05 05:00:00,2.143260955810554
2024-11-06 05:00:00,-0.7963066101074219
2024-11-07 05:00:00,-0.4151039123535156
2024-11-08 05:00:00,1.24530029296875
2024-11-11 05:00:00,-0.4659271240234375
2024-11-12 05:00:00,0.0
2024-11-13 05:00:00,-0.465923309326179
2024-11-14 05:00:00,-2.024665832519524
2024-11-15 05:00:00,0.8556098937988281
2024-11-18 05:00:00,0.30496978759765625
2024-11-19 05:00:00,0.432037353515625
2024-11-20 05:00:00,0.0
2024-11-21 05:00:00,0.033889770507819605
2024-11-22 05:00:00,-0.4574584960937642
2024-11-25 05:00:00,-1.185993194580071
2024-11-26 05:00:00,0.35579681396484375
2024-11-27 05:00:00,-0.21178436279296875
2024-11-29 05:00:00,0.9572677612304688
2024-12-02 05:00:00,-0.17789459228514914
2024-12-03 05:00:00,-0.11013031005860086
2024-12-04 05:00:00,0.13554000854492188
2024-12-05 05:00:00,-0.33038330078125
2024-12-06 05:00:00,-0.5760536193847585
2024-12-09 05:00:00,-1.6603965759277415
2024-12-10 05:00:00,0.3134422302246094
2024-12-11 05:00:00,1.0335121154785156
2024-12-12 05:00:00,-0.1355438232421875
2024-12-13 05:00:00,0.11013031005859375
2024-12-16 05:00:00,1.0419769287109375
2024-12-17 05:00:00,-0.45745086669921875
2024-12-18 05:00:00,-2.1093788146972585
2024-12-19 05:00:00,-0.533702850341804
2024-12-20 05:00:00,-1.1605758666992188
2024-12-23 05:00:00,-0.228729248046875
2024-12-24 05:00:00,0.34732818603515625
2024-12-26 05:00:00,-0.5760574340820312
2024-12-27 05:00:00,0.2541389465332031
2024-12-30 05:00:00,-0.4405059814453125
2024-12-31 05:00:00,-0.00847625732421875
2025-01-02 05:00:00,1.5587387084961009
2025-01-03 05:00:00,0.5845260620117188
2025-01-06 05:00:00,-1.194469451904304
2025-01-07 05:00:00,-0.999622344970696
2025-01-08 05:00:00,0.5167541503906179
2025-01-10 05:00:00,0.008472442626953125
2025-01-13 05:00:00,-0.3558006286621094
2025-01-14 05:00:00,0.24567413330078125
2025-01-15 05:00:00,0.008472442626953125
2025-01-16 05:00:00,-0.43204498291015625
2025-01-17 05:00:00,-0.016941070556640625
2025-01-21 05:00:00,-0.6607704162597585
2025-01-22 05:00:00,0.4574584960937429
2025-01-23 05:00:00,1.3808364868164062
2025-01-24 05:00:00,-0.9487953186035085
2025-01-27 05:00:00,0.6099395751953054
2025-01-28 05:00:00,0.008472442626953125
2025-01-29 05:00:00,0.4998130798339844
2025-01-30 05:00:00,0.3473243713378906
2025-01-31 05:00:00,-0.6438255310058594
2025-02-03 05:00:00,1.07586669921875
2025-02-04 05:00:00,-0.4659271240234375
2025-02-05 05:00:00,0.37274169921875
2025-02-06 05:00:00,0.8047866821289062
2025-02-07 05:00:00,2.033130645751953
2025-02-10 05:00:00,0.3812141418457031
2025-02-11 05:00:00,0.8894996643066406
2025-02-12 05:00:00,-1.8806495666503906
2025-02-13 05:00:00,1.4570770263671875
2025-02-14 05:00:00,1.5502700805664134
2025-02-18 05:00:00,-1.465557098388679
2025-02-19 05:00:00,0.8132553100585938
2025-02-20 05:00:00,-1.07586669921875
2025-02-21 05:00:00,1.0928115844726491
2025-02-24 05:00:00,0.737010955810554
2025-02-25 05:00:00,-0.03388595581055398
2025-02-26 05:00:00,0.1948394775390696
2025-02-27 05:00:00,-0.3219108581542969
2025-02-28 05:00:00,0.49134063720703125
2025-03-03 05:00:00,0.3134422302246094
2025-03-04 05:00:00,-0.7200698852538991
2025-03-05 05:00:00,-0.44898223876953836
2025-03-06 05:00:00,-0.6607742309570312
2025-03-07 05:00:00,1.7112236022949219
2025-03-10 04:00:00,1.1097564697265696
2025-03-11 04:00:00,-2.2025642395019602
2025-03-12 04:00:00,-1.8806495666503906
2025-03-13 04:00:00,-0.7115974426269531
2025-03-14 04:00:00,-0.5506401062011719
2025-03-17 04:00:00,-0.01694488525390625
2025-03-18 04:00:00,0.059299468994140625
2025-03-19 04:00:00,0.6777153015136719
2025-03-20 04:00:00,1.2368240356445312
2025-03-21 04:00:00,-2.2872772216796875
2025-03-24 04:00:00,1.3130645751953125
2025-03-25 04:00:00,0.24567031860351562
2025-03-26 04:00:00,1.2876510620117188
2025-03-27 04:00:00,0.5506439208984375
2025-03-28 04:00:00,0.12706756591796875
2025-03-31 04:00:00,0.9487953186035227
2025-04-01 04:00:00,1.4824943542480398
2025-04-02 04:00:00,-0.813251495361321
2025-04-03 04:00:00,1.9694786071777273
2025-04-04 04:00:00,-1.0421028137207031
2025-04-07 04:00:00,-0.47802734375
2025-04-08 04:00:00,-0.37286376953125
2025-04-09 04:00:00,1.2333145141601562
2025-04-10 04:00:00,1.1090240478515625
2025-04-11 04:00:00,1.2237586975097656
2025-04-14 04:00:00,-0.2198944091796875
2025-04-15 04:00:00,0.6787986755371094
2025-04-16 04:00:00,0.0478057861328125
2025-04-17 04:00:00,0.650115966796875
2025-04-21 04:00:00,-0.3633003234863281
2025-04-22 04:00:00,0.8413314819335938
2025-04-23 04:00:00,0.05736541748046875
2025-04-24 04:00:00,-0.5831985473632812
2025-04-25 04:00:00,-0.40154266357421875
2025-04-28 04:00:00,-0.22945404052734375
2025-04-29 04:00:00,0.6405563354492188
2025-04-30 04:00:00,0.573638916015625
2025-05-01 04:00:00,-7.485935211181648
2025-05-02 04:00:00,-0.5831947326660085
2025-05-05 04:00:00,0.6118736267089844
2025-05-06 04:00:00,-0.13384628295898438
2025-05-07 04:00:00,0.13384628295898438
2025-05-08 04:00:00,0.4971504211425781
2025-05-09 04:00:00,-0.21989059448242188
2025-05-12 04:00:00,-0.7266044616699219
2025-05-13 04:00:00,0.305938720703125
2025-05-14 04:00:00,-0.8986968994140625
2025-05-15 04:00:00,1.5201339721679688
2025-05-16 04:00:00,1.3002395629882812
2025-05-19 04:00:00,0.10516738891601562
2025-05-20 04:00:00,2.351898193359375
2025-05-21 04:00:00,-0.2868156433105469
2025-05-22 04:00:00,-1.6444206237792898
2025-05-23 04:00:00,0.3919830322265554
2025-05-27 04:00:00,-1.2237510681152415
2025-05-28 04:00:00,0.12428665161133523
2025-05-29 04:00:00,0.5258331298828196
2025-05-30 04:00:00,0.1529693603515554
2025-06-02 04:00:00,0.3537406921386719
2025-06-03 04:00:00,-0.3346214294433594
2025-06-04 04:00:00,-1.4723281860351634
2025-06-05 04:00:00,-0.14340591430663352
2025-06-06 04:00:00,-0.4971504211425781
2025-06-09 04:00:00,-1.051666259765625
2025-06-10 04:00:00,-0.46846771240233664
2025-06-11 04:00:00,-0.25813674926758523
2025-06-12 04:00:00,0.61187744140625
2025-06-13 04:00:00,0.37286376953125
2025-06-16 04:00:00,-0.17209243774414062
2025-06-17 04:00:00,-0.05736160278321023
2025-06-18 04:00:00,0.0
2025-06-20 04:00:00,-0.4397888183593679
2025-06-23 04:00:00,0.6118812561035227
2025-06-24 04:00:00,0.5162658691406179
2025-06-25 04:00:00,-1.634857177734375
2025-06-26 04:00:00,-0.3441810607910156
2025-06-27 04:00:00,0.009563446044921875
2025-06-30 04:00:00,0.40154266357421875
2025-07-01 04:00:00,0.4875907897949219
2025-07-02 04:00:00,0.22945404052735086
2025-07-03 04:00:00,0.15296554565428977
2025-07-07 04:00:00,-0.6309967041015625
2025-07-08 04:00:00,0.5067100524902415
2025-07-09 04:00:00,-0.44934463500977273
2025-07-10 04:00:00,-0.38242340087890625
2025-07-11 04:00:00,0.16252899169921875
2025-07-14 04:00:00,0.0
2025-07-15 04:00:00,-0.9847412109375
2025-07-16 04:00:00,0.12429046630859375
2025-07-17 04:00:00,0.8604507446289062
2025-07-18 04:00:00,-0.11472702026367188
2025-07-21 04:00:00,0.7552871704101634
2025-07-22 04:00:00,1.214191436767571
2025-07-23 04:00:00,1.0229835510253977
2025-07-24 04:00:00,-0.7457237243652415
2025-07-25 04:00:00,0.5353889465332031
2025-07-28 04:00:00,-0.1912078857421804
2025-07-29 04:00:00,-0.6979255676269602
2025-07-30 04:00:00,0.7457275390625
2025-07-31 04:00:00,-0.29637908935546875
2025-08-01 04:00:00,0.5162696838378906
2025-08-04 04:00:00,1.0325431823730469
2025-08-05 04:00:00,-0.047801971435546875
2025-08-06 04:00:00,0.3441810607910156
2025-08-07 04:00:00,0.5640716552734375
2025-08-08 04:00:00,0.047801971435546875
2025-08-11 04:00:00,0.43022918701171875
2025-08-12 04:00:00,-0.544952392578125
2025-08-13 04:00:00,-0.20077133178710938
2025-08-14 04:00:00,-1.7878303527832031
2025-08-15 04:00:00,0.200775146484375
2025-08-18 04:00:00,-0.09560775756835938
2025-08-19 04:00:00,-0.07648468017578125
2025-08-20 04:00:00,1.4899978637695312
2025-08-21 04:00:00,0.07999801635742188
2025-08-22 04:00:00,-1.0999984741210938
2025-08-25 04:00:00,-1.0999984741210938
2025-08-26 04:00:00,-0.4500007629394531
2025-08-27 04:00:00,0.31999969482421875
2025-08-28 04:00:00,-1.2999992370605469
2025-08-29 04:00:00,0.8199996948242188
2025-09-02 04:00:00,0.18999862670898438
2025-09-03 04:00:00,-1.1199989318847656
2025-09-04 04:00:00,0.7999992370605469
2025-09-05 04:00:00,-0.029998779296875
2025-09-08 04:00:00,0.2599983215332031
2025-09-09 04:00:00,-0.8899993896484375
2025-09-10 04:00:00,-0.3600006103515625
2025-09-11 04:00:00,0.7600021362304688
2025-09-12 04:00:00,-0.43000030517578125
2025-09-15 04:00:00,-0.8100013732910156
2025-09-16 04:00:00,-0.279998779296875
2025-09-17 04:00:00,-0.220001220703125
2025-09-18 04:00:00,-0.9300003051757812
2025-09-19 04:00:00,-0.7000007629394602
2025-09-22 04:00:00,0.5
2025-09-23 04:00:00,-0.5499992370605398
2025-09-24 04:00:00,0.6700019836425781
2025-09-25 04:00:00,-0.470001220703125
2025-09-26 04:00:00,-0.3100013732910085
2025-09-29 04:00:00,-0.3099975585937571
2025-09-30 04:00:00,0.5
2025-10-01 04:00:00,0.5200004577636719
2025-10-02 04:00:00,-0.3200035095214844
2025-10-03 04:00:00,-0.1999969482421875
2025-10-06 04:00:00,-2.200000762939453
2025-10-07 04:00:00,0.04000091552734375
2025-10-08 04:00:00,-0.5800018310546875
2025-10-09 04:00:00,-0.09000015258789062
2025-10-10 04:00:00,0.9200019836425781
2025-10-13 04:00:00,-1.0200004577636719
2025-10-14 04:00:00,0.279998779296875
2025-10-15 04:00:00,0.06999969482421875
2025-10-16 04:00:00,-0.8600006103515554
2025-10-17 04:00:00,0.0800018310546804
2025-10-20 04:00:00,0.09999847412109375
2025-10-21 04:00:00,0.31999969482422586
2025-10-22 04:00:00,0.3600006103515554
2025-10-23 04:00:00,-0.529998779296875
2025-10-24 04:00:00,-0.1399993896484375
2025-10-27 04:00:00,0.4399986267089844
2025-10-28 04:00:00,0.06999969482421875
2025-10-29 04:00:00,0.1399993896484375
2025-10-30 04:00:00,-0.039997100830078125
2025-10-31 04:00:00,0.019996643066399145
2025-11-03 05:00:00,-0.1699981689453054
2025-11-04 05:00:00,-0.6800003051757812
2025-11-05 05:00:00,-0.29000091552734375
2025-11-06 05:00:00,-0.34999847412109375
2025-11-07 05:00:00,0.4399986267089844
2025-11-10 05:00:00,0.470001220703125
2025-11-11 05:00:00,0.2700004577636719
2025-11-12 05:00:00,0.15999984741210938
2025-11-13 05:00:00,-0.2999992370605469
2025-11-14 05:00:00,-0.13000106811523438
2025-11-17 05:00:00,-0.2999992370605469
2025-11-18 05:00:00,0.2599983215332031
2025-11-19 05:00:00,0.13000106811523438
2025-11-20 05:00:00,0.0
2025-11-21 05:00:00,1.1899986267089844
2025-11-24 05:00:00,-1.3699989318847656
2025-11-25 05:00:00,-0.020000457763671875
2025-11-26 05:00:00,0.13000106811523438
2025-11-28 05:00:00,0.5
2025-12-01 05:00:00,0.8899993896484375
2025-12-02 05:00:00,-0.029998779296875
2025-12-03 05:00:00,0.049999237060546875
2025-12-04 05:00:00,0.6199989318847656
2025-12-05 05:00:00,0.17000198364257812
2025-12-08 05:00:00,-1.3400001525878906
2025-12-09 05:00:00,-0.31999969482421875
2025-12-10 05:00:00,0.3299980163574219
2025-12-11 05:00:00,1.2900009155273438
2025-12-12 05:00:00,0.2700004577636719
2025-12-15 05:00:00,-0.3300018310546875
2025-12-16 05:00:00,-0.48999786376953125
2025-12-17 05:00:00,0.45999908447265625
2025-12-18 05:00:00,-0.2700004577636719
2025-12-19 05:00:00,0.09999847412108664
2025-12-22 05:00:00,-0.02000045776366477
2025-12-23 05:00:00,0.27000045776366477
2025-12-24 05:00:00,0.20000076293946023
2025-12-26 05:00:00,-0.06999969482421875
2025-12-29 05:00:00,-0.040000915527336645
2025-12-30 05:00:00,-0.11999893188477273
2025-12-31 05:00:00,-0.6699981689453125
2026-01-02 05:00:00,0.8799972534179688
2026-01-05 05:00:00,-0.1699981689453125
2026-01-06 05:00:00,-2.1500015258789062
2026-01-07 05:00:00,-0.4099998474121094
2026-01-08 05:00:00,1.3500022888183594
2026-01-09 05:00:00,0.28999710083008523
2026-01-12 05:00:00,1.2700004577636648
2026-01-13 05:00:00,0.3600006103515625
2026-01-14 05:00:00,1.2999992370605469
2026-01-15 05:00:00,-0.07999801635742188
2026-01-16 05:00:00,-0.26000213623046875
2026-01-20 05:00:00,0.4600028991699219
2026-01-21 05:00:00,-0.3800010681152344
2026-01-22 05:00:00,0.279998779296875
2026-01-23 05:00:00,0.299999237060554
2026-01-26 05:00:00,0.46000289916991477
2026-01-27 05:00:00,0.779998779296875
2026-01-28 05:00:00,-0.20999908447265625
2026-01-29 05:00:00,0.3699989318847656
2026-01-30 05:00:00,-0.060001373291015625
2026-02-02 05:00:00,0.31999969482421164
2026-02-03 05:00:00,-0.00999832153319602
2026-02-04 05:00:00,-0.15999984741210938
2026-02-05 05:00:00,-0.060001373291015625
2026-02-06 05:00:00,-0.09000015258789062
2026-02-09 05:00:00,-0.20000076293945312
2026-02-10 05:00:00,-0.3899993896484304
2026-02-11 05:00:00,0.40999984741209516
2026-02-12 05:00:00,-1.539997100830071
2026-02-13 05:00:00,1.6699981689453125
2026-02-17 05:00:00,0.15999984741210938
2026-02-18 05:00:00,0.279998779296875
2026-02-19 05:00:00,-1.30999755859375
2026-02-20 05:00:00,-0.7099990844726562
2026-02-23 05:00:00,-0.75
2026-02-24 05:00:00,0.8199996948242188
2026-02-25 05:00:00,-0.8900032043457031
2026-02-26 05:00:00,0.5500030517578125
2026-02-27 05:00:00,1.6899986267089844
2026-03-02 05:00:00,-0.8100013732910227
2026-03-03 05:00:00,-0.43999862670897727
2026-03-04 05:00:00,-0.45999908447265625
2026-03-05 05:00:00,-0.7000007629394531
2026-03-06 05:00:00,0.0
2026-03-09 04:00:00,-1.0200004577636719
2026-03-10 04:00:00,-1.0900001525878906
2026-03-11 04:00:00,-1.2599983215332031
2026-03-12 04:00:00,-1.190002441406257
2026-03-13 04:00:00,0.040000915527350855
2026-03-16 04:00:00,0.5100021362304688
2026-03-17 04:00:00,0.5900001525878906
2026-03-18 04:00:00,-0.7900009155273438
2026-03-19 04:00:00,-0.8700027465820312
2026-03-20 04:00:00,-0.4399986267089844
2026-03-23 04:00:00,-0.2599983215332031
2026-03-24 04:00:00,0.25
2026-03-25 04:00:00,0.1999969482421875
2026-03-26 04:00:00,0.7100028991699219
2026-03-27 04:00:00,0.5900001525878906
2026-03-30 04:00:00,0.7199974060058523
2026-03-31 04:00:00,0.31999969482422586
2026-04-01 04:00:00,0.220001220703125
2026-04-02 04:00:00,-0.6499977111816406
2026-04-06 04:00:00,-0.3600006103515625
2026-04-07 04:00:00,-1.3700027465820312
2026-04-08 04:00:00,0.3400001525878906
2026-04-09 04:00:00,0.0500030517578125
2026-04-10 04:00:00,-0.5500030517578125
2026-04-13 04:00:00,0.19000244140625
2026-04-14 04:00:00,-0.5400009155273438
2026-04-15 04:00:00,-1.4500007629394531
2026-04-16 04:00:00,0.01000213623046875
2026-04-17 04:00:00,0.2599983215332031
2026-04-20 04:00:00,-0.8800010681152344
2026-04-21 04:00:00,0.060001373291015625
2026-04-22 04:00:00,-0.15000152587890625
2026-04-23 04:00:00,0.7700004577636719
2026-04-24 04:00:00,-0.07999801635742188
2026-04-27 04:00:00,-0.5
2026-04-28 04:00:00,-0.2700004577636719
2026-04-29 04:00:00,-1.7100009918212855
2026-04-30 04:00:00,1.9499988555908168
2026-05-01 04:00:00,-1.2199993133544922
2026-05-04 04:00:00,-1.289999008178711
2026-05-05 04:00:00,0.7299995422363281
2026-05-06 04:00:00,-0.020000457763671875
2026-05-07 04:00:00,-0.8999996185302699
2026-05-08 04:00:00,-1.2999992370605504
2026-05-11 04:00:00,-0.4400005340576172
2026-05-12 04:00:00,0.0
2026-05-13 04:00:00,-0.7999992370605504
2026-05-14 04:00:00,-0.010000228881832385
2026-05-15 04:00:00,-0.29000091552734375
2026-05-18 04:00:00,0.8000011444091761
2026-05-19 04:00:00,0.03999900817871804
2026-05-20 04:00:00,0.25
2026-05-21 04:00:00,0.350000381469723
2026-05-22 04:00:00,-0.5400009155273438
2026-05-26 04:00:00,-0.25
2026-05-27 04:00:00,0.8100013732910156
2026-05-28 04:00:00,-0.4799995422363281
2026-05-29 04:00:00,-0.23000144958496094
2026-06-01 04:00:00,0.48000144958496094
2026-06-02 04:00:00,-0.7900009155273438
2026-06-03 04:00:00,-0.42000007629394887
2026-06-04 04:00:00,1.3899993896484375
2026-06-05 04:00:00,0.9099998474121129
2026-06-08 04:00:00,-0.6999988555908203
2026-06-09 04:00:00,0.5599994659423828
2026-06-10 04:00:00,-0.23999977111816406
2026-06-11 04:00:00,0.15999984741210938
2026-06-12 04:00:00,0.4099998474121094
2026-06-15 04:00:00,-1.029998779296875
2026-06-16 04:00:00,0.049999237060546875
2026-06-17 04:00:00,-0.7399997711181641
2026-06-18 04:00:00,-1.0300006866455078
2026-06-22 04:00:00,-0.6900005340576172
2026-06-23 04:00:00,1.090000152587887
2026-06-24 04:00:00,-0.15999984741210582
2026-06-25 04:00:00,-0.7899990081787109
2026-06-26 04:00:00,1.840000152587887
2026-06-29 04:00:00,0.3400001525878942
2026-06-30 04:00:00,-0.8400001525878942
2026-07-01 04:00:00,0.4399986267089879
2026-07-02 04:00:00,0.21000099182129262
2026-07-06 04:00:00,-0.1100006103515625
2026-07-07 04:00:00,0.12000083923339488
2026-07-08 04:00:00,-1.3700008392333949
2026-07-09 04:00:00,0.010000228881832385
2026-07-10 04:00:00,0.8400001525878906
2026-07-13 04:00:00,0.2600002288818395
2026-07-14 04:00:00,-0.29000091552735086
2026-07-15 04:00:00,0.20000076293945668
2026-07-16 04:00:00,0.5900001525878942
2026-07-17 04:00:00,0.10000038146971946
2026-07-20 04:00:00,0.04999923706055043
2026-07-21 04:00:00,-0.6100006103515625
2026-07-22 04:00:00,-0.11999893188476562
2026-07-23 04:00:00,-0.5100002288818359
2026-07-24 04:00:00,0.7600002288818359
2026-07-27 04:00:00,0.5100002288818359
2026-07-28 04:00:00,0.6199989318847656
2026-07-29 04:00:00,0.1400012969970703
2026-07-30 04:00:00,-0.6100006103515625
2026-07-31 04:00:00,-1.9799995422363317
2026-08-03 04:00:00,0.5599994659423864
2026-08-04 04:00:00,-0.9600009918212891
2026-08-05 04:00:00,-0.3799991607666051
2026-08-06 04:00:00,0.9699993133544957
2026-08-07 04:00:00,-0.09999847412109375
2026-08-10 04:00:00,-0.9400005340576136
2026-08-11 04:00:00,0.35000038146971946
2026-08-12 04:00:00,0.0
2026-08-13 04:00:00,0.7399997711181676
2026-08-14 04:00:00,0.2999992370605504
2026-08-17 04:00:00,0.8700008392333949
2026-08-18 04:00:00,-0.2800006866455078
2026-08-19 04:00:00,2.7900009155273438
2026-08-20 04:00:00,-0.04000091552734375
2026-08-21 04:00:00,1.010000228881836
2026-08-24 04:00:00,-0.45999908447265625
2026-08-25 04:00:00,0.6399993896484375
2026-08-26 04:00:00,-1.1399993896484375
2026-08-27 04:00:00,-0.1800003051757848
2026-08-28 04:00:00,0.5799999237060582
2026-08-31 04:00:00,-0.3100013732910156
2026-09-01 04:00:00,-0.28999900817871094
2026-09-02 04:00:00,0.030000686645507812
2026-09-03 04:00:00,-0.610000610351559
2026-09-04 04:00:00,-0.030000686645511365
2026-09-08 04:00:00,-0.48999977111816406
2026-09-09 04:00:00,0.25
2026-09-10 04:00:00,-0.3099994659423828
2026-09-11 04:00:00,0.3099994659423828
2026-09-14 04:00:00,0.010000228881835938
2026-09-15 04:00:00,-0.38999938964844105
2026-09-16 04:00:00,-0.20000076293944957
