transf,order,seasonal_order,exog,aic_triagem,mae_val
log,"(0, 1, 2)","(1, 0, 0, 12)",calendario+preco_medio_lag1+custo_medio_lag1,5.898078622764627,0.315892959390722
log,"(0, 1, 2)","(1, 0, 0, 12)",calendario+preco_medio_lag1+idade_media_lag1,5.898078622764627,0.2433845149604812
log,"(0, 1, 2)","(1, 0, 0, 12)",calendario+preco_medio_lag1+n_transacoes_lag1,5.898078622764627,0.23590780287810129
log,"(0, 1, 2)","(1, 0, 0, 12)",calendario+preco_medio_lag1+pct_cat_Accessories_lag1,5.898078622764627,0.2410503937405576
log,"(0, 1, 2)","(1, 0, 0, 12)",calendario+preco_medio_lag1+pct_cat_Bikes_lag1,5.898078622764627,0.239019224026385
log,"(0, 1, 2)","(1, 0, 0, 12)",calendario+preco_medio_lag1+pct_cat_Clothing_lag1,5.898078622764627,0.23432963281119865
log,"(0, 1, 2)","(1, 0, 0, 12)",calendario+preco_medio_lag1+pct_pais_Australia_lag1,5.898078622764627,0.3351163781001023
log,"(0, 1, 2)","(1, 0, 0, 12)",calendario+preco_medio_lag1+pct_pais_Canada_lag1,5.898078622764627,0.2984205404548383
log,"(0, 1, 2)","(1, 0, 0, 12)",calendario+preco_medio_lag1+pct_pais_France_lag1,5.898078622764627,0.29254289318457943
log,"(0, 1, 2)","(1, 0, 0, 12)",calendario+preco_medio_lag1+pct_pais_Germany_lag1,5.898078622764627,0.2830955573496258
log,"(0, 1, 2)","(1, 0, 0, 12)",calendario+preco_medio_lag1+pct_pais_United Kingdom_lag1,5.898078622764627,0.2790458651108466
log,"(0, 1, 2)","(1, 0, 0, 12)",calendario+preco_medio_lag1+pct_pais_United States_lag1,5.898078622764627,0.2878638606948527
log,"(0, 1, 2)","(1, 0, 0, 12)",calendario+preco_medio_lag1+pct_genero_M_lag1,5.898078622764627,0.25891692078184414
log,"(0, 1, 2)","(1, 0, 0, 12)",calendario+custo_medio_lag1+idade_media_lag1,5.898078622764627,0.2370188347815919
log,"(0, 1, 2)","(1, 0, 0, 12)",calendario+custo_medio_lag1+n_transacoes_lag1,5.898078622764627,0.2424008204053215
log,"(0, 1, 2)","(1, 0, 0, 12)",calendario+custo_medio_lag1+pct_cat_Accessories_lag1,5.898078622764627,0.23746467441880612
log,"(0, 1, 2)","(1, 0, 0, 12)",calendario+custo_medio_lag1+pct_cat_Bikes_lag1,5.898078622764627,0.2358809055111799
log,"(0, 1, 2)","(1, 0, 0, 12)",calendario+custo_medio_lag1+pct_cat_Clothing_lag1,5.898078622764627,0.24246710180355635
log,"(0, 1, 2)","(1, 0, 0, 12)",calendario+custo_medio_lag1+pct_pais_Australia_lag1,5.898078622764627,0.33862262678050903
log,"(0, 1, 2)","(1, 0, 0, 12)",calendario+custo_medio_lag1+pct_pais_Canada_lag1,5.898078622764627,0.2928548352181903
log,"(0, 1, 2)","(1, 0, 0, 12)",calendario+custo_medio_lag1+pct_pais_France_lag1,5.898078622764627,0.2870088948000829
log,"(0, 1, 2)","(1, 0, 0, 12)",calendario+custo_medio_lag1+pct_pais_Germany_lag1,5.898078622764627,0.2799693293355376
log,"(0, 1, 2)","(1, 0, 0, 12)",calendario+custo_medio_lag1+pct_pais_United Kingdom_lag1,5.898078622764627,0.2702834481626764
log,"(0, 1, 2)","(1, 0, 0, 12)",calendario+custo_medio_lag1+pct_pais_United States_lag1,5.898078622764627,0.2829310022574097
log,"(0, 1, 2)","(1, 0, 0, 12)",calendario+custo_medio_lag1+pct_genero_M_lag1,5.898078622764627,0.25260971779659785
log,"(0, 1, 2)","(1, 0, 0, 12)",calendario+idade_media_lag1+n_transacoes_lag1,5.898078622764627,0.2850894586803999
log,"(0, 1, 2)","(1, 0, 0, 12)",calendario+idade_media_lag1+pct_cat_Accessories_lag1,5.898078622764627,0.22366085313456088
log,"(0, 1, 2)","(1, 0, 0, 12)",calendario+idade_media_lag1+pct_cat_Bikes_lag1,5.898078622764627,0.22711927725482398
log,"(0, 1, 2)","(1, 0, 0, 12)",calendario+idade_media_lag1+pct_cat_Clothing_lag1,5.898078622764627,0.2406119691896432
log,"(0, 1, 2)","(1, 0, 0, 12)",calendario+idade_media_lag1+pct_pais_Australia_lag1,5.898078622764627,0.36493077445391514
log,"(0, 1, 2)","(1, 0, 0, 12)",calendario+idade_media_lag1+pct_pais_Canada_lag1,5.898078622764627,0.2742101448114111
log,"(0, 1, 2)","(1, 0, 0, 12)",calendario+idade_media_lag1+pct_pais_France_lag1,5.898078622764627,0.29705437080843416
log,"(0, 1, 2)","(1, 0, 0, 12)",calendario+idade_media_lag1+pct_pais_Germany_lag1,5.898078622764627,0.2869337830337492
log,"(0, 1, 2)","(1, 0, 0, 12)",calendario+idade_media_lag1+pct_pais_United Kingdom_lag1,5.898078622764627,0.2856440175432723
log,"(0, 1, 2)","(1, 0, 0, 12)",calendario+idade_media_lag1+pct_pais_United States_lag1,5.898078622764627,0.28131140385581127
log,"(0, 1, 2)","(1, 0, 0, 12)",calendario+idade_media_lag1+pct_genero_M_lag1,5.898078622764627,0.27942945699399374
log,"(0, 1, 2)","(1, 0, 0, 12)",calendario+n_transacoes_lag1+pct_cat_Accessories_lag1,5.898078622764627,0.26213378145695604
log,"(0, 1, 2)","(1, 0, 0, 12)",calendario+n_transacoes_lag1+pct_cat_Bikes_lag1,5.898078622764627,0.2635771466920423
log,"(0, 1, 2)","(1, 0, 0, 12)",calendario+n_transacoes_lag1+pct_cat_Clothing_lag1,5.898078622764627,0.2594669140771226
log,"(0, 1, 2)","(1, 0, 0, 12)",calendario+n_transacoes_lag1+pct_pais_Australia_lag1,5.898078622764627,0.27593512014849075
log,"(0, 1, 2)","(1, 0, 0, 12)",calendario+n_transacoes_lag1+pct_pais_Canada_lag1,5.898078622764627,0.2946275296521205
log,"(0, 1, 2)","(1, 0, 0, 12)",calendario+n_transacoes_lag1+pct_pais_France_lag1,5.898078622764627,0.3072424870690875
log,"(0, 1, 2)","(1, 0, 0, 12)",calendario+n_transacoes_lag1+pct_pais_Germany_lag1,5.898078622764627,0.25906650040796636
log,"(0, 1, 2)","(1, 0, 0, 12)",calendario+n_transacoes_lag1+pct_pais_United Kingdom_lag1,5.898078622764627,0.2986274963764204
log,"(0, 1, 2)","(1, 0, 0, 12)",calendario+n_transacoes_lag1+pct_pais_United States_lag1,5.898078622764627,0.2987277044151408
log,"(0, 1, 2)","(1, 0, 0, 12)",calendario+n_transacoes_lag1+pct_genero_M_lag1,5.898078622764627,0.32252587652888887
log,"(0, 1, 2)","(1, 0, 0, 12)",calendario+pct_cat_Accessories_lag1+pct_cat_Bikes_lag1,5.898078622764627,0.2894221800077232
log,"(0, 1, 2)","(1, 0, 0, 12)",calendario+pct_cat_Accessories_lag1+pct_cat_Clothing_lag1,5.898078622764627,0.2890776303673623
log,"(0, 1, 2)","(1, 0, 0, 12)",calendario+pct_cat_Accessories_lag1+pct_pais_Australia_lag1,5.898078622764627,0.323537989668539
log,"(0, 1, 2)","(1, 0, 0, 12)",calendario+pct_cat_Accessories_lag1+pct_pais_Canada_lag1,5.898078622764627,0.23010936452511588
log,"(0, 1, 2)","(1, 0, 0, 12)",calendario+pct_cat_Accessories_lag1+pct_pais_France_lag1,5.898078622764627,0.24251085385787655
log,"(0, 1, 2)","(1, 0, 0, 12)",calendario+pct_cat_Accessories_lag1+pct_pais_Germany_lag1,5.898078622764627,0.24282265172589115
log,"(0, 1, 2)","(1, 0, 0, 12)",calendario+pct_cat_Accessories_lag1+pct_pais_United Kingdom_lag1,5.898078622764627,0.25038068324230545
log,"(0, 1, 2)","(1, 0, 0, 12)",calendario+pct_cat_Accessories_lag1+pct_pais_United States_lag1,5.898078622764627,0.2735191538091763
log,"(0, 1, 2)","(1, 0, 0, 12)",calendario+pct_cat_Accessories_lag1+pct_genero_M_lag1,5.898078622764627,0.23315207628647017
log,"(0, 1, 2)","(1, 0, 0, 12)",calendario+pct_cat_Bikes_lag1+pct_cat_Clothing_lag1,5.898078622764627,0.2889264732045353
log,"(0, 1, 2)","(1, 0, 0, 12)",calendario+pct_cat_Bikes_lag1+pct_pais_Australia_lag1,5.898078622764627,0.32562878734415285
log,"(0, 1, 2)","(1, 0, 0, 12)",calendario+pct_cat_Bikes_lag1+pct_pais_Canada_lag1,5.898078622764627,0.2321707710295129
log,"(0, 1, 2)","(1, 0, 0, 12)",calendario+pct_cat_Bikes_lag1+pct_pais_France_lag1,5.898078622764627,0.24431655623906137
log,"(0, 1, 2)","(1, 0, 0, 12)",calendario+pct_cat_Bikes_lag1+pct_pais_Germany_lag1,5.898078622764627,0.23769532766456689
log,"(0, 1, 2)","(1, 0, 0, 12)",calendario+pct_cat_Bikes_lag1+pct_pais_United Kingdom_lag1,5.898078622764627,0.2483162156016824
log,"(0, 1, 2)","(1, 0, 0, 12)",calendario+pct_cat_Bikes_lag1+pct_pais_United States_lag1,5.898078622764627,0.2726585384508384
log,"(0, 1, 2)","(1, 0, 0, 12)",calendario+pct_cat_Bikes_lag1+pct_genero_M_lag1,5.898078622764627,0.23557118912296246
log,"(0, 1, 2)","(1, 0, 0, 12)",calendario+pct_cat_Clothing_lag1+pct_pais_Australia_lag1,5.898078622764627,0.313053880043771
log,"(0, 1, 2)","(1, 0, 0, 12)",calendario+pct_cat_Clothing_lag1+pct_pais_Canada_lag1,5.898078622764627,0.2400228626241424
log,"(0, 1, 2)","(1, 0, 0, 12)",calendario+pct_cat_Clothing_lag1+pct_pais_France_lag1,5.898078622764627,0.2507148968148158
log,"(0, 1, 2)","(1, 0, 0, 12)",calendario+pct_cat_Clothing_lag1+pct_pais_Germany_lag1,5.898078622764627,0.23148144051097397
log,"(0, 1, 2)","(1, 0, 0, 12)",calendario+pct_cat_Clothing_lag1+pct_pais_United Kingdom_lag1,5.898078622764627,0.2576713296532755
log,"(0, 1, 2)","(1, 0, 0, 12)",calendario+pct_cat_Clothing_lag1+pct_pais_United States_lag1,5.898078622764627,0.26995048323668974
log,"(0, 1, 2)","(1, 0, 0, 12)",calendario+pct_cat_Clothing_lag1+pct_genero_M_lag1,5.898078622764627,0.24688402959561387
log,"(0, 1, 2)","(1, 0, 0, 12)",calendario+pct_pais_Australia_lag1+pct_pais_Canada_lag1,5.898078622764627,0.3301274807268931
log,"(0, 1, 2)","(1, 0, 0, 12)",calendario+pct_pais_Australia_lag1+pct_pais_France_lag1,5.898078622764627,0.3500933060915308
log,"(0, 1, 2)","(1, 0, 0, 12)",calendario+pct_pais_Australia_lag1+pct_pais_Germany_lag1,5.898078622764627,0.3049085680165073
log,"(0, 1, 2)","(1, 0, 0, 12)",calendario+pct_pais_Australia_lag1+pct_pais_United Kingdom_lag1,5.898078622764627,0.3347588144976106
log,"(0, 1, 2)","(1, 0, 0, 12)",calendario+pct_pais_Australia_lag1+pct_pais_United States_lag1,5.898078622764627,0.3325520327862175
log,"(0, 1, 2)","(1, 0, 0, 12)",calendario+pct_pais_Australia_lag1+pct_genero_M_lag1,5.898078622764627,0.3306462370132029
log,"(0, 1, 2)","(1, 0, 0, 12)",calendario+pct_pais_Canada_lag1+pct_pais_France_lag1,5.898078622764627,0.30109638992862203
log,"(0, 1, 2)","(1, 0, 0, 12)",calendario+pct_pais_Canada_lag1+pct_pais_Germany_lag1,5.898078622764627,0.28208988447956557
log,"(0, 1, 2)","(1, 0, 0, 12)",calendario+pct_pais_Canada_lag1+pct_pais_United Kingdom_lag1,5.898078622764627,0.2723583202312437
log,"(0, 1, 2)","(1, 0, 0, 12)",calendario+pct_pais_Canada_lag1+pct_pais_United States_lag1,5.898078622764627,0.29233102783421
log,"(0, 1, 2)","(1, 0, 0, 12)",calendario+pct_pais_Canada_lag1+pct_genero_M_lag1,5.898078622764627,0.2886288847505011
log,"(0, 1, 2)","(1, 0, 0, 12)",calendario+pct_pais_France_lag1+pct_pais_Germany_lag1,5.898078622764627,0.35103367957816783
log,"(0, 1, 2)","(1, 0, 0, 12)",calendario+pct_pais_France_lag1+pct_pais_United Kingdom_lag1,5.898078622764627,0.2881384774425762
log,"(0, 1, 2)","(1, 0, 0, 12)",calendario+pct_pais_France_lag1+pct_pais_United States_lag1,5.898078622764627,0.2961998728831795
log,"(0, 1, 2)","(1, 0, 0, 12)",calendario+pct_pais_France_lag1+pct_genero_M_lag1,5.898078622764627,0.31572975620289495
log,"(0, 1, 2)","(1, 0, 0, 12)",calendario+pct_pais_Germany_lag1+pct_pais_United Kingdom_lag1,5.898078622764627,0.30389382495781797
log,"(0, 1, 2)","(1, 0, 0, 12)",calendario+pct_pais_Germany_lag1+pct_pais_United States_lag1,5.898078622764627,0.29856606393912605
log,"(0, 1, 2)","(1, 0, 0, 12)",calendario+pct_pais_Germany_lag1+pct_genero_M_lag1,5.898078622764627,0.2912527974895394
log,"(0, 1, 2)","(1, 0, 0, 12)",calendario+pct_pais_United Kingdom_lag1+pct_pais_United States_lag1,5.898078622764627,0.2820414025099567
log,"(0, 1, 2)","(1, 0, 0, 12)",calendario+pct_pais_United Kingdom_lag1+pct_genero_M_lag1,5.898078622764627,0.2858093389667948
log,"(0, 1, 2)","(1, 0, 0, 12)",calendario+pct_pais_United States_lag1+pct_genero_M_lag1,5.898078622764627,0.29534354078743963
log,"(0, 1, 2)","(1, 0, 0, 12)",preco_medio_lag1+custo_medio_lag1+idade_media_lag1,5.898078622764627,0.3231833285706948
log,"(0, 1, 2)","(1, 0, 0, 12)",preco_medio_lag1+custo_medio_lag1+n_transacoes_lag1,5.898078622764627,0.29951525648460847
log,"(0, 1, 2)","(1, 0, 0, 12)",preco_medio_lag1+custo_medio_lag1+pct_cat_Accessories_lag1,5.898078622764627,0.32708880605526564
log,"(0, 1, 2)","(1, 0, 0, 12)",preco_medio_lag1+custo_medio_lag1+pct_cat_Bikes_lag1,5.898078622764627,0.3292088079949495
log,"(0, 1, 2)","(1, 0, 0, 12)",preco_medio_lag1+custo_medio_lag1+pct_cat_Clothing_lag1,5.898078622764627,0.33455321151156464
log,"(0, 1, 2)","(1, 0, 0, 12)",preco_medio_lag1+custo_medio_lag1+pct_pais_Australia_lag1,5.898078622764627,0.32771770113037496
log,"(0, 1, 2)","(1, 0, 0, 12)",preco_medio_lag1+custo_medio_lag1+pct_pais_Canada_lag1,5.898078622764627,0.319390416999314
log,"(0, 1, 2)","(1, 0, 0, 12)",preco_medio_lag1+custo_medio_lag1+pct_pais_France_lag1,5.898078622764627,0.35350685977707824
log,"(0, 1, 2)","(1, 0, 0, 12)",preco_medio_lag1+custo_medio_lag1+pct_pais_Germany_lag1,5.898078622764627,0.32838027110172496
log,"(0, 1, 2)","(1, 0, 0, 12)",preco_medio_lag1+custo_medio_lag1+pct_pais_United Kingdom_lag1,5.898078622764627,0.3284796005848598
log,"(0, 1, 2)","(1, 0, 0, 12)",preco_medio_lag1+custo_medio_lag1+pct_pais_United States_lag1,5.898078622764627,0.33144749356045433
log,"(0, 1, 2)","(1, 0, 0, 12)",preco_medio_lag1+custo_medio_lag1+pct_genero_M_lag1,5.898078622764627,0.34446177627156943
log,"(0, 1, 2)","(1, 0, 0, 12)",preco_medio_lag1+idade_media_lag1+n_transacoes_lag1,5.898078622764627,0.24295834556810203
log,"(0, 1, 2)","(1, 0, 0, 12)",preco_medio_lag1+idade_media_lag1+pct_cat_Accessories_lag1,5.898078622764627,0.23985927664763737
log,"(0, 1, 2)","(1, 0, 0, 12)",preco_medio_lag1+idade_media_lag1+pct_cat_Bikes_lag1,5.898078622764627,0.23813124047676848
log,"(0, 1, 2)","(1, 0, 0, 12)",preco_medio_lag1+idade_media_lag1+pct_cat_Clothing_lag1,5.898078622764627,0.23362432660954888
log,"(0, 1, 2)","(1, 0, 0, 12)",preco_medio_lag1+idade_media_lag1+pct_pais_Australia_lag1,5.898078622764627,0.347122686032433
log,"(0, 1, 2)","(1, 0, 0, 12)",preco_medio_lag1+idade_media_lag1+pct_pais_Canada_lag1,5.898078622764627,0.24836478109213056
log,"(0, 1, 2)","(1, 0, 0, 12)",preco_medio_lag1+idade_media_lag1+pct_pais_France_lag1,5.898078622764627,0.28071871029297757
log,"(0, 1, 2)","(1, 0, 0, 12)",preco_medio_lag1+idade_media_lag1+pct_pais_Germany_lag1,5.898078622764627,0.2755654399623498
log,"(0, 1, 2)","(1, 0, 0, 12)",preco_medio_lag1+idade_media_lag1+pct_pais_United Kingdom_lag1,5.898078622764627,0.25491607427028357
log,"(0, 1, 2)","(1, 0, 0, 12)",preco_medio_lag1+idade_media_lag1+pct_pais_United States_lag1,5.898078622764627,0.2832624895811526
log,"(0, 1, 2)","(1, 0, 0, 12)",preco_medio_lag1+idade_media_lag1+pct_genero_M_lag1,5.898078622764627,0.2633807021328974
log,"(0, 1, 2)","(1, 0, 0, 12)",preco_medio_lag1+n_transacoes_lag1+pct_cat_Accessories_lag1,5.898078622764627,0.260436178111187
log,"(0, 1, 2)","(1, 0, 0, 12)",preco_medio_lag1+n_transacoes_lag1+pct_cat_Bikes_lag1,5.898078622764627,0.2656951902018256
log,"(0, 1, 2)","(1, 0, 0, 12)",preco_medio_lag1+n_transacoes_lag1+pct_cat_Clothing_lag1,5.898078622764627,0.2844176274415355
log,"(0, 1, 2)","(1, 0, 0, 12)",preco_medio_lag1+n_transacoes_lag1+pct_pais_Australia_lag1,5.898078622764627,0.3128618800260398
log,"(0, 1, 2)","(1, 0, 0, 12)",preco_medio_lag1+n_transacoes_lag1+pct_pais_Canada_lag1,5.898078622764627,0.24316582834959646
log,"(0, 1, 2)","(1, 0, 0, 12)",preco_medio_lag1+n_transacoes_lag1+pct_pais_France_lag1,5.898078622764627,0.2714134676676147
log,"(0, 1, 2)","(1, 0, 0, 12)",preco_medio_lag1+n_transacoes_lag1+pct_pais_Germany_lag1,5.898078622764627,0.24486994609878351
log,"(0, 1, 2)","(1, 0, 0, 12)",preco_medio_lag1+n_transacoes_lag1+pct_pais_United Kingdom_lag1,5.898078622764627,0.2533879405623904
log,"(0, 1, 2)","(1, 0, 0, 12)",preco_medio_lag1+n_transacoes_lag1+pct_pais_United States_lag1,5.898078622764627,0.3170135559418968
log,"(0, 1, 2)","(1, 0, 0, 12)",preco_medio_lag1+n_transacoes_lag1+pct_genero_M_lag1,5.898078622764627,0.26526532018864973
log,"(0, 1, 2)","(1, 0, 0, 12)",preco_medio_lag1+pct_cat_Accessories_lag1+pct_cat_Bikes_lag1,5.898078622764627,0.28508445953755807
log,"(0, 1, 2)","(1, 0, 0, 12)",preco_medio_lag1+pct_cat_Accessories_lag1+pct_cat_Clothing_lag1,5.898078622764627,0.28483122816880174
log,"(0, 1, 2)","(1, 0, 0, 12)",preco_medio_lag1+pct_cat_Accessories_lag1+pct_pais_Australia_lag1,5.898078622764627,0.33491770982963764
log,"(0, 1, 2)","(1, 0, 0, 12)",preco_medio_lag1+pct_cat_Accessories_lag1+pct_pais_Canada_lag1,5.898078622764627,0.2742343664651326
log,"(0, 1, 2)","(1, 0, 0, 12)",preco_medio_lag1+pct_cat_Accessories_lag1+pct_pais_France_lag1,5.898078622764627,0.2764043921373221
log,"(0, 1, 2)","(1, 0, 0, 12)",preco_medio_lag1+pct_cat_Accessories_lag1+pct_pais_Germany_lag1,5.898078622764627,0.2764060537592923
log,"(0, 1, 2)","(1, 0, 0, 12)",preco_medio_lag1+pct_cat_Accessories_lag1+pct_pais_United Kingdom_lag1,5.898078622764627,0.24539035730728356
log,"(0, 1, 2)","(1, 0, 0, 12)",preco_medio_lag1+pct_cat_Accessories_lag1+pct_pais_United States_lag1,5.898078622764627,0.2744385415824212
log,"(0, 1, 2)","(1, 0, 0, 12)",preco_medio_lag1+pct_cat_Accessories_lag1+pct_genero_M_lag1,5.898078622764627,0.25681571122105246
log,"(0, 1, 2)","(1, 0, 0, 12)",preco_medio_lag1+pct_cat_Bikes_lag1+pct_cat_Clothing_lag1,5.898078622764627,0.2848186568734823
log,"(0, 1, 2)","(1, 0, 0, 12)",preco_medio_lag1+pct_cat_Bikes_lag1+pct_pais_Australia_lag1,5.898078622764627,0.338607497767621
log,"(0, 1, 2)","(1, 0, 0, 12)",preco_medio_lag1+pct_cat_Bikes_lag1+pct_pais_Canada_lag1,5.898078622764627,0.2714172686175454
log,"(0, 1, 2)","(1, 0, 0, 12)",preco_medio_lag1+pct_cat_Bikes_lag1+pct_pais_France_lag1,5.898078622764627,0.2726167563256245
log,"(0, 1, 2)","(1, 0, 0, 12)",preco_medio_lag1+pct_cat_Bikes_lag1+pct_pais_Germany_lag1,5.898078622764627,0.27493487127319977
log,"(0, 1, 2)","(1, 0, 0, 12)",preco_medio_lag1+pct_cat_Bikes_lag1+pct_pais_United Kingdom_lag1,5.898078622764627,0.24248584111562788
log,"(0, 1, 2)","(1, 0, 0, 12)",preco_medio_lag1+pct_cat_Bikes_lag1+pct_pais_United States_lag1,5.898078622764627,0.27149442073732194
log,"(0, 1, 2)","(1, 0, 0, 12)",preco_medio_lag1+pct_cat_Bikes_lag1+pct_genero_M_lag1,5.898078622764627,0.25787708968979817
log,"(0, 1, 2)","(1, 0, 0, 12)",preco_medio_lag1+pct_cat_Clothing_lag1+pct_pais_Australia_lag1,5.898078622764627,0.3478719491840176
log,"(0, 1, 2)","(1, 0, 0, 12)",preco_medio_lag1+pct_cat_Clothing_lag1+pct_pais_Canada_lag1,5.898078622764627,0.25850804413408096
log,"(0, 1, 2)","(1, 0, 0, 12)",preco_medio_lag1+pct_cat_Clothing_lag1+pct_pais_France_lag1,5.898078622764627,0.25828388918507966
log,"(0, 1, 2)","(1, 0, 0, 12)",preco_medio_lag1+pct_cat_Clothing_lag1+pct_pais_Germany_lag1,5.898078622764627,0.2674095570206098
log,"(0, 1, 2)","(1, 0, 0, 12)",preco_medio_lag1+pct_cat_Clothing_lag1+pct_pais_United Kingdom_lag1,5.898078622764627,0.24209330224879685
log,"(0, 1, 2)","(1, 0, 0, 12)",preco_medio_lag1+pct_cat_Clothing_lag1+pct_pais_United States_lag1,5.898078622764627,0.26830142052088984
log,"(0, 1, 2)","(1, 0, 0, 12)",preco_medio_lag1+pct_cat_Clothing_lag1+pct_genero_M_lag1,5.898078622764627,0.2621826539434335
log,"(0, 1, 2)","(1, 0, 0, 12)",preco_medio_lag1+pct_pais_Australia_lag1+pct_pais_Canada_lag1,5.898078622764627,0.2993586497022808
log,"(0, 1, 2)","(1, 0, 0, 12)",preco_medio_lag1+pct_pais_Australia_lag1+pct_pais_France_lag1,5.898078622764627,0.34234520936392276
log,"(0, 1, 2)","(1, 0, 0, 12)",preco_medio_lag1+pct_pais_Australia_lag1+pct_pais_Germany_lag1,5.898078622764627,0.31797876026935784
log,"(0, 1, 2)","(1, 0, 0, 12)",preco_medio_lag1+pct_pais_Australia_lag1+pct_pais_United Kingdom_lag1,5.898078622764627,0.3430913426757473
log,"(0, 1, 2)","(1, 0, 0, 12)",preco_medio_lag1+pct_pais_Australia_lag1+pct_pais_United States_lag1,5.898078622764627,0.3293563661054318
log,"(0, 1, 2)","(1, 0, 0, 12)",preco_medio_lag1+pct_pais_Australia_lag1+pct_genero_M_lag1,5.898078622764627,0.351670083187932
log,"(0, 1, 2)","(1, 0, 0, 12)",preco_medio_lag1+pct_pais_Canada_lag1+pct_pais_France_lag1,5.898078622764627,0.30862375735550224
log,"(0, 1, 2)","(1, 0, 0, 12)",preco_medio_lag1+pct_pais_Canada_lag1+pct_pais_Germany_lag1,5.898078622764627,0.2670952899376318
log,"(0, 1, 2)","(1, 0, 0, 12)",preco_medio_lag1+pct_pais_Canada_lag1+pct_pais_United Kingdom_lag1,5.898078622764627,0.2914663583362293
log,"(0, 1, 2)","(1, 0, 0, 12)",preco_medio_lag1+pct_pais_Canada_lag1+pct_pais_United States_lag1,5.898078622764627,0.3318829815692796
log,"(0, 1, 2)","(1, 0, 0, 12)",preco_medio_lag1+pct_pais_Canada_lag1+pct_genero_M_lag1,5.898078622764627,0.3028106514909297
log,"(0, 1, 2)","(1, 0, 0, 12)",preco_medio_lag1+pct_pais_France_lag1+pct_pais_Germany_lag1,5.898078622764627,0.28737086130016615
log,"(0, 1, 2)","(1, 0, 0, 12)",preco_medio_lag1+pct_pais_France_lag1+pct_pais_United Kingdom_lag1,5.898078622764627,0.2800187817311674
log,"(0, 1, 2)","(1, 0, 0, 12)",preco_medio_lag1+pct_pais_France_lag1+pct_pais_United States_lag1,5.898078622764627,0.34095844723075763
log,"(0, 1, 2)","(1, 0, 0, 12)",preco_medio_lag1+pct_pais_France_lag1+pct_genero_M_lag1,5.898078622764627,0.29247886888947244
log,"(0, 1, 2)","(1, 0, 0, 12)",preco_medio_lag1+pct_pais_Germany_lag1+pct_pais_United Kingdom_lag1,5.898078622764627,0.27508343349375286
log,"(0, 1, 2)","(1, 0, 0, 12)",preco_medio_lag1+pct_pais_Germany_lag1+pct_pais_United States_lag1,5.898078622764627,0.29964005706306135
log,"(0, 1, 2)","(1, 0, 0, 12)",preco_medio_lag1+pct_pais_Germany_lag1+pct_genero_M_lag1,5.898078622764627,0.28244276775689897
log,"(0, 1, 2)","(1, 0, 0, 12)",preco_medio_lag1+pct_pais_United Kingdom_lag1+pct_pais_United States_lag1,5.898078622764627,0.29230690450504676
log,"(0, 1, 2)","(1, 0, 0, 12)",preco_medio_lag1+pct_pais_United Kingdom_lag1+pct_genero_M_lag1,5.898078622764627,0.28708824208294315
log,"(0, 1, 2)","(1, 0, 0, 12)",preco_medio_lag1+pct_pais_United States_lag1+pct_genero_M_lag1,5.898078622764627,0.31008293035765067
log,"(0, 1, 2)","(1, 0, 0, 12)",custo_medio_lag1+idade_media_lag1+n_transacoes_lag1,5.898078622764627,0.24736465695848456
log,"(0, 1, 2)","(1, 0, 0, 12)",custo_medio_lag1+idade_media_lag1+pct_cat_Accessories_lag1,5.898078622764627,0.22900590689289632
log,"(0, 1, 2)","(1, 0, 0, 12)",custo_medio_lag1+idade_media_lag1+pct_cat_Bikes_lag1,5.898078622764627,0.22819377094629215
log,"(0, 1, 2)","(1, 0, 0, 12)",custo_medio_lag1+idade_media_lag1+pct_cat_Clothing_lag1,5.898078622764627,0.22452771128887541
log,"(0, 1, 2)","(1, 0, 0, 12)",custo_medio_lag1+idade_media_lag1+pct_pais_Australia_lag1,5.898078622764627,0.3511503653009273
log,"(0, 1, 2)","(1, 0, 0, 12)",custo_medio_lag1+idade_media_lag1+pct_pais_Canada_lag1,5.898078622764627,0.2415555345723911
log,"(0, 1, 2)","(1, 0, 0, 12)",custo_medio_lag1+idade_media_lag1+pct_pais_France_lag1,5.898078622764627,0.274697613873826
log,"(0, 1, 2)","(1, 0, 0, 12)",custo_medio_lag1+idade_media_lag1+pct_pais_Germany_lag1,5.898078622764627,0.26976806304550166
log,"(0, 1, 2)","(1, 0, 0, 12)",custo_medio_lag1+idade_media_lag1+pct_pais_United Kingdom_lag1,5.898078622764627,0.2477349586377611
log,"(0, 1, 2)","(1, 0, 0, 12)",custo_medio_lag1+idade_media_lag1+pct_pais_United States_lag1,5.898078622764627,0.27551822378517926
log,"(0, 1, 2)","(1, 0, 0, 12)",custo_medio_lag1+idade_media_lag1+pct_genero_M_lag1,5.898078622764627,0.2562478358556523
log,"(0, 1, 2)","(1, 0, 0, 12)",custo_medio_lag1+n_transacoes_lag1+pct_cat_Accessories_lag1,5.898078622764627,0.2651427127671819
log,"(0, 1, 2)","(1, 0, 0, 12)",custo_medio_lag1+n_transacoes_lag1+pct_cat_Bikes_lag1,5.898078622764627,0.2695770688995434
log,"(0, 1, 2)","(1, 0, 0, 12)",custo_medio_lag1+n_transacoes_lag1+pct_cat_Clothing_lag1,5.898078622764627,0.2837697793751699
log,"(0, 1, 2)","(1, 0, 0, 12)",custo_medio_lag1+n_transacoes_lag1+pct_pais_Australia_lag1,5.898078622764627,0.3027499822495477
log,"(0, 1, 2)","(1, 0, 0, 12)",custo_medio_lag1+n_transacoes_lag1+pct_pais_Canada_lag1,5.898078622764627,0.2339135159929897
log,"(0, 1, 2)","(1, 0, 0, 12)",custo_medio_lag1+n_transacoes_lag1+pct_pais_France_lag1,5.898078622764627,0.26110162313124896
log,"(0, 1, 2)","(1, 0, 0, 12)",custo_medio_lag1+n_transacoes_lag1+pct_pais_Germany_lag1,5.898078622764627,0.23645447678076384
log,"(0, 1, 2)","(1, 0, 0, 12)",custo_medio_lag1+n_transacoes_lag1+pct_pais_United Kingdom_lag1,5.898078622764627,0.24881416993667982
log,"(0, 1, 2)","(1, 0, 0, 12)",custo_medio_lag1+n_transacoes_lag1+pct_pais_United States_lag1,5.898078622764627,0.3066832493553243
log,"(0, 1, 2)","(1, 0, 0, 12)",custo_medio_lag1+n_transacoes_lag1+pct_genero_M_lag1,5.898078622764627,0.26447103067104705
log,"(0, 1, 2)","(1, 0, 0, 12)",custo_medio_lag1+pct_cat_Accessories_lag1+pct_cat_Bikes_lag1,5.898078622764627,0.2815169043071771
log,"(0, 1, 2)","(1, 0, 0, 12)",custo_medio_lag1+pct_cat_Accessories_lag1+pct_cat_Clothing_lag1,5.898078622764627,0.2810903582157179
log,"(0, 1, 2)","(1, 0, 0, 12)",custo_medio_lag1+pct_cat_Accessories_lag1+pct_pais_Australia_lag1,5.898078622764627,0.33557642897942114
log,"(0, 1, 2)","(1, 0, 0, 12)",custo_medio_lag1+pct_cat_Accessories_lag1+pct_pais_Canada_lag1,5.898078622764627,0.26290340846871413
log,"(0, 1, 2)","(1, 0, 0, 12)",custo_medio_lag1+pct_cat_Accessories_lag1+pct_pais_France_lag1,5.898078622764627,0.26420816844335937
log,"(0, 1, 2)","(1, 0, 0, 12)",custo_medio_lag1+pct_cat_Accessories_lag1+pct_pais_Germany_lag1,5.898078622764627,0.27349476030105185
log,"(0, 1, 2)","(1, 0, 0, 12)",custo_medio_lag1+pct_cat_Accessories_lag1+pct_pais_United Kingdom_lag1,5.898078622764627,0.23343161792457337
log,"(0, 1, 2)","(1, 0, 0, 12)",custo_medio_lag1+pct_cat_Accessories_lag1+pct_pais_United States_lag1,5.898078622764627,0.2700023186173671
log,"(0, 1, 2)","(1, 0, 0, 12)",custo_medio_lag1+pct_cat_Accessories_lag1+pct_genero_M_lag1,5.898078622764627,0.24678380612139236
log,"(0, 1, 2)","(1, 0, 0, 12)",custo_medio_lag1+pct_cat_Bikes_lag1+pct_cat_Clothing_lag1,5.898078622764627,0.28130850314960193
log,"(0, 1, 2)","(1, 0, 0, 12)",custo_medio_lag1+pct_cat_Bikes_lag1+pct_pais_Australia_lag1,5.898078622764627,0.3395462660237534
log,"(0, 1, 2)","(1, 0, 0, 12)",custo_medio_lag1+pct_cat_Bikes_lag1+pct_pais_Canada_lag1,5.898078622764627,0.25945568838459626
log,"(0, 1, 2)","(1, 0, 0, 12)",custo_medio_lag1+pct_cat_Bikes_lag1+pct_pais_France_lag1,5.898078622764627,0.26025398800335625
log,"(0, 1, 2)","(1, 0, 0, 12)",custo_medio_lag1+pct_cat_Bikes_lag1+pct_pais_Germany_lag1,5.898078622764627,0.272486978020515
log,"(0, 1, 2)","(1, 0, 0, 12)",custo_medio_lag1+pct_cat_Bikes_lag1+pct_pais_United Kingdom_lag1,5.898078622764627,0.23045898523739583
log,"(0, 1, 2)","(1, 0, 0, 12)",custo_medio_lag1+pct_cat_Bikes_lag1+pct_pais_United States_lag1,5.898078622764627,0.2661689421108319
log,"(0, 1, 2)","(1, 0, 0, 12)",custo_medio_lag1+pct_cat_Bikes_lag1+pct_genero_M_lag1,5.898078622764627,0.24749775482792855
log,"(0, 1, 2)","(1, 0, 0, 12)",custo_medio_lag1+pct_cat_Clothing_lag1+pct_pais_Australia_lag1,5.898078622764627,0.33240643746611737
log,"(0, 1, 2)","(1, 0, 0, 12)",custo_medio_lag1+pct_cat_Clothing_lag1+pct_pais_Canada_lag1,5.898078622764627,0.24491666765753725
log,"(0, 1, 2)","(1, 0, 0, 12)",custo_medio_lag1+pct_cat_Clothing_lag1+pct_pais_France_lag1,5.898078622764627,0.2477618974806518
log,"(0, 1, 2)","(1, 0, 0, 12)",custo_medio_lag1+pct_cat_Clothing_lag1+pct_pais_Germany_lag1,5.898078622764627,0.26864866805694065
log,"(0, 1, 2)","(1, 0, 0, 12)",custo_medio_lag1+pct_cat_Clothing_lag1+pct_pais_United Kingdom_lag1,5.898078622764627,0.23203316458541223
log,"(0, 1, 2)","(1, 0, 0, 12)",custo_medio_lag1+pct_cat_Clothing_lag1+pct_pais_United States_lag1,5.898078622764627,0.26259114431400027
log,"(0, 1, 2)","(1, 0, 0, 12)",custo_medio_lag1+pct_cat_Clothing_lag1+pct_genero_M_lag1,5.898078622764627,0.25040614323360194
log,"(0, 1, 2)","(1, 0, 0, 12)",custo_medio_lag1+pct_pais_Australia_lag1+pct_pais_Canada_lag1,5.898078622764627,0.2964543818969088
log,"(0, 1, 2)","(1, 0, 0, 12)",custo_medio_lag1+pct_pais_Australia_lag1+pct_pais_France_lag1,5.898078622764627,0.3431752345477647
log,"(0, 1, 2)","(1, 0, 0, 12)",custo_medio_lag1+pct_pais_Australia_lag1+pct_pais_Germany_lag1,5.898078622764627,0.3177871508601088
log,"(0, 1, 2)","(1, 0, 0, 12)",custo_medio_lag1+pct_pais_Australia_lag1+pct_pais_United Kingdom_lag1,5.898078622764627,0.34447989274583035
log,"(0, 1, 2)","(1, 0, 0, 12)",custo_medio_lag1+pct_pais_Australia_lag1+pct_pais_United States_lag1,5.898078622764627,0.3280557565714493
log,"(0, 1, 2)","(1, 0, 0, 12)",custo_medio_lag1+pct_pais_Australia_lag1+pct_genero_M_lag1,5.898078622764627,0.35424757601474827
log,"(0, 1, 2)","(1, 0, 0, 12)",custo_medio_lag1+pct_pais_Canada_lag1+pct_pais_France_lag1,5.898078622764627,0.3020700846310774
log,"(0, 1, 2)","(1, 0, 0, 12)",custo_medio_lag1+pct_pais_Canada_lag1+pct_pais_Germany_lag1,5.898078622764627,0.2622069439382354
log,"(0, 1, 2)","(1, 0, 0, 12)",custo_medio_lag1+pct_pais_Canada_lag1+pct_pais_United Kingdom_lag1,5.898078622764627,0.28487680823851474
log,"(0, 1, 2)","(1, 0, 0, 12)",custo_medio_lag1+pct_pais_Canada_lag1+pct_pais_United States_lag1,5.898078622764627,0.3394412173051056
log,"(0, 1, 2)","(1, 0, 0, 12)",custo_medio_lag1+pct_pais_Canada_lag1+pct_genero_M_lag1,5.898078622764627,0.3005132549542717
log,"(0, 1, 2)","(1, 0, 0, 12)",custo_medio_lag1+pct_pais_France_lag1+pct_pais_Germany_lag1,5.898078622764627,0.28229222802187026
log,"(0, 1, 2)","(1, 0, 0, 12)",custo_medio_lag1+pct_pais_France_lag1+pct_pais_United Kingdom_lag1,5.898078622764627,0.27285678361749083
log,"(0, 1, 2)","(1, 0, 0, 12)",custo_medio_lag1+pct_pais_France_lag1+pct_pais_United States_lag1,5.898078622764627,0.36359028144306577
log,"(0, 1, 2)","(1, 0, 0, 12)",custo_medio_lag1+pct_pais_France_lag1+pct_genero_M_lag1,5.898078622764627,0.2845441314473192
log,"(0, 1, 2)","(1, 0, 0, 12)",custo_medio_lag1+pct_pais_Germany_lag1+pct_pais_United Kingdom_lag1,5.898078622764627,0.27004951824135315
log,"(0, 1, 2)","(1, 0, 0, 12)",custo_medio_lag1+pct_pais_Germany_lag1+pct_pais_United States_lag1,5.898078622764627,0.29321938094705047
log,"(0, 1, 2)","(1, 0, 0, 12)",custo_medio_lag1+pct_pais_Germany_lag1+pct_genero_M_lag1,5.898078622764627,0.2778341021977604
log,"(0, 1, 2)","(1, 0, 0, 12)",custo_medio_lag1+pct_pais_United Kingdom_lag1+pct_pais_United States_lag1,5.898078622764627,0.2863691362412744
log,"(0, 1, 2)","(1, 0, 0, 12)",custo_medio_lag1+pct_pais_United Kingdom_lag1+pct_genero_M_lag1,5.898078622764627,0.27014740935943715
log,"(0, 1, 2)","(1, 0, 0, 12)",custo_medio_lag1+pct_pais_United States_lag1+pct_genero_M_lag1,5.898078622764627,0.30140288561701434
log,"(0, 1, 2)","(1, 0, 0, 12)",idade_media_lag1+n_transacoes_lag1+pct_cat_Accessories_lag1,5.898078622764627,0.23837030347111984
log,"(0, 1, 2)","(1, 0, 0, 12)",idade_media_lag1+n_transacoes_lag1+pct_cat_Bikes_lag1,5.898078622764627,0.2408477370309201
log,"(0, 1, 2)","(1, 0, 0, 12)",idade_media_lag1+n_transacoes_lag1+pct_cat_Clothing_lag1,5.898078622764627,0.2507196926952195
log,"(0, 1, 2)","(1, 0, 0, 12)",idade_media_lag1+n_transacoes_lag1+pct_pais_Australia_lag1,5.898078622764627,0.30994455487853045
log,"(0, 1, 2)","(1, 0, 0, 12)",idade_media_lag1+n_transacoes_lag1+pct_pais_Canada_lag1,5.898078622764627,0.28225453200287787
log,"(0, 1, 2)","(1, 0, 0, 12)",idade_media_lag1+n_transacoes_lag1+pct_pais_France_lag1,5.898078622764627,0.27097282409088425
log,"(0, 1, 2)","(1, 0, 0, 12)",idade_media_lag1+n_transacoes_lag1+pct_pais_Germany_lag1,5.898078622764627,0.2722246977579683
log,"(0, 1, 2)","(1, 0, 0, 12)",idade_media_lag1+n_transacoes_lag1+pct_pais_United Kingdom_lag1,5.898078622764627,0.3076952197224196
log,"(0, 1, 2)","(1, 0, 0, 12)",idade_media_lag1+n_transacoes_lag1+pct_pais_United States_lag1,5.898078622764627,0.26416445980759384
log,"(0, 1, 2)","(1, 0, 0, 12)",idade_media_lag1+n_transacoes_lag1+pct_genero_M_lag1,5.898078622764627,0.32029025314762744
log,"(0, 1, 2)","(1, 0, 0, 12)",idade_media_lag1+pct_cat_Accessories_lag1+pct_cat_Bikes_lag1,5.898078622764627,0.27166097045730664
log,"(0, 1, 2)","(1, 0, 0, 12)",idade_media_lag1+pct_cat_Accessories_lag1+pct_cat_Clothing_lag1,5.898078622764627,0.27147696848882114
log,"(0, 1, 2)","(1, 0, 0, 12)",idade_media_lag1+pct_cat_Accessories_lag1+pct_pais_Australia_lag1,5.898078622764627,0.3448212606042344
log,"(0, 1, 2)","(1, 0, 0, 12)",idade_media_lag1+pct_cat_Accessories_lag1+pct_pais_Canada_lag1,5.898078622764627,0.2228547573512024
log,"(0, 1, 2)","(1, 0, 0, 12)",idade_media_lag1+pct_cat_Accessories_lag1+pct_pais_France_lag1,5.898078622764627,0.24323229940143398
log,"(0, 1, 2)","(1, 0, 0, 12)",idade_media_lag1+pct_cat_Accessories_lag1+pct_pais_Germany_lag1,5.898078622764627,0.23784152290939117
log,"(0, 1, 2)","(1, 0, 0, 12)",idade_media_lag1+pct_cat_Accessories_lag1+pct_pais_United Kingdom_lag1,5.898078622764627,0.22676449476636998
log,"(0, 1, 2)","(1, 0, 0, 12)",idade_media_lag1+pct_cat_Accessories_lag1+pct_pais_United States_lag1,5.898078622764627,0.26665423687096723
log,"(0, 1, 2)","(1, 0, 0, 12)",idade_media_lag1+pct_cat_Accessories_lag1+pct_genero_M_lag1,5.898078622764627,0.2319437946252092
log,"(0, 1, 2)","(1, 0, 0, 12)",idade_media_lag1+pct_cat_Bikes_lag1+pct_cat_Clothing_lag1,5.898078622764627,0.2715492355103541
log,"(0, 1, 2)","(1, 0, 0, 12)",idade_media_lag1+pct_cat_Bikes_lag1+pct_pais_Australia_lag1,5.898078622764627,0.3498994785741374
log,"(0, 1, 2)","(1, 0, 0, 12)",idade_media_lag1+pct_cat_Bikes_lag1+pct_pais_Canada_lag1,5.898078622764627,0.22159045183518403
log,"(0, 1, 2)","(1, 0, 0, 12)",idade_media_lag1+pct_cat_Bikes_lag1+pct_pais_France_lag1,5.898078622764627,0.24251977033933922
log,"(0, 1, 2)","(1, 0, 0, 12)",idade_media_lag1+pct_cat_Bikes_lag1+pct_pais_Germany_lag1,5.898078622764627,0.23690009307552995
log,"(0, 1, 2)","(1, 0, 0, 12)",idade_media_lag1+pct_cat_Bikes_lag1+pct_pais_United Kingdom_lag1,5.898078622764627,0.22719239842152184
log,"(0, 1, 2)","(1, 0, 0, 12)",idade_media_lag1+pct_cat_Bikes_lag1+pct_pais_United States_lag1,5.898078622764627,0.2614154109597229
log,"(0, 1, 2)","(1, 0, 0, 12)",idade_media_lag1+pct_cat_Bikes_lag1+pct_genero_M_lag1,5.898078622764627,0.23534101396983698
log,"(0, 1, 2)","(1, 0, 0, 12)",idade_media_lag1+pct_cat_Clothing_lag1+pct_pais_Australia_lag1,5.898078622764627,0.3631000065212669
log,"(0, 1, 2)","(1, 0, 0, 12)",idade_media_lag1+pct_cat_Clothing_lag1+pct_pais_Canada_lag1,5.898078622764627,0.23015696900607455
log,"(0, 1, 2)","(1, 0, 0, 12)",idade_media_lag1+pct_cat_Clothing_lag1+pct_pais_France_lag1,5.898078622764627,0.24437619066093044
log,"(0, 1, 2)","(1, 0, 0, 12)",idade_media_lag1+pct_cat_Clothing_lag1+pct_pais_Germany_lag1,5.898078622764627,0.2331973996573167
log,"(0, 1, 2)","(1, 0, 0, 12)",idade_media_lag1+pct_cat_Clothing_lag1+pct_pais_United Kingdom_lag1,5.898078622764627,0.23480075465908493
log,"(0, 1, 2)","(1, 0, 0, 12)",idade_media_lag1+pct_cat_Clothing_lag1+pct_pais_United States_lag1,5.898078622764627,0.2526807700815535
log,"(0, 1, 2)","(1, 0, 0, 12)",idade_media_lag1+pct_cat_Clothing_lag1+pct_genero_M_lag1,5.898078622764627,0.24895374282162797
log,"(0, 1, 2)","(1, 0, 0, 12)",idade_media_lag1+pct_pais_Australia_lag1+pct_pais_Canada_lag1,5.898078622764627,0.37658038624236506
log,"(0, 1, 2)","(1, 0, 0, 12)",idade_media_lag1+pct_pais_Australia_lag1+pct_pais_France_lag1,5.898078622764627,0.35621889438767784
log,"(0, 1, 2)","(1, 0, 0, 12)",idade_media_lag1+pct_pais_Australia_lag1+pct_pais_Germany_lag1,5.898078622764627,0.40322488227762826
log,"(0, 1, 2)","(1, 0, 0, 12)",idade_media_lag1+pct_pais_Australia_lag1+pct_pais_United Kingdom_lag1,5.898078622764627,0.34629933863679646
log,"(0, 1, 2)","(1, 0, 0, 12)",idade_media_lag1+pct_pais_Australia_lag1+pct_pais_United States_lag1,5.898078622764627,0.3557178301794371
log,"(0, 1, 2)","(1, 0, 0, 12)",idade_media_lag1+pct_pais_Australia_lag1+pct_genero_M_lag1,5.898078622764627,0.37405175031274696
log,"(0, 1, 2)","(1, 0, 0, 12)",idade_media_lag1+pct_pais_Canada_lag1+pct_pais_France_lag1,5.898078622764627,0.2973576585528798
log,"(0, 1, 2)","(1, 0, 0, 12)",idade_media_lag1+pct_pais_Canada_lag1+pct_pais_Germany_lag1,5.898078622764627,0.2688669445498297
log,"(0, 1, 2)","(1, 0, 0, 12)",idade_media_lag1+pct_pais_Canada_lag1+pct_pais_United Kingdom_lag1,5.898078622764627,0.28611253009583537
log,"(0, 1, 2)","(1, 0, 0, 12)",idade_media_lag1+pct_pais_Canada_lag1+pct_pais_United States_lag1,5.898078622764627,0.28734206396137146
log,"(0, 1, 2)","(1, 0, 0, 12)",idade_media_lag1+pct_pais_Canada_lag1+pct_genero_M_lag1,5.898078622764627,0.29003375340047904
log,"(0, 1, 2)","(1, 0, 0, 12)",idade_media_lag1+pct_pais_France_lag1+pct_pais_Germany_lag1,5.898078622764627,0.32681807786026057
log,"(0, 1, 2)","(1, 0, 0, 12)",idade_media_lag1+pct_pais_France_lag1+pct_pais_United Kingdom_lag1,5.898078622764627,0.29682000433800854
log,"(0, 1, 2)","(1, 0, 0, 12)",idade_media_lag1+pct_pais_France_lag1+pct_pais_United States_lag1,5.898078622764627,0.28709249101598516
log,"(0, 1, 2)","(1, 0, 0, 12)",idade_media_lag1+pct_pais_France_lag1+pct_genero_M_lag1,5.898078622764627,0.2965680895895068
log,"(0, 1, 2)","(1, 0, 0, 12)",idade_media_lag1+pct_pais_Germany_lag1+pct_pais_United Kingdom_lag1,5.898078622764627,0.3090462279529221
log,"(0, 1, 2)","(1, 0, 0, 12)",idade_media_lag1+pct_pais_Germany_lag1+pct_pais_United States_lag1,5.898078622764627,0.30587566446104836
log,"(0, 1, 2)","(1, 0, 0, 12)",idade_media_lag1+pct_pais_Germany_lag1+pct_genero_M_lag1,5.898078622764627,0.3031210800354135
log,"(0, 1, 2)","(1, 0, 0, 12)",idade_media_lag1+pct_pais_United Kingdom_lag1+pct_pais_United States_lag1,5.898078622764627,0.2893247305043426
log,"(0, 1, 2)","(1, 0, 0, 12)",idade_media_lag1+pct_pais_United Kingdom_lag1+pct_genero_M_lag1,5.898078622764627,0.297468654094905
log,"(0, 1, 2)","(1, 0, 0, 12)",idade_media_lag1+pct_pais_United States_lag1+pct_genero_M_lag1,5.898078622764627,0.29370315893283555
log,"(0, 1, 2)","(1, 0, 0, 12)",n_transacoes_lag1+pct_cat_Accessories_lag1+pct_cat_Bikes_lag1,5.898078622764627,0.26965081558276344
log,"(0, 1, 2)","(1, 0, 0, 12)",n_transacoes_lag1+pct_cat_Accessories_lag1+pct_cat_Clothing_lag1,5.898078622764627,0.27169020771585317
log,"(0, 1, 2)","(1, 0, 0, 12)",n_transacoes_lag1+pct_cat_Accessories_lag1+pct_pais_Australia_lag1,5.898078622764627,0.31213897434059834
log,"(0, 1, 2)","(1, 0, 0, 12)",n_transacoes_lag1+pct_cat_Accessories_lag1+pct_pais_Canada_lag1,5.898078622764627,0.2425622523380017
log,"(0, 1, 2)","(1, 0, 0, 12)",n_transacoes_lag1+pct_cat_Accessories_lag1+pct_pais_France_lag1,5.898078622764627,0.25057492354638894
log,"(0, 1, 2)","(1, 0, 0, 12)",n_transacoes_lag1+pct_cat_Accessories_lag1+pct_pais_Germany_lag1,5.898078622764627,0.22815686100961563
log,"(0, 1, 2)","(1, 0, 0, 12)",n_transacoes_lag1+pct_cat_Accessories_lag1+pct_pais_United Kingdom_lag1,5.898078622764627,0.24381518062074728
log,"(0, 1, 2)","(1, 0, 0, 12)",n_transacoes_lag1+pct_cat_Accessories_lag1+pct_pais_United States_lag1,5.898078622764627,0.2700183695281693
log,"(0, 1, 2)","(1, 0, 0, 12)",n_transacoes_lag1+pct_cat_Accessories_lag1+pct_genero_M_lag1,5.898078622764627,0.2696438907742566
log,"(0, 1, 2)","(1, 0, 0, 12)",n_transacoes_lag1+pct_cat_Bikes_lag1+pct_cat_Clothing_lag1,5.898078622764627,0.27614039060259793
log,"(0, 1, 2)","(1, 0, 0, 12)",n_transacoes_lag1+pct_cat_Bikes_lag1+pct_pais_Australia_lag1,5.898078622764627,0.3141458587980374
log,"(0, 1, 2)","(1, 0, 0, 12)",n_transacoes_lag1+pct_cat_Bikes_lag1+pct_pais_Canada_lag1,5.898078622764627,0.24343757887561548
log,"(0, 1, 2)","(1, 0, 0, 12)",n_transacoes_lag1+pct_cat_Bikes_lag1+pct_pais_France_lag1,5.898078622764627,0.2521688454691729
log,"(0, 1, 2)","(1, 0, 0, 12)",n_transacoes_lag1+pct_cat_Bikes_lag1+pct_pais_Germany_lag1,5.898078622764627,0.22853813597023617
log,"(0, 1, 2)","(1, 0, 0, 12)",n_transacoes_lag1+pct_cat_Bikes_lag1+pct_pais_United Kingdom_lag1,5.898078622764627,0.24500053471643377
log,"(0, 1, 2)","(1, 0, 0, 12)",n_transacoes_lag1+pct_cat_Bikes_lag1+pct_pais_United States_lag1,5.898078622764627,0.2703572799881496
log,"(0, 1, 2)","(1, 0, 0, 12)",n_transacoes_lag1+pct_cat_Bikes_lag1+pct_genero_M_lag1,5.898078622764627,0.27015238254784685
log,"(0, 1, 2)","(1, 0, 0, 12)",n_transacoes_lag1+pct_cat_Clothing_lag1+pct_pais_Australia_lag1,5.898078622764627,0.31664610948015365
log,"(0, 1, 2)","(1, 0, 0, 12)",n_transacoes_lag1+pct_cat_Clothing_lag1+pct_pais_Canada_lag1,5.898078622764627,0.24571105161571702
log,"(0, 1, 2)","(1, 0, 0, 12)",n_transacoes_lag1+pct_cat_Clothing_lag1+pct_pais_France_lag1,5.898078622764627,0.2832171056628418
log,"(0, 1, 2)","(1, 0, 0, 12)",n_transacoes_lag1+pct_cat_Clothing_lag1+pct_pais_Germany_lag1,5.898078622764627,0.2281566051568846
log,"(0, 1, 2)","(1, 0, 0, 12)",n_transacoes_lag1+pct_cat_Clothing_lag1+pct_pais_United Kingdom_lag1,5.898078622764627,0.25458140954843805
log,"(0, 1, 2)","(1, 0, 0, 12)",n_transacoes_lag1+pct_cat_Clothing_lag1+pct_pais_United States_lag1,5.898078622764627,0.27242445829828227
log,"(0, 1, 2)","(1, 0, 0, 12)",n_transacoes_lag1+pct_cat_Clothing_lag1+pct_genero_M_lag1,5.898078622764627,0.2772809626086056
log,"(0, 1, 2)","(1, 0, 0, 12)",n_transacoes_lag1+pct_pais_Australia_lag1+pct_pais_Canada_lag1,5.898078622764627,0.26533052553951414
log,"(0, 1, 2)","(1, 0, 0, 12)",n_transacoes_lag1+pct_pais_Australia_lag1+pct_pais_France_lag1,5.898078622764627,0.28306497280985293
log,"(0, 1, 2)","(1, 0, 0, 12)",n_transacoes_lag1+pct_pais_Australia_lag1+pct_pais_Germany_lag1,5.898078622764627,0.26202283929264414
log,"(0, 1, 2)","(1, 0, 0, 12)",n_transacoes_lag1+pct_pais_Australia_lag1+pct_pais_United Kingdom_lag1,5.898078622764627,0.27477974357758833
log,"(0, 1, 2)","(1, 0, 0, 12)",n_transacoes_lag1+pct_pais_Australia_lag1+pct_pais_United States_lag1,5.898078622764627,0.27494211468465357
log,"(0, 1, 2)","(1, 0, 0, 12)",n_transacoes_lag1+pct_pais_Australia_lag1+pct_genero_M_lag1,5.898078622764627,0.2921278857281176
log,"(0, 1, 2)","(1, 0, 0, 12)",n_transacoes_lag1+pct_pais_Canada_lag1+pct_pais_France_lag1,5.898078622764627,0.2834162341541868
log,"(0, 1, 2)","(1, 0, 0, 12)",n_transacoes_lag1+pct_pais_Canada_lag1+pct_pais_Germany_lag1,5.898078622764627,0.2583806465418231
log,"(0, 1, 2)","(1, 0, 0, 12)",n_transacoes_lag1+pct_pais_Canada_lag1+pct_pais_United Kingdom_lag1,5.898078622764627,0.3138599301254488
log,"(0, 1, 2)","(1, 0, 0, 12)",n_transacoes_lag1+pct_pais_Canada_lag1+pct_pais_United States_lag1,5.898078622764627,0.2702496677520195
log,"(0, 1, 2)","(1, 0, 0, 12)",n_transacoes_lag1+pct_pais_Canada_lag1+pct_genero_M_lag1,5.898078622764627,0.3115033743979729
log,"(0, 1, 2)","(1, 0, 0, 12)",n_transacoes_lag1+pct_pais_France_lag1+pct_pais_Germany_lag1,5.898078622764627,0.29241546406479824
log,"(0, 1, 2)","(1, 0, 0, 12)",n_transacoes_lag1+pct_pais_France_lag1+pct_pais_United Kingdom_lag1,5.898078622764627,0.3065130219190562
log,"(0, 1, 2)","(1, 0, 0, 12)",n_transacoes_lag1+pct_pais_France_lag1+pct_pais_United States_lag1,5.898078622764627,0.26589270238711227
log,"(0, 1, 2)","(1, 0, 0, 12)",n_transacoes_lag1+pct_pais_France_lag1+pct_genero_M_lag1,5.898078622764627,0.31793517037829416
log,"(0, 1, 2)","(1, 0, 0, 12)",n_transacoes_lag1+pct_pais_Germany_lag1+pct_pais_United Kingdom_lag1,5.898078622764627,0.26403450230280306
log,"(0, 1, 2)","(1, 0, 0, 12)",n_transacoes_lag1+pct_pais_Germany_lag1+pct_pais_United States_lag1,5.898078622764627,0.26795891214702133
log,"(0, 1, 2)","(1, 0, 0, 12)",n_transacoes_lag1+pct_pais_Germany_lag1+pct_genero_M_lag1,5.898078622764627,0.29196059164303273
log,"(0, 1, 2)","(1, 0, 0, 12)",n_transacoes_lag1+pct_pais_United Kingdom_lag1+pct_pais_United States_lag1,5.898078622764627,0.29503251193671415
log,"(0, 1, 2)","(1, 0, 0, 12)",n_transacoes_lag1+pct_pais_United Kingdom_lag1+pct_genero_M_lag1,5.898078622764627,0.34264324126577933
log,"(0, 1, 2)","(1, 0, 0, 12)",n_transacoes_lag1+pct_pais_United States_lag1+pct_genero_M_lag1,5.898078622764627,0.3251328405132704
log,"(0, 1, 2)","(1, 0, 0, 12)",pct_cat_Accessories_lag1+pct_cat_Bikes_lag1+pct_pais_Australia_lag1,5.898078622764627,0.3465131195866189
log,"(0, 1, 2)","(1, 0, 0, 12)",pct_cat_Accessories_lag1+pct_cat_Bikes_lag1+pct_pais_Canada_lag1,5.898078622764627,0.28554573884788986
log,"(0, 1, 2)","(1, 0, 0, 12)",pct_cat_Accessories_lag1+pct_cat_Bikes_lag1+pct_pais_France_lag1,5.898078622764627,0.3195186954987424
log,"(0, 1, 2)","(1, 0, 0, 12)",pct_cat_Accessories_lag1+pct_cat_Bikes_lag1+pct_pais_Germany_lag1,5.898078622764627,0.29303155237900996
log,"(0, 1, 2)","(1, 0, 0, 12)",pct_cat_Accessories_lag1+pct_cat_Bikes_lag1+pct_pais_United Kingdom_lag1,5.898078622764627,0.2818828139932886
log,"(0, 1, 2)","(1, 0, 0, 12)",pct_cat_Accessories_lag1+pct_cat_Bikes_lag1+pct_pais_United States_lag1,5.898078622764627,0.30330803513180543
log,"(0, 1, 2)","(1, 0, 0, 12)",pct_cat_Accessories_lag1+pct_cat_Bikes_lag1+pct_genero_M_lag1,5.898078622764627,0.30462907797244027
log,"(0, 1, 2)","(1, 0, 0, 12)",pct_cat_Accessories_lag1+pct_cat_Clothing_lag1+pct_pais_Australia_lag1,5.898078622764627,0.3441664263332775
log,"(0, 1, 2)","(1, 0, 0, 12)",pct_cat_Accessories_lag1+pct_cat_Clothing_lag1+pct_pais_Canada_lag1,5.898078622764627,0.28526637250302345
log,"(0, 1, 2)","(1, 0, 0, 12)",pct_cat_Accessories_lag1+pct_cat_Clothing_lag1+pct_pais_France_lag1,5.898078622764627,0.31844761611636047
log,"(0, 1, 2)","(1, 0, 0, 12)",pct_cat_Accessories_lag1+pct_cat_Clothing_lag1+pct_pais_Germany_lag1,5.898078622764627,0.29560403843218935
log,"(0, 1, 2)","(1, 0, 0, 12)",pct_cat_Accessories_lag1+pct_cat_Clothing_lag1+pct_pais_United Kingdom_lag1,5.898078622764627,0.281678160569992
log,"(0, 1, 2)","(1, 0, 0, 12)",pct_cat_Accessories_lag1+pct_cat_Clothing_lag1+pct_pais_United States_lag1,5.898078622764627,0.3029231659288578
log,"(0, 1, 2)","(1, 0, 0, 12)",pct_cat_Accessories_lag1+pct_cat_Clothing_lag1+pct_genero_M_lag1,5.898078622764627,0.3130594797189626
log,"(0, 1, 2)","(1, 0, 0, 12)",pct_cat_Accessories_lag1+pct_pais_Australia_lag1+pct_pais_Canada_lag1,5.898078622764627,0.3328172026451152
log,"(0, 1, 2)","(1, 0, 0, 12)",pct_cat_Accessories_lag1+pct_pais_Australia_lag1+pct_pais_France_lag1,5.898078622764627,0.35139587404185385
log,"(0, 1, 2)","(1, 0, 0, 12)",pct_cat_Accessories_lag1+pct_pais_Australia_lag1+pct_pais_Germany_lag1,5.898078622764627,0.30000240155465824
log,"(0, 1, 2)","(1, 0, 0, 12)",pct_cat_Accessories_lag1+pct_pais_Australia_lag1+pct_pais_United Kingdom_lag1,5.898078622764627,0.3472621493782518
log,"(0, 1, 2)","(1, 0, 0, 12)",pct_cat_Accessories_lag1+pct_pais_Australia_lag1+pct_pais_United States_lag1,5.898078622764627,0.32703797832629883
log,"(0, 1, 2)","(1, 0, 0, 12)",pct_cat_Accessories_lag1+pct_pais_Australia_lag1+pct_genero_M_lag1,5.898078622764627,0.332730279201397
log,"(0, 1, 2)","(1, 0, 0, 12)",pct_cat_Accessories_lag1+pct_pais_Canada_lag1+pct_pais_France_lag1,5.898078622764627,0.22095770963723096
log,"(0, 1, 2)","(1, 0, 0, 12)",pct_cat_Accessories_lag1+pct_pais_Canada_lag1+pct_pais_Germany_lag1,5.898078622764627,0.23948005450239895
log,"(0, 1, 2)","(1, 0, 0, 12)",pct_cat_Accessories_lag1+pct_pais_Canada_lag1+pct_pais_United Kingdom_lag1,5.898078622764627,0.21811773248009744
log,"(0, 1, 2)","(1, 0, 0, 12)",pct_cat_Accessories_lag1+pct_pais_Canada_lag1+pct_pais_United States_lag1,5.898078622764627,0.278621753139451
log,"(0, 1, 2)","(1, 0, 0, 12)",pct_cat_Accessories_lag1+pct_pais_Canada_lag1+pct_genero_M_lag1,5.898078622764627,0.25734571227653896
log,"(0, 1, 2)","(1, 0, 0, 12)",pct_cat_Accessories_lag1+pct_pais_France_lag1+pct_pais_Germany_lag1,5.898078622764627,0.24389359759468657
log,"(0, 1, 2)","(1, 0, 0, 12)",pct_cat_Accessories_lag1+pct_pais_France_lag1+pct_pais_United Kingdom_lag1,5.898078622764627,0.2212347035500191
log,"(0, 1, 2)","(1, 0, 0, 12)",pct_cat_Accessories_lag1+pct_pais_France_lag1+pct_pais_United States_lag1,5.898078622764627,0.29263389332838574
log,"(0, 1, 2)","(1, 0, 0, 12)",pct_cat_Accessories_lag1+pct_pais_France_lag1+pct_genero_M_lag1,5.898078622764627,0.2521009682364974
log,"(0, 1, 2)","(1, 0, 0, 12)",pct_cat_Accessories_lag1+pct_pais_Germany_lag1+pct_pais_United Kingdom_lag1,5.898078622764627,0.24971089127079993
log,"(0, 1, 2)","(1, 0, 0, 12)",pct_cat_Accessories_lag1+pct_pais_Germany_lag1+pct_pais_United States_lag1,5.898078622764627,0.2910524166998438
log,"(0, 1, 2)","(1, 0, 0, 12)",pct_cat_Accessories_lag1+pct_pais_Germany_lag1+pct_genero_M_lag1,5.898078622764627,0.2487002425244136
log,"(0, 1, 2)","(1, 0, 0, 12)",pct_cat_Accessories_lag1+pct_pais_United Kingdom_lag1+pct_pais_United States_lag1,5.898078622764627,0.2723787103610901
log,"(0, 1, 2)","(1, 0, 0, 12)",pct_cat_Accessories_lag1+pct_pais_United Kingdom_lag1+pct_genero_M_lag1,5.898078622764627,0.24300630055176795
log,"(0, 1, 2)","(1, 0, 0, 12)",pct_cat_Accessories_lag1+pct_pais_United States_lag1+pct_genero_M_lag1,5.898078622764627,0.2790637360816132
log,"(0, 1, 2)","(1, 0, 0, 12)",pct_cat_Bikes_lag1+pct_cat_Clothing_lag1+pct_pais_Australia_lag1,5.898078622764627,0.34288943680597317
log,"(0, 1, 2)","(1, 0, 0, 12)",pct_cat_Bikes_lag1+pct_cat_Clothing_lag1+pct_pais_Canada_lag1,5.898078622764627,0.2861636322546016
log,"(0, 1, 2)","(1, 0, 0, 12)",pct_cat_Bikes_lag1+pct_cat_Clothing_lag1+pct_pais_France_lag1,5.898078622764627,0.3181143335468658
log,"(0, 1, 2)","(1, 0, 0, 12)",pct_cat_Bikes_lag1+pct_cat_Clothing_lag1+pct_pais_Germany_lag1,5.898078622764627,0.2958802432411643
log,"(0, 1, 2)","(1, 0, 0, 12)",pct_cat_Bikes_lag1+pct_cat_Clothing_lag1+pct_pais_United Kingdom_lag1,5.898078622764627,0.2816912691003132
log,"(0, 1, 2)","(1, 0, 0, 12)",pct_cat_Bikes_lag1+pct_cat_Clothing_lag1+pct_pais_United States_lag1,5.898078622764627,0.30286347058419066
log,"(0, 1, 2)","(1, 0, 0, 12)",pct_cat_Bikes_lag1+pct_cat_Clothing_lag1+pct_genero_M_lag1,5.898078622764627,0.3126104605404281
log,"(0, 1, 2)","(1, 0, 0, 12)",pct_cat_Bikes_lag1+pct_pais_Australia_lag1+pct_pais_Canada_lag1,5.898078622764627,0.3345447846661347
log,"(0, 1, 2)","(1, 0, 0, 12)",pct_cat_Bikes_lag1+pct_pais_Australia_lag1+pct_pais_France_lag1,5.898078622764627,0.3559389565697813
log,"(0, 1, 2)","(1, 0, 0, 12)",pct_cat_Bikes_lag1+pct_pais_Australia_lag1+pct_pais_Germany_lag1,5.898078622764627,0.2999840216287905
log,"(0, 1, 2)","(1, 0, 0, 12)",pct_cat_Bikes_lag1+pct_pais_Australia_lag1+pct_pais_United Kingdom_lag1,5.898078622764627,0.35264859642215335
log,"(0, 1, 2)","(1, 0, 0, 12)",pct_cat_Bikes_lag1+pct_pais_Australia_lag1+pct_pais_United States_lag1,5.898078622764627,0.31497654590901253
log,"(0, 1, 2)","(1, 0, 0, 12)",pct_cat_Bikes_lag1+pct_pais_Australia_lag1+pct_genero_M_lag1,5.898078622764627,0.33444408562317496
log,"(0, 1, 2)","(1, 0, 0, 12)",pct_cat_Bikes_lag1+pct_pais_Canada_lag1+pct_pais_France_lag1,5.898078622764627,0.22271806585097886
log,"(0, 1, 2)","(1, 0, 0, 12)",pct_cat_Bikes_lag1+pct_pais_Canada_lag1+pct_pais_Germany_lag1,5.898078622764627,0.2377272212088691
log,"(0, 1, 2)","(1, 0, 0, 12)",pct_cat_Bikes_lag1+pct_pais_Canada_lag1+pct_pais_United Kingdom_lag1,5.898078622764627,0.2178700624079528
log,"(0, 1, 2)","(1, 0, 0, 12)",pct_cat_Bikes_lag1+pct_pais_Canada_lag1+pct_pais_United States_lag1,5.898078622764627,0.27312354006957573
log,"(0, 1, 2)","(1, 0, 0, 12)",pct_cat_Bikes_lag1+pct_pais_Canada_lag1+pct_genero_M_lag1,5.898078622764627,0.2599571362732125
log,"(0, 1, 2)","(1, 0, 0, 12)",pct_cat_Bikes_lag1+pct_pais_France_lag1+pct_pais_Germany_lag1,5.898078622764627,0.24270270145964798
log,"(0, 1, 2)","(1, 0, 0, 12)",pct_cat_Bikes_lag1+pct_pais_France_lag1+pct_pais_United Kingdom_lag1,5.898078622764627,0.2207499491342442
log,"(0, 1, 2)","(1, 0, 0, 12)",pct_cat_Bikes_lag1+pct_pais_France_lag1+pct_pais_United States_lag1,5.898078622764627,0.2885385217021341
log,"(0, 1, 2)","(1, 0, 0, 12)",pct_cat_Bikes_lag1+pct_pais_France_lag1+pct_genero_M_lag1,5.898078622764627,0.2523157876014001
log,"(0, 1, 2)","(1, 0, 0, 12)",pct_cat_Bikes_lag1+pct_pais_Germany_lag1+pct_pais_United Kingdom_lag1,5.898078622764627,0.2485585203436522
log,"(0, 1, 2)","(1, 0, 0, 12)",pct_cat_Bikes_lag1+pct_pais_Germany_lag1+pct_pais_United States_lag1,5.898078622764627,0.2873212686300924
log,"(0, 1, 2)","(1, 0, 0, 12)",pct_cat_Bikes_lag1+pct_pais_Germany_lag1+pct_genero_M_lag1,5.898078622764627,0.24580132112523737
log,"(0, 1, 2)","(1, 0, 0, 12)",pct_cat_Bikes_lag1+pct_pais_United Kingdom_lag1+pct_pais_United States_lag1,5.898078622764627,0.2669172155883803
log,"(0, 1, 2)","(1, 0, 0, 12)",pct_cat_Bikes_lag1+pct_pais_United Kingdom_lag1+pct_genero_M_lag1,5.898078622764627,0.2435854155117387
log,"(0, 1, 2)","(1, 0, 0, 12)",pct_cat_Bikes_lag1+pct_pais_United States_lag1+pct_genero_M_lag1,5.898078622764627,0.2758563951985325
log,"(0, 1, 2)","(1, 0, 0, 12)",pct_cat_Clothing_lag1+pct_pais_Australia_lag1+pct_pais_Canada_lag1,5.898078622764627,0.30821004427066023
log,"(0, 1, 2)","(1, 0, 0, 12)",pct_cat_Clothing_lag1+pct_pais_Australia_lag1+pct_pais_France_lag1,5.898078622764627,0.37287339833898886
log,"(0, 1, 2)","(1, 0, 0, 12)",pct_cat_Clothing_lag1+pct_pais_Australia_lag1+pct_pais_Germany_lag1,5.898078622764627,0.2998536006142673
log,"(0, 1, 2)","(1, 0, 0, 12)",pct_cat_Clothing_lag1+pct_pais_Australia_lag1+pct_pais_United Kingdom_lag1,5.898078622764627,0.37317172540511345
log,"(0, 1, 2)","(1, 0, 0, 12)",pct_cat_Clothing_lag1+pct_pais_Australia_lag1+pct_pais_United States_lag1,5.898078622764627,0.30794116261873866
log,"(0, 1, 2)","(1, 0, 0, 12)",pct_cat_Clothing_lag1+pct_pais_Australia_lag1+pct_genero_M_lag1,5.898078622764627,0.31343033178212426
log,"(0, 1, 2)","(1, 0, 0, 12)",pct_cat_Clothing_lag1+pct_pais_Canada_lag1+pct_pais_France_lag1,5.898078622764627,0.23159743288807055
log,"(0, 1, 2)","(1, 0, 0, 12)",pct_cat_Clothing_lag1+pct_pais_Canada_lag1+pct_pais_Germany_lag1,5.898078622764627,0.22990695057395483
log,"(0, 1, 2)","(1, 0, 0, 12)",pct_cat_Clothing_lag1+pct_pais_Canada_lag1+pct_pais_United Kingdom_lag1,5.898078622764627,0.23064104784849135
log,"(0, 1, 2)","(1, 0, 0, 12)",pct_cat_Clothing_lag1+pct_pais_Canada_lag1+pct_pais_United States_lag1,5.898078622764627,0.25706821535036833
log,"(0, 1, 2)","(1, 0, 0, 12)",pct_cat_Clothing_lag1+pct_pais_Canada_lag1+pct_genero_M_lag1,5.898078622764627,0.26823457073692275
log,"(0, 1, 2)","(1, 0, 0, 12)",pct_cat_Clothing_lag1+pct_pais_France_lag1+pct_pais_Germany_lag1,5.898078622764627,0.23729406746190618
log,"(0, 1, 2)","(1, 0, 0, 12)",pct_cat_Clothing_lag1+pct_pais_France_lag1+pct_pais_United Kingdom_lag1,5.898078622764627,0.2290149596157894
log,"(0, 1, 2)","(1, 0, 0, 12)",pct_cat_Clothing_lag1+pct_pais_France_lag1+pct_pais_United States_lag1,5.898078622764627,0.26523035608583084
log,"(0, 1, 2)","(1, 0, 0, 12)",pct_cat_Clothing_lag1+pct_pais_France_lag1+pct_genero_M_lag1,5.898078622764627,0.2553098022059937
log,"(0, 1, 2)","(1, 0, 0, 12)",pct_cat_Clothing_lag1+pct_pais_Germany_lag1+pct_pais_United Kingdom_lag1,5.898078622764627,0.24378411675268627
log,"(0, 1, 2)","(1, 0, 0, 12)",pct_cat_Clothing_lag1+pct_pais_Germany_lag1+pct_pais_United States_lag1,5.898078622764627,0.271486901736364
log,"(0, 1, 2)","(1, 0, 0, 12)",pct_cat_Clothing_lag1+pct_pais_Germany_lag1+pct_genero_M_lag1,5.898078622764627,0.24190291368335534
log,"(0, 1, 2)","(1, 0, 0, 12)",pct_cat_Clothing_lag1+pct_pais_United Kingdom_lag1+pct_pais_United States_lag1,5.898078622764627,0.2598924436117673
log,"(0, 1, 2)","(1, 0, 0, 12)",pct_cat_Clothing_lag1+pct_pais_United Kingdom_lag1+pct_genero_M_lag1,5.898078622764627,0.2520855464448462
log,"(0, 1, 2)","(1, 0, 0, 12)",pct_cat_Clothing_lag1+pct_pais_United States_lag1+pct_genero_M_lag1,5.898078622764627,0.2754921502631826
log,"(0, 1, 2)","(1, 0, 0, 12)",pct_pais_Australia_lag1+pct_pais_Canada_lag1+pct_pais_France_lag1,5.898078622764627,0.35307447887379767
log,"(0, 1, 2)","(1, 0, 0, 12)",pct_pais_Australia_lag1+pct_pais_Canada_lag1+pct_pais_Germany_lag1,5.898078622764627,0.3346258040381119
log,"(0, 1, 2)","(1, 0, 0, 12)",pct_pais_Australia_lag1+pct_pais_Canada_lag1+pct_pais_United Kingdom_lag1,5.898078622764627,0.3361955145123876
log,"(0, 1, 2)","(1, 0, 0, 12)",pct_pais_Australia_lag1+pct_pais_Canada_lag1+pct_pais_United States_lag1,5.898078622764627,0.34513143089647985
log,"(0, 1, 2)","(1, 0, 0, 12)",pct_pais_Australia_lag1+pct_pais_Canada_lag1+pct_genero_M_lag1,5.898078622764627,0.3286350810175455
log,"(0, 1, 2)","(1, 0, 0, 12)",pct_pais_Australia_lag1+pct_pais_France_lag1+pct_pais_Germany_lag1,5.898078622764627,0.37133544669377105
log,"(0, 1, 2)","(1, 0, 0, 12)",pct_pais_Australia_lag1+pct_pais_France_lag1+pct_pais_United Kingdom_lag1,5.898078622764627,0.35325423151904584
log,"(0, 1, 2)","(1, 0, 0, 12)",pct_pais_Australia_lag1+pct_pais_France_lag1+pct_pais_United States_lag1,5.898078622764627,0.35202108330970533
log,"(0, 1, 2)","(1, 0, 0, 12)",pct_pais_Australia_lag1+pct_pais_France_lag1+pct_genero_M_lag1,5.898078622764627,0.3525703882914477
log,"(0, 1, 2)","(1, 0, 0, 12)",pct_pais_Australia_lag1+pct_pais_Germany_lag1+pct_pais_United Kingdom_lag1,5.898078622764627,0.3382612968728609
log,"(0, 1, 2)","(1, 0, 0, 12)",pct_pais_Australia_lag1+pct_pais_Germany_lag1+pct_pais_United States_lag1,5.898078622764627,0.3009952638951712
log,"(0, 1, 2)","(1, 0, 0, 12)",pct_pais_Australia_lag1+pct_pais_Germany_lag1+pct_genero_M_lag1,5.898078622764627,0.3355717655429133
log,"(0, 1, 2)","(1, 0, 0, 12)",pct_pais_Australia_lag1+pct_pais_United Kingdom_lag1+pct_pais_United States_lag1,5.898078622764627,0.335168479430247
log,"(0, 1, 2)","(1, 0, 0, 12)",pct_pais_Australia_lag1+pct_pais_United Kingdom_lag1+pct_genero_M_lag1,5.898078622764627,0.3331852304636083
log,"(0, 1, 2)","(1, 0, 0, 12)",pct_pais_Australia_lag1+pct_pais_United States_lag1+pct_genero_M_lag1,5.898078622764627,0.3361477333416025
log,"(0, 1, 2)","(1, 0, 0, 12)",pct_pais_Canada_lag1+pct_pais_France_lag1+pct_pais_Germany_lag1,5.898078622764627,0.3245967261159746
log,"(0, 1, 2)","(1, 0, 0, 12)",pct_pais_Canada_lag1+pct_pais_France_lag1+pct_pais_United Kingdom_lag1,5.898078622764627,0.29189927626910317
log,"(0, 1, 2)","(1, 0, 0, 12)",pct_pais_Canada_lag1+pct_pais_France_lag1+pct_pais_United States_lag1,5.898078622764627,0.28837970600117546
log,"(0, 1, 2)","(1, 0, 0, 12)",pct_pais_Canada_lag1+pct_pais_France_lag1+pct_genero_M_lag1,5.898078622764627,0.29553857174727377
log,"(0, 1, 2)","(1, 0, 0, 12)",pct_pais_Canada_lag1+pct_pais_Germany_lag1+pct_pais_United Kingdom_lag1,5.898078622764627,0.3006590981245614
log,"(0, 1, 2)","(1, 0, 0, 12)",pct_pais_Canada_lag1+pct_pais_Germany_lag1+pct_pais_United States_lag1,5.898078622764627,0.294406256077893
log,"(0, 1, 2)","(1, 0, 0, 12)",pct_pais_Canada_lag1+pct_pais_Germany_lag1+pct_genero_M_lag1,5.898078622764627,0.2967993640725084
log,"(0, 1, 2)","(1, 0, 0, 12)",pct_pais_Canada_lag1+pct_pais_United Kingdom_lag1+pct_pais_United States_lag1,5.898078622764627,0.30632470672138085
log,"(0, 1, 2)","(1, 0, 0, 12)",pct_pais_Canada_lag1+pct_pais_United Kingdom_lag1+pct_genero_M_lag1,5.898078622764627,0.29216102043181374
log,"(0, 1, 2)","(1, 0, 0, 12)",pct_pais_Canada_lag1+pct_pais_United States_lag1+pct_genero_M_lag1,5.898078622764627,0.3016283093984185
log,"(0, 1, 2)","(1, 0, 0, 12)",pct_pais_France_lag1+pct_pais_Germany_lag1+pct_pais_United Kingdom_lag1,5.898078622764627,0.3345192477244508
log,"(0, 1, 2)","(1, 0, 0, 12)",pct_pais_France_lag1+pct_pais_Germany_lag1+pct_pais_United States_lag1,5.898078622764627,0.3337404718757015
log,"(0, 1, 2)","(1, 0, 0, 12)",pct_pais_France_lag1+pct_pais_Germany_lag1+pct_genero_M_lag1,5.898078622764627,0.3282898189448624
log,"(0, 1, 2)","(1, 0, 0, 12)",pct_pais_France_lag1+pct_pais_United Kingdom_lag1+pct_pais_United States_lag1,5.898078622764627,0.29403969294828086
log,"(0, 1, 2)","(1, 0, 0, 12)",pct_pais_France_lag1+pct_pais_United Kingdom_lag1+pct_genero_M_lag1,5.898078622764627,0.2993927817799656
log,"(0, 1, 2)","(1, 0, 0, 12)",pct_pais_France_lag1+pct_pais_United States_lag1+pct_genero_M_lag1,5.898078622764627,0.29362303350021407
log,"(0, 1, 2)","(1, 0, 0, 12)",pct_pais_Germany_lag1+pct_pais_United Kingdom_lag1+pct_pais_United States_lag1,5.898078622764627,0.2970423965272719
log,"(0, 1, 2)","(1, 0, 0, 12)",pct_pais_Germany_lag1+pct_pais_United Kingdom_lag1+pct_genero_M_lag1,5.898078622764627,0.326096620516097
log,"(0, 1, 2)","(1, 0, 0, 12)",pct_pais_Germany_lag1+pct_pais_United States_lag1+pct_genero_M_lag1,5.898078622764627,0.30131669208705747
log,"(0, 1, 2)","(1, 0, 0, 12)",pct_pais_United Kingdom_lag1+pct_pais_United States_lag1+pct_genero_M_lag1,5.898078622764627,0.2897748462970013
log,"(0, 1, 2)","(1, 1, 0, 6)",calendario+preco_medio_lag1+custo_medio_lag1,10.28524474216788,0.24749801646941028
log,"(0, 1, 2)","(1, 1, 0, 6)",calendario+preco_medio_lag1+idade_media_lag1,10.28524474216788,0.20722943190068652
log,"(0, 1, 2)","(1, 1, 0, 6)",calendario+preco_medio_lag1+n_transacoes_lag1,10.28524474216788,0.23195442350606363
log,"(0, 1, 2)","(1, 1, 0, 6)",calendario+preco_medio_lag1+pct_cat_Accessories_lag1,10.28524474216788,0.24635094952002748
log,"(0, 1, 2)","(1, 1, 0, 6)",calendario+preco_medio_lag1+pct_cat_Bikes_lag1,10.28524474216788,0.24652999129058906
log,"(0, 1, 2)","(1, 1, 0, 6)",calendario+preco_medio_lag1+pct_cat_Clothing_lag1,10.28524474216788,0.2518517021685945
log,"(0, 1, 2)","(1, 1, 0, 6)",calendario+preco_medio_lag1+pct_pais_Australia_lag1,10.28524474216788,0.2876621233521642
log,"(0, 1, 2)","(1, 1, 0, 6)",calendario+preco_medio_lag1+pct_pais_Canada_lag1,10.28524474216788,0.2738710682350151
log,"(0, 1, 2)","(1, 1, 0, 6)",calendario+preco_medio_lag1+pct_pais_France_lag1,10.28524474216788,0.317379558858833
log,"(0, 1, 2)","(1, 1, 0, 6)",calendario+preco_medio_lag1+pct_pais_Germany_lag1,10.28524474216788,0.2718347466095589
log,"(0, 1, 2)","(1, 1, 0, 6)",calendario+preco_medio_lag1+pct_pais_United Kingdom_lag1,10.28524474216788,0.2458201399640301
log,"(0, 1, 2)","(1, 1, 0, 6)",calendario+preco_medio_lag1+pct_pais_United States_lag1,10.28524474216788,0.2552528855818555
log,"(0, 1, 2)","(1, 1, 0, 6)",calendario+preco_medio_lag1+pct_genero_M_lag1,10.28524474216788,0.23054045555412164
log,"(0, 1, 2)","(1, 1, 0, 6)",calendario+custo_medio_lag1+idade_media_lag1,10.28524474216788,0.20539185295642204
log,"(0, 1, 2)","(1, 1, 0, 6)",calendario+custo_medio_lag1+n_transacoes_lag1,10.28524474216788,0.23533390995481254
log,"(0, 1, 2)","(1, 1, 0, 6)",calendario+custo_medio_lag1+pct_cat_Accessories_lag1,10.28524474216788,0.25829758853839174
log,"(0, 1, 2)","(1, 1, 0, 6)",calendario+custo_medio_lag1+pct_cat_Bikes_lag1,10.28524474216788,0.25787713939720946
log,"(0, 1, 2)","(1, 1, 0, 6)",calendario+custo_medio_lag1+pct_cat_Clothing_lag1,10.28524474216788,0.28103970639096376
log,"(0, 1, 2)","(1, 1, 0, 6)",calendario+custo_medio_lag1+pct_pais_Australia_lag1,10.28524474216788,0.2896007206966138
log,"(0, 1, 2)","(1, 1, 0, 6)",calendario+custo_medio_lag1+pct_pais_Canada_lag1,10.28524474216788,0.2672514982547674
log,"(0, 1, 2)","(1, 1, 0, 6)",calendario+custo_medio_lag1+pct_pais_France_lag1,10.28524474216788,0.29671020400712117
log,"(0, 1, 2)","(1, 1, 0, 6)",calendario+custo_medio_lag1+pct_pais_Germany_lag1,10.28524474216788,0.2762600341284683
log,"(0, 1, 2)","(1, 1, 0, 6)",calendario+custo_medio_lag1+pct_pais_United Kingdom_lag1,10.28524474216788,0.23207672964822268
log,"(0, 1, 2)","(1, 1, 0, 6)",calendario+custo_medio_lag1+pct_pais_United States_lag1,10.28524474216788,0.2567508972311609
log,"(0, 1, 2)","(1, 1, 0, 6)",calendario+custo_medio_lag1+pct_genero_M_lag1,10.28524474216788,0.2292000637994247
log,"(0, 1, 2)","(1, 1, 0, 6)",calendario+idade_media_lag1+n_transacoes_lag1,10.28524474216788,0.24769013681866145
log,"(0, 1, 2)","(1, 1, 0, 6)",calendario+idade_media_lag1+pct_cat_Accessories_lag1,10.28524474216788,0.22724662287147188
log,"(0, 1, 2)","(1, 1, 0, 6)",calendario+idade_media_lag1+pct_cat_Bikes_lag1,10.28524474216788,0.23902464439752394
log,"(0, 1, 2)","(1, 1, 0, 6)",calendario+idade_media_lag1+pct_cat_Clothing_lag1,10.28524474216788,0.23130308312120282
log,"(0, 1, 2)","(1, 1, 0, 6)",calendario+idade_media_lag1+pct_pais_Australia_lag1,10.28524474216788,0.37661570001453715
log,"(0, 1, 2)","(1, 1, 0, 6)",calendario+idade_media_lag1+pct_pais_Canada_lag1,10.28524474216788,0.25079417329614795
log,"(0, 1, 2)","(1, 1, 0, 6)",calendario+idade_media_lag1+pct_pais_France_lag1,10.28524474216788,0.24290580192272881
log,"(0, 1, 2)","(1, 1, 0, 6)",calendario+idade_media_lag1+pct_pais_Germany_lag1,10.28524474216788,0.2351377214641299
log,"(0, 1, 2)","(1, 1, 0, 6)",calendario+idade_media_lag1+pct_pais_United Kingdom_lag1,10.28524474216788,0.23383842892890813
log,"(0, 1, 2)","(1, 1, 0, 6)",calendario+idade_media_lag1+pct_pais_United States_lag1,10.28524474216788,0.22590968542271414
log,"(0, 1, 2)","(1, 1, 0, 6)",calendario+idade_media_lag1+pct_genero_M_lag1,10.28524474216788,0.22963598096090018
log,"(0, 1, 2)","(1, 1, 0, 6)",calendario+n_transacoes_lag1+pct_cat_Accessories_lag1,10.28524474216788,0.2561808897822639
log,"(0, 1, 2)","(1, 1, 0, 6)",calendario+n_transacoes_lag1+pct_cat_Bikes_lag1,10.28524474216788,0.2537842698339996
log,"(0, 1, 2)","(1, 1, 0, 6)",calendario+n_transacoes_lag1+pct_cat_Clothing_lag1,10.28524474216788,0.24088681870589077
log,"(0, 1, 2)","(1, 1, 0, 6)",calendario+n_transacoes_lag1+pct_pais_Australia_lag1,10.28524474216788,0.28348944866244874
log,"(0, 1, 2)","(1, 1, 0, 6)",calendario+n_transacoes_lag1+pct_pais_Canada_lag1,10.28524474216788,0.25538820577439997
log,"(0, 1, 2)","(1, 1, 0, 6)",calendario+n_transacoes_lag1+pct_pais_France_lag1,10.28524474216788,0.241814635802139
log,"(0, 1, 2)","(1, 1, 0, 6)",calendario+n_transacoes_lag1+pct_pais_Germany_lag1,10.28524474216788,0.21983253248970006
log,"(0, 1, 2)","(1, 1, 0, 6)",calendario+n_transacoes_lag1+pct_pais_United Kingdom_lag1,10.28524474216788,0.29364865784990685
log,"(0, 1, 2)","(1, 1, 0, 6)",calendario+n_transacoes_lag1+pct_pais_United States_lag1,10.28524474216788,0.2594871436886675
log,"(0, 1, 2)","(1, 1, 0, 6)",calendario+n_transacoes_lag1+pct_genero_M_lag1,10.28524474216788,0.36166752662688006
log,"(0, 1, 2)","(1, 1, 0, 6)",calendario+pct_cat_Accessories_lag1+pct_cat_Bikes_lag1,10.28524474216788,0.334982868161289
log,"(0, 1, 2)","(1, 1, 0, 6)",calendario+pct_cat_Accessories_lag1+pct_cat_Clothing_lag1,10.28524474216788,0.34219858998577807
log,"(0, 1, 2)","(1, 1, 0, 6)",calendario+pct_cat_Accessories_lag1+pct_pais_Australia_lag1,10.28524474216788,0.30169495479643804
log,"(0, 1, 2)","(1, 1, 0, 6)",calendario+pct_cat_Accessories_lag1+pct_pais_Canada_lag1,10.28524474216788,0.25788441959594943
log,"(0, 1, 2)","(1, 1, 0, 6)",calendario+pct_cat_Accessories_lag1+pct_pais_France_lag1,10.28524474216788,0.23298816192153615
log,"(0, 1, 2)","(1, 1, 0, 6)",calendario+pct_cat_Accessories_lag1+pct_pais_Germany_lag1,10.28524474216788,0.1860587486485519
log,"(0, 1, 2)","(1, 1, 0, 6)",calendario+pct_cat_Accessories_lag1+pct_pais_United Kingdom_lag1,10.28524474216788,0.26225687535977654
log,"(0, 1, 2)","(1, 1, 0, 6)",calendario+pct_cat_Accessories_lag1+pct_pais_United States_lag1,10.28524474216788,0.28938519525766276
log,"(0, 1, 2)","(1, 1, 0, 6)",calendario+pct_cat_Accessories_lag1+pct_genero_M_lag1,10.28524474216788,0.26419562183201467
log,"(0, 1, 2)","(1, 1, 0, 6)",calendario+pct_cat_Bikes_lag1+pct_cat_Clothing_lag1,10.28524474216788,0.34185298312582163
log,"(0, 1, 2)","(1, 1, 0, 6)",calendario+pct_cat_Bikes_lag1+pct_pais_Australia_lag1,10.28524474216788,0.29631170880411656
log,"(0, 1, 2)","(1, 1, 0, 6)",calendario+pct_cat_Bikes_lag1+pct_pais_Canada_lag1,10.28524474216788,0.2572927707967217
log,"(0, 1, 2)","(1, 1, 0, 6)",calendario+pct_cat_Bikes_lag1+pct_pais_France_lag1,10.28524474216788,0.23059797985898287
log,"(0, 1, 2)","(1, 1, 0, 6)",calendario+pct_cat_Bikes_lag1+pct_pais_Germany_lag1,10.28524474216788,0.18842313273672442
log,"(0, 1, 2)","(1, 1, 0, 6)",calendario+pct_cat_Bikes_lag1+pct_pais_United Kingdom_lag1,10.28524474216788,0.26962274699446986
log,"(0, 1, 2)","(1, 1, 0, 6)",calendario+pct_cat_Bikes_lag1+pct_pais_United States_lag1,10.28524474216788,0.2943648424966834
log,"(0, 1, 2)","(1, 1, 0, 6)",calendario+pct_cat_Bikes_lag1+pct_genero_M_lag1,10.28524474216788,0.257979545051306
log,"(0, 1, 2)","(1, 1, 0, 6)",calendario+pct_cat_Clothing_lag1+pct_pais_Australia_lag1,10.28524474216788,0.2605084288418104
log,"(0, 1, 2)","(1, 1, 0, 6)",calendario+pct_cat_Clothing_lag1+pct_pais_Canada_lag1,10.28524474216788,0.24925123002302765
log,"(0, 1, 2)","(1, 1, 0, 6)",calendario+pct_cat_Clothing_lag1+pct_pais_France_lag1,10.28524474216788,0.23585530145957415
log,"(0, 1, 2)","(1, 1, 0, 6)",calendario+pct_cat_Clothing_lag1+pct_pais_Germany_lag1,10.28524474216788,0.19821752271436832
log,"(0, 1, 2)","(1, 1, 0, 6)",calendario+pct_cat_Clothing_lag1+pct_pais_United Kingdom_lag1,10.28524474216788,0.24874277605801953
log,"(0, 1, 2)","(1, 1, 0, 6)",calendario+pct_cat_Clothing_lag1+pct_pais_United States_lag1,10.28524474216788,0.2719425401787512
log,"(0, 1, 2)","(1, 1, 0, 6)",calendario+pct_cat_Clothing_lag1+pct_genero_M_lag1,10.28524474216788,0.25926531523750546
log,"(0, 1, 2)","(1, 1, 0, 6)",calendario+pct_pais_Australia_lag1+pct_pais_Canada_lag1,10.28524474216788,0.2974161923876498
log,"(0, 1, 2)","(1, 1, 0, 6)",calendario+pct_pais_Australia_lag1+pct_pais_France_lag1,10.28524474216788,0.33081235401297804
log,"(0, 1, 2)","(1, 1, 0, 6)",calendario+pct_pais_Australia_lag1+pct_pais_Germany_lag1,10.28524474216788,0.2710697131438267
log,"(0, 1, 2)","(1, 1, 0, 6)",calendario+pct_pais_Australia_lag1+pct_pais_United Kingdom_lag1,10.28524474216788,0.3181138280681009
log,"(0, 1, 2)","(1, 1, 0, 6)",calendario+pct_pais_Australia_lag1+pct_pais_United States_lag1,10.28524474216788,0.302083009312821
log,"(0, 1, 2)","(1, 1, 0, 6)",calendario+pct_pais_Australia_lag1+pct_genero_M_lag1,10.28524474216788,0.29995859813226516
log,"(0, 1, 2)","(1, 1, 0, 6)",calendario+pct_pais_Canada_lag1+pct_pais_France_lag1,10.28524474216788,0.25263531200882755
log,"(0, 1, 2)","(1, 1, 0, 6)",calendario+pct_pais_Canada_lag1+pct_pais_Germany_lag1,10.28524474216788,0.21377265511211666
log,"(0, 1, 2)","(1, 1, 0, 6)",calendario+pct_pais_Canada_lag1+pct_pais_United Kingdom_lag1,10.28524474216788,0.24027306750737001
log,"(0, 1, 2)","(1, 1, 0, 6)",calendario+pct_pais_Canada_lag1+pct_pais_United States_lag1,10.28524474216788,0.24426817738110373
log,"(0, 1, 2)","(1, 1, 0, 6)",calendario+pct_pais_Canada_lag1+pct_genero_M_lag1,10.28524474216788,0.25288047466541447
log,"(0, 1, 2)","(1, 1, 0, 6)",calendario+pct_pais_France_lag1+pct_pais_Germany_lag1,10.28524474216788,0.31614453989770314
log,"(0, 1, 2)","(1, 1, 0, 6)",calendario+pct_pais_France_lag1+pct_pais_United Kingdom_lag1,10.28524474216788,0.26996854816498345
log,"(0, 1, 2)","(1, 1, 0, 6)",calendario+pct_pais_France_lag1+pct_pais_United States_lag1,10.28524474216788,0.25143199531571586
log,"(0, 1, 2)","(1, 1, 0, 6)",calendario+pct_pais_France_lag1+pct_genero_M_lag1,10.28524474216788,0.2580480295562578
log,"(0, 1, 2)","(1, 1, 0, 6)",calendario+pct_pais_Germany_lag1+pct_pais_United Kingdom_lag1,10.28524474216788,0.24980427591407584
log,"(0, 1, 2)","(1, 1, 0, 6)",calendario+pct_pais_Germany_lag1+pct_pais_United States_lag1,10.28524474216788,0.2406507984534636
log,"(0, 1, 2)","(1, 1, 0, 6)",calendario+pct_pais_Germany_lag1+pct_genero_M_lag1,10.28524474216788,0.26310375866954866
log,"(0, 1, 2)","(1, 1, 0, 6)",calendario+pct_pais_United Kingdom_lag1+pct_pais_United States_lag1,10.28524474216788,0.23969850749808844
log,"(0, 1, 2)","(1, 1, 0, 6)",calendario+pct_pais_United Kingdom_lag1+pct_genero_M_lag1,10.28524474216788,0.24559516473435117
log,"(0, 1, 2)","(1, 1, 0, 6)",calendario+pct_pais_United States_lag1+pct_genero_M_lag1,10.28524474216788,0.24666921081684037
log,"(0, 1, 2)","(1, 1, 0, 6)",preco_medio_lag1+custo_medio_lag1+idade_media_lag1,10.28524474216788,0.2332610107188814
log,"(0, 1, 2)","(1, 1, 0, 6)",preco_medio_lag1+custo_medio_lag1+n_transacoes_lag1,10.28524474216788,0.2256994114064547
log,"(0, 1, 2)","(1, 1, 0, 6)",preco_medio_lag1+custo_medio_lag1+pct_cat_Accessories_lag1,10.28524474216788,0.26815232647013826
log,"(0, 1, 2)","(1, 1, 0, 6)",preco_medio_lag1+custo_medio_lag1+pct_cat_Bikes_lag1,10.28524474216788,0.2726582859625111
log,"(0, 1, 2)","(1, 1, 0, 6)",preco_medio_lag1+custo_medio_lag1+pct_cat_Clothing_lag1,10.28524474216788,0.2459236540708046
log,"(0, 1, 2)","(1, 1, 0, 6)",preco_medio_lag1+custo_medio_lag1+pct_pais_Australia_lag1,10.28524474216788,0.2927740028652932
log,"(0, 1, 2)","(1, 1, 0, 6)",preco_medio_lag1+custo_medio_lag1+pct_pais_Canada_lag1,10.28524474216788,0.2576084709813869
log,"(0, 1, 2)","(1, 1, 0, 6)",preco_medio_lag1+custo_medio_lag1+pct_pais_France_lag1,10.28524474216788,0.32666088903299334
log,"(0, 1, 2)","(1, 1, 0, 6)",preco_medio_lag1+custo_medio_lag1+pct_pais_Germany_lag1,10.28524474216788,0.30600449404525326
log,"(0, 1, 2)","(1, 1, 0, 6)",preco_medio_lag1+custo_medio_lag1+pct_pais_United Kingdom_lag1,10.28524474216788,0.2851249565709298
log,"(0, 1, 2)","(1, 1, 0, 6)",preco_medio_lag1+custo_medio_lag1+pct_pais_United States_lag1,10.28524474216788,0.2780411070376725
log,"(0, 1, 2)","(1, 1, 0, 6)",preco_medio_lag1+custo_medio_lag1+pct_genero_M_lag1,10.28524474216788,0.232875352016272
log,"(0, 1, 2)","(1, 1, 0, 6)",preco_medio_lag1+idade_media_lag1+n_transacoes_lag1,10.28524474216788,0.22745305040852962
log,"(0, 1, 2)","(1, 1, 0, 6)",preco_medio_lag1+idade_media_lag1+pct_cat_Accessories_lag1,10.28524474216788,0.22518365439969026
log,"(0, 1, 2)","(1, 1, 0, 6)",preco_medio_lag1+idade_media_lag1+pct_cat_Bikes_lag1,10.28524474216788,0.22277621212626322
log,"(0, 1, 2)","(1, 1, 0, 6)",preco_medio_lag1+idade_media_lag1+pct_cat_Clothing_lag1,10.28524474216788,0.23394019586670534
log,"(0, 1, 2)","(1, 1, 0, 6)",preco_medio_lag1+idade_media_lag1+pct_pais_Australia_lag1,10.28524474216788,0.3270539329748815
log,"(0, 1, 2)","(1, 1, 0, 6)",preco_medio_lag1+idade_media_lag1+pct_pais_Canada_lag1,10.28524474216788,0.24974471200086013
log,"(0, 1, 2)","(1, 1, 0, 6)",preco_medio_lag1+idade_media_lag1+pct_pais_France_lag1,10.28524474216788,0.2685231242857546
log,"(0, 1, 2)","(1, 1, 0, 6)",preco_medio_lag1+idade_media_lag1+pct_pais_Germany_lag1,10.28524474216788,0.26600808557105715
log,"(0, 1, 2)","(1, 1, 0, 6)",preco_medio_lag1+idade_media_lag1+pct_pais_United Kingdom_lag1,10.28524474216788,0.2457103790236533
log,"(0, 1, 2)","(1, 1, 0, 6)",preco_medio_lag1+idade_media_lag1+pct_pais_United States_lag1,10.28524474216788,0.24258000323791049
log,"(0, 1, 2)","(1, 1, 0, 6)",preco_medio_lag1+idade_media_lag1+pct_genero_M_lag1,10.28524474216788,0.2233857716414057
log,"(0, 1, 2)","(1, 1, 0, 6)",preco_medio_lag1+n_transacoes_lag1+pct_cat_Accessories_lag1,10.28524474216788,0.2842551730878884
log,"(0, 1, 2)","(1, 1, 0, 6)",preco_medio_lag1+n_transacoes_lag1+pct_cat_Bikes_lag1,10.28524474216788,0.2857879646222928
log,"(0, 1, 2)","(1, 1, 0, 6)",preco_medio_lag1+n_transacoes_lag1+pct_cat_Clothing_lag1,10.28524474216788,0.29299112604762123
log,"(0, 1, 2)","(1, 1, 0, 6)",preco_medio_lag1+n_transacoes_lag1+pct_pais_Australia_lag1,10.28524474216788,0.30631406252662535
log,"(0, 1, 2)","(1, 1, 0, 6)",preco_medio_lag1+n_transacoes_lag1+pct_pais_Canada_lag1,10.28524474216788,0.21823225114200787
log,"(0, 1, 2)","(1, 1, 0, 6)",preco_medio_lag1+n_transacoes_lag1+pct_pais_France_lag1,10.28524474216788,0.26896604984995554
log,"(0, 1, 2)","(1, 1, 0, 6)",preco_medio_lag1+n_transacoes_lag1+pct_pais_Germany_lag1,10.28524474216788,0.29074256387652336
log,"(0, 1, 2)","(1, 1, 0, 6)",preco_medio_lag1+n_transacoes_lag1+pct_pais_United Kingdom_lag1,10.28524474216788,0.23954229406857788
log,"(0, 1, 2)","(1, 1, 0, 6)",preco_medio_lag1+n_transacoes_lag1+pct_pais_United States_lag1,10.28524474216788,0.2352136488297599
log,"(0, 1, 2)","(1, 1, 0, 6)",preco_medio_lag1+n_transacoes_lag1+pct_genero_M_lag1,10.28524474216788,0.2786133047855432
log,"(0, 1, 2)","(1, 1, 0, 6)",preco_medio_lag1+pct_cat_Accessories_lag1+pct_cat_Bikes_lag1,10.28524474216788,0.35685149955883105
log,"(0, 1, 2)","(1, 1, 0, 6)",preco_medio_lag1+pct_cat_Accessories_lag1+pct_cat_Clothing_lag1,10.28524474216788,0.3152840116215317
log,"(0, 1, 2)","(1, 1, 0, 6)",preco_medio_lag1+pct_cat_Accessories_lag1+pct_pais_Australia_lag1,10.28524474216788,0.3108843409918544
log,"(0, 1, 2)","(1, 1, 0, 6)",preco_medio_lag1+pct_cat_Accessories_lag1+pct_pais_Canada_lag1,10.28524474216788,0.23739048922700903
log,"(0, 1, 2)","(1, 1, 0, 6)",preco_medio_lag1+pct_cat_Accessories_lag1+pct_pais_France_lag1,10.28524474216788,0.21721617709437246
log,"(0, 1, 2)","(1, 1, 0, 6)",preco_medio_lag1+pct_cat_Accessories_lag1+pct_pais_Germany_lag1,10.28524474216788,0.20963529659784771
log,"(0, 1, 2)","(1, 1, 0, 6)",preco_medio_lag1+pct_cat_Accessories_lag1+pct_pais_United Kingdom_lag1,10.28524474216788,0.25288642728846333
log,"(0, 1, 2)","(1, 1, 0, 6)",preco_medio_lag1+pct_cat_Accessories_lag1+pct_pais_United States_lag1,10.28524474216788,0.2877140352285002
log,"(0, 1, 2)","(1, 1, 0, 6)",preco_medio_lag1+pct_cat_Accessories_lag1+pct_genero_M_lag1,10.28524474216788,0.22843538487251716
log,"(0, 1, 2)","(1, 1, 0, 6)",preco_medio_lag1+pct_cat_Bikes_lag1+pct_cat_Clothing_lag1,10.28524474216788,0.31481832073429544
log,"(0, 1, 2)","(1, 1, 0, 6)",preco_medio_lag1+pct_cat_Bikes_lag1+pct_pais_Australia_lag1,10.28524474216788,0.3102054640987424
log,"(0, 1, 2)","(1, 1, 0, 6)",preco_medio_lag1+pct_cat_Bikes_lag1+pct_pais_Canada_lag1,10.28524474216788,0.232207778399556
log,"(0, 1, 2)","(1, 1, 0, 6)",preco_medio_lag1+pct_cat_Bikes_lag1+pct_pais_France_lag1,10.28524474216788,0.21325916847404972
log,"(0, 1, 2)","(1, 1, 0, 6)",preco_medio_lag1+pct_cat_Bikes_lag1+pct_pais_Germany_lag1,10.28524474216788,0.2095746071773872
log,"(0, 1, 2)","(1, 1, 0, 6)",preco_medio_lag1+pct_cat_Bikes_lag1+pct_pais_United Kingdom_lag1,10.28524474216788,0.2512858210089029
log,"(0, 1, 2)","(1, 1, 0, 6)",preco_medio_lag1+pct_cat_Bikes_lag1+pct_pais_United States_lag1,10.28524474216788,0.28420431915415884
log,"(0, 1, 2)","(1, 1, 0, 6)",preco_medio_lag1+pct_cat_Bikes_lag1+pct_genero_M_lag1,10.28524474216788,0.23053681030887166
log,"(0, 1, 2)","(1, 1, 0, 6)",preco_medio_lag1+pct_cat_Clothing_lag1+pct_pais_Australia_lag1,10.28524474216788,0.30814807004421146
log,"(0, 1, 2)","(1, 1, 0, 6)",preco_medio_lag1+pct_cat_Clothing_lag1+pct_pais_Canada_lag1,10.28524474216788,0.21615487068084657
log,"(0, 1, 2)","(1, 1, 0, 6)",preco_medio_lag1+pct_cat_Clothing_lag1+pct_pais_France_lag1,10.28524474216788,0.32512418899203394
log,"(0, 1, 2)","(1, 1, 0, 6)",preco_medio_lag1+pct_cat_Clothing_lag1+pct_pais_Germany_lag1,10.28524474216788,0.23601207377249733
log,"(0, 1, 2)","(1, 1, 0, 6)",preco_medio_lag1+pct_cat_Clothing_lag1+pct_pais_United Kingdom_lag1,10.28524474216788,0.257901868965591
log,"(0, 1, 2)","(1, 1, 0, 6)",preco_medio_lag1+pct_cat_Clothing_lag1+pct_pais_United States_lag1,10.28524474216788,0.2894460882312939
log,"(0, 1, 2)","(1, 1, 0, 6)",preco_medio_lag1+pct_cat_Clothing_lag1+pct_genero_M_lag1,10.28524474216788,0.24216782133773937
log,"(0, 1, 2)","(1, 1, 0, 6)",preco_medio_lag1+pct_pais_Australia_lag1+pct_pais_Canada_lag1,10.28524474216788,0.3251686084377352
log,"(0, 1, 2)","(1, 1, 0, 6)",preco_medio_lag1+pct_pais_Australia_lag1+pct_pais_France_lag1,10.28524474216788,0.38655377977315686
log,"(0, 1, 2)","(1, 1, 0, 6)",preco_medio_lag1+pct_pais_Australia_lag1+pct_pais_Germany_lag1,10.28524474216788,0.28821294429536914
log,"(0, 1, 2)","(1, 1, 0, 6)",preco_medio_lag1+pct_pais_Australia_lag1+pct_pais_United Kingdom_lag1,10.28524474216788,0.27311321966752744
log,"(0, 1, 2)","(1, 1, 0, 6)",preco_medio_lag1+pct_pais_Australia_lag1+pct_pais_United States_lag1,10.28524474216788,0.3227274959432857
log,"(0, 1, 2)","(1, 1, 0, 6)",preco_medio_lag1+pct_pais_Australia_lag1+pct_genero_M_lag1,10.28524474216788,0.35104051414317095
log,"(0, 1, 2)","(1, 1, 0, 6)",preco_medio_lag1+pct_pais_Canada_lag1+pct_pais_France_lag1,10.28524474216788,0.2611060784149346
log,"(0, 1, 2)","(1, 1, 0, 6)",preco_medio_lag1+pct_pais_Canada_lag1+pct_pais_Germany_lag1,10.28524474216788,0.26118340473614476
log,"(0, 1, 2)","(1, 1, 0, 6)",preco_medio_lag1+pct_pais_Canada_lag1+pct_pais_United Kingdom_lag1,10.28524474216788,0.248964377311829
log,"(0, 1, 2)","(1, 1, 0, 6)",preco_medio_lag1+pct_pais_Canada_lag1+pct_pais_United States_lag1,10.28524474216788,0.2690726797186982
log,"(0, 1, 2)","(1, 1, 0, 6)",preco_medio_lag1+pct_pais_Canada_lag1+pct_genero_M_lag1,10.28524474216788,0.2505653010339448
log,"(0, 1, 2)","(1, 1, 0, 6)",preco_medio_lag1+pct_pais_France_lag1+pct_pais_Germany_lag1,10.28524474216788,0.34347150269078974
log,"(0, 1, 2)","(1, 1, 0, 6)",preco_medio_lag1+pct_pais_France_lag1+pct_pais_United Kingdom_lag1,10.28524474216788,0.3274949987581797
log,"(0, 1, 2)","(1, 1, 0, 6)",preco_medio_lag1+pct_pais_France_lag1+pct_pais_United States_lag1,10.28524474216788,0.35870976690362105
log,"(0, 1, 2)","(1, 1, 0, 6)",preco_medio_lag1+pct_pais_France_lag1+pct_genero_M_lag1,10.28524474216788,0.23722221883231398
log,"(0, 1, 2)","(1, 1, 0, 6)",preco_medio_lag1+pct_pais_Germany_lag1+pct_pais_United Kingdom_lag1,10.28524474216788,0.28799786089115936
log,"(0, 1, 2)","(1, 1, 0, 6)",preco_medio_lag1+pct_pais_Germany_lag1+pct_pais_United States_lag1,10.28524474216788,0.27380945249122074
log,"(0, 1, 2)","(1, 1, 0, 6)",preco_medio_lag1+pct_pais_Germany_lag1+pct_genero_M_lag1,10.28524474216788,0.23033721378848437
log,"(0, 1, 2)","(1, 1, 0, 6)",preco_medio_lag1+pct_pais_United Kingdom_lag1+pct_pais_United States_lag1,10.28524474216788,0.2605005368124496
log,"(0, 1, 2)","(1, 1, 0, 6)",preco_medio_lag1+pct_pais_United Kingdom_lag1+pct_genero_M_lag1,10.28524474216788,0.22558394164206821
log,"(0, 1, 2)","(1, 1, 0, 6)",preco_medio_lag1+pct_pais_United States_lag1+pct_genero_M_lag1,10.28524474216788,0.2459922490011086
log,"(0, 1, 2)","(1, 1, 0, 6)",custo_medio_lag1+idade_media_lag1+n_transacoes_lag1,10.28524474216788,0.22788072340314805
log,"(0, 1, 2)","(1, 1, 0, 6)",custo_medio_lag1+idade_media_lag1+pct_cat_Accessories_lag1,10.28524474216788,0.2278091464517914
log,"(0, 1, 2)","(1, 1, 0, 6)",custo_medio_lag1+idade_media_lag1+pct_cat_Bikes_lag1,10.28524474216788,0.2255450762205814
log,"(0, 1, 2)","(1, 1, 0, 6)",custo_medio_lag1+idade_media_lag1+pct_cat_Clothing_lag1,10.28524474216788,0.23293064497481453
log,"(0, 1, 2)","(1, 1, 0, 6)",custo_medio_lag1+idade_media_lag1+pct_pais_Australia_lag1,10.28524474216788,0.396135492590508
log,"(0, 1, 2)","(1, 1, 0, 6)",custo_medio_lag1+idade_media_lag1+pct_pais_Canada_lag1,10.28524474216788,0.24839273844782972
log,"(0, 1, 2)","(1, 1, 0, 6)",custo_medio_lag1+idade_media_lag1+pct_pais_France_lag1,10.28524474216788,0.2782761359613603
log,"(0, 1, 2)","(1, 1, 0, 6)",custo_medio_lag1+idade_media_lag1+pct_pais_Germany_lag1,10.28524474216788,0.2604496401242558
log,"(0, 1, 2)","(1, 1, 0, 6)",custo_medio_lag1+idade_media_lag1+pct_pais_United Kingdom_lag1,10.28524474216788,0.24607664076579763
log,"(0, 1, 2)","(1, 1, 0, 6)",custo_medio_lag1+idade_media_lag1+pct_pais_United States_lag1,10.28524474216788,0.242715031612754
log,"(0, 1, 2)","(1, 1, 0, 6)",custo_medio_lag1+idade_media_lag1+pct_genero_M_lag1,10.28524474216788,0.2191592327176262
log,"(0, 1, 2)","(1, 1, 0, 6)",custo_medio_lag1+n_transacoes_lag1+pct_cat_Accessories_lag1,10.28524474216788,0.28567815566116694
log,"(0, 1, 2)","(1, 1, 0, 6)",custo_medio_lag1+n_transacoes_lag1+pct_cat_Bikes_lag1,10.28524474216788,0.2864254059705825
log,"(0, 1, 2)","(1, 1, 0, 6)",custo_medio_lag1+n_transacoes_lag1+pct_cat_Clothing_lag1,10.28524474216788,0.2899439324825487
log,"(0, 1, 2)","(1, 1, 0, 6)",custo_medio_lag1+n_transacoes_lag1+pct_pais_Australia_lag1,10.28524474216788,0.3086539161985107
log,"(0, 1, 2)","(1, 1, 0, 6)",custo_medio_lag1+n_transacoes_lag1+pct_pais_Canada_lag1,10.28524474216788,0.2213673643415884
log,"(0, 1, 2)","(1, 1, 0, 6)",custo_medio_lag1+n_transacoes_lag1+pct_pais_France_lag1,10.28524474216788,0.25079681525975345
log,"(0, 1, 2)","(1, 1, 0, 6)",custo_medio_lag1+n_transacoes_lag1+pct_pais_Germany_lag1,10.28524474216788,0.28738054108071737
log,"(0, 1, 2)","(1, 1, 0, 6)",custo_medio_lag1+n_transacoes_lag1+pct_pais_United Kingdom_lag1,10.28524474216788,0.24579366698878571
log,"(0, 1, 2)","(1, 1, 0, 6)",custo_medio_lag1+n_transacoes_lag1+pct_pais_United States_lag1,10.28524474216788,0.24785172344934506
log,"(0, 1, 2)","(1, 1, 0, 6)",custo_medio_lag1+n_transacoes_lag1+pct_genero_M_lag1,10.28524474216788,0.2779424589531111
log,"(0, 1, 2)","(1, 1, 0, 6)",custo_medio_lag1+pct_cat_Accessories_lag1+pct_cat_Bikes_lag1,10.28524474216788,0.3586695640373647
log,"(0, 1, 2)","(1, 1, 0, 6)",custo_medio_lag1+pct_cat_Accessories_lag1+pct_cat_Clothing_lag1,10.28524474216788,0.31423614616075957
log,"(0, 1, 2)","(1, 1, 0, 6)",custo_medio_lag1+pct_cat_Accessories_lag1+pct_pais_Australia_lag1,10.28524474216788,0.30813947191192087
log,"(0, 1, 2)","(1, 1, 0, 6)",custo_medio_lag1+pct_cat_Accessories_lag1+pct_pais_Canada_lag1,10.28524474216788,0.2356213650710445
log,"(0, 1, 2)","(1, 1, 0, 6)",custo_medio_lag1+pct_cat_Accessories_lag1+pct_pais_France_lag1,10.28524474216788,0.22296938378631426
log,"(0, 1, 2)","(1, 1, 0, 6)",custo_medio_lag1+pct_cat_Accessories_lag1+pct_pais_Germany_lag1,10.28524474216788,0.21328238938385927
log,"(0, 1, 2)","(1, 1, 0, 6)",custo_medio_lag1+pct_cat_Accessories_lag1+pct_pais_United Kingdom_lag1,10.28524474216788,0.2539072172753412
log,"(0, 1, 2)","(1, 1, 0, 6)",custo_medio_lag1+pct_cat_Accessories_lag1+pct_pais_United States_lag1,10.28524474216788,0.28794115261307046
log,"(0, 1, 2)","(1, 1, 0, 6)",custo_medio_lag1+pct_cat_Accessories_lag1+pct_genero_M_lag1,10.28524474216788,0.22917321398528123
log,"(0, 1, 2)","(1, 1, 0, 6)",custo_medio_lag1+pct_cat_Bikes_lag1+pct_cat_Clothing_lag1,10.28524474216788,0.3136912114898114
log,"(0, 1, 2)","(1, 1, 0, 6)",custo_medio_lag1+pct_cat_Bikes_lag1+pct_pais_Australia_lag1,10.28524474216788,0.30730497663393724
log,"(0, 1, 2)","(1, 1, 0, 6)",custo_medio_lag1+pct_cat_Bikes_lag1+pct_pais_Canada_lag1,10.28524474216788,0.23137133700521662
log,"(0, 1, 2)","(1, 1, 0, 6)",custo_medio_lag1+pct_cat_Bikes_lag1+pct_pais_France_lag1,10.28524474216788,0.21847530067245677
log,"(0, 1, 2)","(1, 1, 0, 6)",custo_medio_lag1+pct_cat_Bikes_lag1+pct_pais_Germany_lag1,10.28524474216788,0.21229504590187198
log,"(0, 1, 2)","(1, 1, 0, 6)",custo_medio_lag1+pct_cat_Bikes_lag1+pct_pais_United Kingdom_lag1,10.28524474216788,0.2521026411865024
log,"(0, 1, 2)","(1, 1, 0, 6)",custo_medio_lag1+pct_cat_Bikes_lag1+pct_pais_United States_lag1,10.28524474216788,0.2843912118526284
log,"(0, 1, 2)","(1, 1, 0, 6)",custo_medio_lag1+pct_cat_Bikes_lag1+pct_genero_M_lag1,10.28524474216788,0.23136900806559335
log,"(0, 1, 2)","(1, 1, 0, 6)",custo_medio_lag1+pct_cat_Clothing_lag1+pct_pais_Australia_lag1,10.28524474216788,0.30439612767096597
log,"(0, 1, 2)","(1, 1, 0, 6)",custo_medio_lag1+pct_cat_Clothing_lag1+pct_pais_Canada_lag1,10.28524474216788,0.21430207967486312
log,"(0, 1, 2)","(1, 1, 0, 6)",custo_medio_lag1+pct_cat_Clothing_lag1+pct_pais_France_lag1,10.28524474216788,0.2166685459853502
log,"(0, 1, 2)","(1, 1, 0, 6)",custo_medio_lag1+pct_cat_Clothing_lag1+pct_pais_Germany_lag1,10.28524474216788,0.22770144374919724
log,"(0, 1, 2)","(1, 1, 0, 6)",custo_medio_lag1+pct_cat_Clothing_lag1+pct_pais_United Kingdom_lag1,10.28524474216788,0.2574353702027297
log,"(0, 1, 2)","(1, 1, 0, 6)",custo_medio_lag1+pct_cat_Clothing_lag1+pct_pais_United States_lag1,10.28524474216788,0.2892909066730021
log,"(0, 1, 2)","(1, 1, 0, 6)",custo_medio_lag1+pct_cat_Clothing_lag1+pct_genero_M_lag1,10.28524474216788,0.24225948847579534
log,"(0, 1, 2)","(1, 1, 0, 6)",custo_medio_lag1+pct_pais_Australia_lag1+pct_pais_Canada_lag1,10.28524474216788,0.3539877760598536
log,"(0, 1, 2)","(1, 1, 0, 6)",custo_medio_lag1+pct_pais_Australia_lag1+pct_pais_France_lag1,10.28524474216788,0.37235619379754686
log,"(0, 1, 2)","(1, 1, 0, 6)",custo_medio_lag1+pct_pais_Australia_lag1+pct_pais_Germany_lag1,10.28524474216788,0.2920568100540666
log,"(0, 1, 2)","(1, 1, 0, 6)",custo_medio_lag1+pct_pais_Australia_lag1+pct_pais_United Kingdom_lag1,10.28524474216788,0.27445711889371344
log,"(0, 1, 2)","(1, 1, 0, 6)",custo_medio_lag1+pct_pais_Australia_lag1+pct_pais_United States_lag1,10.28524474216788,0.34214887774190555
log,"(0, 1, 2)","(1, 1, 0, 6)",custo_medio_lag1+pct_pais_Australia_lag1+pct_genero_M_lag1,10.28524474216788,0.3271536420850875
log,"(0, 1, 2)","(1, 1, 0, 6)",custo_medio_lag1+pct_pais_Canada_lag1+pct_pais_France_lag1,10.28524474216788,0.24784005576946433
log,"(0, 1, 2)","(1, 1, 0, 6)",custo_medio_lag1+pct_pais_Canada_lag1+pct_pais_Germany_lag1,10.28524474216788,0.2603936514636489
log,"(0, 1, 2)","(1, 1, 0, 6)",custo_medio_lag1+pct_pais_Canada_lag1+pct_pais_United Kingdom_lag1,10.28524474216788,0.24827143257931025
log,"(0, 1, 2)","(1, 1, 0, 6)",custo_medio_lag1+pct_pais_Canada_lag1+pct_pais_United States_lag1,10.28524474216788,0.2699677637425831
log,"(0, 1, 2)","(1, 1, 0, 6)",custo_medio_lag1+pct_pais_Canada_lag1+pct_genero_M_lag1,10.28524474216788,0.24160034553535592
log,"(0, 1, 2)","(1, 1, 0, 6)",custo_medio_lag1+pct_pais_France_lag1+pct_pais_Germany_lag1,10.28524474216788,0.3385372875047877
log,"(0, 1, 2)","(1, 1, 0, 6)",custo_medio_lag1+pct_pais_France_lag1+pct_pais_United Kingdom_lag1,10.28524474216788,0.318545304606962
log,"(0, 1, 2)","(1, 1, 0, 6)",custo_medio_lag1+pct_pais_France_lag1+pct_pais_United States_lag1,10.28524474216788,0.3625525032557621
log,"(0, 1, 2)","(1, 1, 0, 6)",custo_medio_lag1+pct_pais_France_lag1+pct_genero_M_lag1,10.28524474216788,0.22388207575629582
log,"(0, 1, 2)","(1, 1, 0, 6)",custo_medio_lag1+pct_pais_Germany_lag1+pct_pais_United Kingdom_lag1,10.28524474216788,0.28080030229900216
log,"(0, 1, 2)","(1, 1, 0, 6)",custo_medio_lag1+pct_pais_Germany_lag1+pct_pais_United States_lag1,10.28524474216788,0.2710922450627413
log,"(0, 1, 2)","(1, 1, 0, 6)",custo_medio_lag1+pct_pais_Germany_lag1+pct_genero_M_lag1,10.28524474216788,0.2332127243792673
log,"(0, 1, 2)","(1, 1, 0, 6)",custo_medio_lag1+pct_pais_United Kingdom_lag1+pct_pais_United States_lag1,10.28524474216788,0.2630063879353528
log,"(0, 1, 2)","(1, 1, 0, 6)",custo_medio_lag1+pct_pais_United Kingdom_lag1+pct_genero_M_lag1,10.28524474216788,0.22031606077015678
log,"(0, 1, 2)","(1, 1, 0, 6)",custo_medio_lag1+pct_pais_United States_lag1+pct_genero_M_lag1,10.28524474216788,0.24638206567219456
log,"(0, 1, 2)","(1, 1, 0, 6)",idade_media_lag1+n_transacoes_lag1+pct_cat_Accessories_lag1,10.28524474216788,0.24227795153701037
log,"(0, 1, 2)","(1, 1, 0, 6)",idade_media_lag1+n_transacoes_lag1+pct_cat_Bikes_lag1,10.28524474216788,0.24133306796445586
log,"(0, 1, 2)","(1, 1, 0, 6)",idade_media_lag1+n_transacoes_lag1+pct_cat_Clothing_lag1,10.28524474216788,0.23417056416120965
log,"(0, 1, 2)","(1, 1, 0, 6)",idade_media_lag1+n_transacoes_lag1+pct_pais_Australia_lag1,10.28524474216788,0.32286034230593363
log,"(0, 1, 2)","(1, 1, 0, 6)",idade_media_lag1+n_transacoes_lag1+pct_pais_Canada_lag1,10.28524474216788,0.24011710669997113
log,"(0, 1, 2)","(1, 1, 0, 6)",idade_media_lag1+n_transacoes_lag1+pct_pais_France_lag1,10.28524474216788,0.21798766659953825
log,"(0, 1, 2)","(1, 1, 0, 6)",idade_media_lag1+n_transacoes_lag1+pct_pais_Germany_lag1,10.28524474216788,0.21787987879090318
log,"(0, 1, 2)","(1, 1, 0, 6)",idade_media_lag1+n_transacoes_lag1+pct_pais_United Kingdom_lag1,10.28524474216788,0.3740737780494799
log,"(0, 1, 2)","(1, 1, 0, 6)",idade_media_lag1+n_transacoes_lag1+pct_pais_United States_lag1,10.28524474216788,0.24343078459936254
log,"(0, 1, 2)","(1, 1, 0, 6)",idade_media_lag1+n_transacoes_lag1+pct_genero_M_lag1,10.28524474216788,0.3567037598656644
log,"(0, 1, 2)","(1, 1, 0, 6)",idade_media_lag1+pct_cat_Accessories_lag1+pct_cat_Bikes_lag1,10.28524474216788,0.36706750143268857
log,"(0, 1, 2)","(1, 1, 0, 6)",idade_media_lag1+pct_cat_Accessories_lag1+pct_cat_Clothing_lag1,10.28524474216788,0.3674292339610897
log,"(0, 1, 2)","(1, 1, 0, 6)",idade_media_lag1+pct_cat_Accessories_lag1+pct_pais_Australia_lag1,10.28524474216788,0.29401623359940526
log,"(0, 1, 2)","(1, 1, 0, 6)",idade_media_lag1+pct_cat_Accessories_lag1+pct_pais_Canada_lag1,10.28524474216788,0.2630845866997347
log,"(0, 1, 2)","(1, 1, 0, 6)",idade_media_lag1+pct_cat_Accessories_lag1+pct_pais_France_lag1,10.28524474216788,0.27270591488991996
log,"(0, 1, 2)","(1, 1, 0, 6)",idade_media_lag1+pct_cat_Accessories_lag1+pct_pais_Germany_lag1,10.28524474216788,0.1751589267946261
log,"(0, 1, 2)","(1, 1, 0, 6)",idade_media_lag1+pct_cat_Accessories_lag1+pct_pais_United Kingdom_lag1,10.28524474216788,0.24347094723231114
log,"(0, 1, 2)","(1, 1, 0, 6)",idade_media_lag1+pct_cat_Accessories_lag1+pct_pais_United States_lag1,10.28524474216788,0.27319559803230137
log,"(0, 1, 2)","(1, 1, 0, 6)",idade_media_lag1+pct_cat_Accessories_lag1+pct_genero_M_lag1,10.28524474216788,0.2709455638153588
log,"(0, 1, 2)","(1, 1, 0, 6)",idade_media_lag1+pct_cat_Bikes_lag1+pct_cat_Clothing_lag1,10.28524474216788,0.3667452011245662
log,"(0, 1, 2)","(1, 1, 0, 6)",idade_media_lag1+pct_cat_Bikes_lag1+pct_pais_Australia_lag1,10.28524474216788,0.29174613309720465
log,"(0, 1, 2)","(1, 1, 0, 6)",idade_media_lag1+pct_cat_Bikes_lag1+pct_pais_Canada_lag1,10.28524474216788,0.2627896709002236
log,"(0, 1, 2)","(1, 1, 0, 6)",idade_media_lag1+pct_cat_Bikes_lag1+pct_pais_France_lag1,10.28524474216788,0.2713231701085202
log,"(0, 1, 2)","(1, 1, 0, 6)",idade_media_lag1+pct_cat_Bikes_lag1+pct_pais_Germany_lag1,10.28524474216788,0.1754541188647505
log,"(0, 1, 2)","(1, 1, 0, 6)",idade_media_lag1+pct_cat_Bikes_lag1+pct_pais_United Kingdom_lag1,10.28524474216788,0.24236098322777413
log,"(0, 1, 2)","(1, 1, 0, 6)",idade_media_lag1+pct_cat_Bikes_lag1+pct_pais_United States_lag1,10.28524474216788,0.2687951813967335
log,"(0, 1, 2)","(1, 1, 0, 6)",idade_media_lag1+pct_cat_Bikes_lag1+pct_genero_M_lag1,10.28524474216788,0.27771829854870905
log,"(0, 1, 2)","(1, 1, 0, 6)",idade_media_lag1+pct_cat_Clothing_lag1+pct_pais_Australia_lag1,10.28524474216788,0.28696532911153366
log,"(0, 1, 2)","(1, 1, 0, 6)",idade_media_lag1+pct_cat_Clothing_lag1+pct_pais_Canada_lag1,10.28524474216788,0.25890486191143036
log,"(0, 1, 2)","(1, 1, 0, 6)",idade_media_lag1+pct_cat_Clothing_lag1+pct_pais_France_lag1,10.28524474216788,0.2664230645990264
log,"(0, 1, 2)","(1, 1, 0, 6)",idade_media_lag1+pct_cat_Clothing_lag1+pct_pais_Germany_lag1,10.28524474216788,0.18361580645414413
log,"(0, 1, 2)","(1, 1, 0, 6)",idade_media_lag1+pct_cat_Clothing_lag1+pct_pais_United Kingdom_lag1,10.28524474216788,0.23580463313160757
log,"(0, 1, 2)","(1, 1, 0, 6)",idade_media_lag1+pct_cat_Clothing_lag1+pct_pais_United States_lag1,10.28524474216788,0.258049204042766
log,"(0, 1, 2)","(1, 1, 0, 6)",idade_media_lag1+pct_cat_Clothing_lag1+pct_genero_M_lag1,10.28524474216788,0.26871208389750906
log,"(0, 1, 2)","(1, 1, 0, 6)",idade_media_lag1+pct_pais_Australia_lag1+pct_pais_Canada_lag1,10.28524474216788,0.37547015387119215
log,"(0, 1, 2)","(1, 1, 0, 6)",idade_media_lag1+pct_pais_Australia_lag1+pct_pais_France_lag1,10.28524474216788,0.3732539034004481
log,"(0, 1, 2)","(1, 1, 0, 6)",idade_media_lag1+pct_pais_Australia_lag1+pct_pais_Germany_lag1,10.28524474216788,0.3937779370040671
log,"(0, 1, 2)","(1, 1, 0, 6)",idade_media_lag1+pct_pais_Australia_lag1+pct_pais_United Kingdom_lag1,10.28524474216788,0.3691143984752432
log,"(0, 1, 2)","(1, 1, 0, 6)",idade_media_lag1+pct_pais_Australia_lag1+pct_pais_United States_lag1,10.28524474216788,0.36361651362471287
log,"(0, 1, 2)","(1, 1, 0, 6)",idade_media_lag1+pct_pais_Australia_lag1+pct_genero_M_lag1,10.28524474216788,0.3729184404186577
log,"(0, 1, 2)","(1, 1, 0, 6)",idade_media_lag1+pct_pais_Canada_lag1+pct_pais_France_lag1,10.28524474216788,0.25914573501071964
log,"(0, 1, 2)","(1, 1, 0, 6)",idade_media_lag1+pct_pais_Canada_lag1+pct_pais_Germany_lag1,10.28524474216788,0.26042882814786183
log,"(0, 1, 2)","(1, 1, 0, 6)",idade_media_lag1+pct_pais_Canada_lag1+pct_pais_United Kingdom_lag1,10.28524474216788,0.2565779441635037
log,"(0, 1, 2)","(1, 1, 0, 6)",idade_media_lag1+pct_pais_Canada_lag1+pct_pais_United States_lag1,10.28524474216788,0.29678185035483984
log,"(0, 1, 2)","(1, 1, 0, 6)",idade_media_lag1+pct_pais_Canada_lag1+pct_genero_M_lag1,10.28524474216788,0.24778644268837877
log,"(0, 1, 2)","(1, 1, 0, 6)",idade_media_lag1+pct_pais_France_lag1+pct_pais_Germany_lag1,10.28524474216788,0.3543258140130044
log,"(0, 1, 2)","(1, 1, 0, 6)",idade_media_lag1+pct_pais_France_lag1+pct_pais_United Kingdom_lag1,10.28524474216788,0.256015810490463
log,"(0, 1, 2)","(1, 1, 0, 6)",idade_media_lag1+pct_pais_France_lag1+pct_pais_United States_lag1,10.28524474216788,0.24777804293256253
log,"(0, 1, 2)","(1, 1, 0, 6)",idade_media_lag1+pct_pais_France_lag1+pct_genero_M_lag1,10.28524474216788,0.25648848172004873
log,"(0, 1, 2)","(1, 1, 0, 6)",idade_media_lag1+pct_pais_Germany_lag1+pct_pais_United Kingdom_lag1,10.28524474216788,0.2501558285131414
log,"(0, 1, 2)","(1, 1, 0, 6)",idade_media_lag1+pct_pais_Germany_lag1+pct_pais_United States_lag1,10.28524474216788,0.24224098145985837
log,"(0, 1, 2)","(1, 1, 0, 6)",idade_media_lag1+pct_pais_Germany_lag1+pct_genero_M_lag1,10.28524474216788,0.2582998489768216
log,"(0, 1, 2)","(1, 1, 0, 6)",idade_media_lag1+pct_pais_United Kingdom_lag1+pct_pais_United States_lag1,10.28524474216788,0.2548293611789663
log,"(0, 1, 2)","(1, 1, 0, 6)",idade_media_lag1+pct_pais_United Kingdom_lag1+pct_genero_M_lag1,10.28524474216788,0.2513030781295941
log,"(0, 1, 2)","(1, 1, 0, 6)",idade_media_lag1+pct_pais_United States_lag1+pct_genero_M_lag1,10.28524474216788,0.2426250726869057
log,"(0, 1, 2)","(1, 1, 0, 6)",n_transacoes_lag1+pct_cat_Accessories_lag1+pct_cat_Bikes_lag1,10.28524474216788,0.2914653134630789
log,"(0, 1, 2)","(1, 1, 0, 6)",n_transacoes_lag1+pct_cat_Accessories_lag1+pct_cat_Clothing_lag1,10.28524474216788,0.3039386964235183
log,"(0, 1, 2)","(1, 1, 0, 6)",n_transacoes_lag1+pct_cat_Accessories_lag1+pct_pais_Australia_lag1,10.28524474216788,0.28698558656204104
log,"(0, 1, 2)","(1, 1, 0, 6)",n_transacoes_lag1+pct_cat_Accessories_lag1+pct_pais_Canada_lag1,10.28524474216788,0.2664805886626603
log,"(0, 1, 2)","(1, 1, 0, 6)",n_transacoes_lag1+pct_cat_Accessories_lag1+pct_pais_France_lag1,10.28524474216788,0.24670144944927094
log,"(0, 1, 2)","(1, 1, 0, 6)",n_transacoes_lag1+pct_cat_Accessories_lag1+pct_pais_Germany_lag1,10.28524474216788,0.2014714418189476
log,"(0, 1, 2)","(1, 1, 0, 6)",n_transacoes_lag1+pct_cat_Accessories_lag1+pct_pais_United Kingdom_lag1,10.28524474216788,0.27310556168766204
log,"(0, 1, 2)","(1, 1, 0, 6)",n_transacoes_lag1+pct_cat_Accessories_lag1+pct_pais_United States_lag1,10.28524474216788,0.28658109519713454
log,"(0, 1, 2)","(1, 1, 0, 6)",n_transacoes_lag1+pct_cat_Accessories_lag1+pct_genero_M_lag1,10.28524474216788,0.32066697837170993
log,"(0, 1, 2)","(1, 1, 0, 6)",n_transacoes_lag1+pct_cat_Bikes_lag1+pct_cat_Clothing_lag1,10.28524474216788,0.2783290411267553
log,"(0, 1, 2)","(1, 1, 0, 6)",n_transacoes_lag1+pct_cat_Bikes_lag1+pct_pais_Australia_lag1,10.28524474216788,0.2859695320330918
log,"(0, 1, 2)","(1, 1, 0, 6)",n_transacoes_lag1+pct_cat_Bikes_lag1+pct_pais_Canada_lag1,10.28524474216788,0.2791892545076083
log,"(0, 1, 2)","(1, 1, 0, 6)",n_transacoes_lag1+pct_cat_Bikes_lag1+pct_pais_France_lag1,10.28524474216788,0.24295082346560845
log,"(0, 1, 2)","(1, 1, 0, 6)",n_transacoes_lag1+pct_cat_Bikes_lag1+pct_pais_Germany_lag1,10.28524474216788,0.20306560096586548
log,"(0, 1, 2)","(1, 1, 0, 6)",n_transacoes_lag1+pct_cat_Bikes_lag1+pct_pais_United Kingdom_lag1,10.28524474216788,0.27189026161655655
log,"(0, 1, 2)","(1, 1, 0, 6)",n_transacoes_lag1+pct_cat_Bikes_lag1+pct_pais_United States_lag1,10.28524474216788,0.2834484587016758
log,"(0, 1, 2)","(1, 1, 0, 6)",n_transacoes_lag1+pct_cat_Bikes_lag1+pct_genero_M_lag1,10.28524474216788,0.31935496446263273
log,"(0, 1, 2)","(1, 1, 0, 6)",n_transacoes_lag1+pct_cat_Clothing_lag1+pct_pais_Australia_lag1,10.28524474216788,0.3003715999741143
log,"(0, 1, 2)","(1, 1, 0, 6)",n_transacoes_lag1+pct_cat_Clothing_lag1+pct_pais_Canada_lag1,10.28524474216788,0.27531367598304274
log,"(0, 1, 2)","(1, 1, 0, 6)",n_transacoes_lag1+pct_cat_Clothing_lag1+pct_pais_France_lag1,10.28524474216788,0.24913339978870433
log,"(0, 1, 2)","(1, 1, 0, 6)",n_transacoes_lag1+pct_cat_Clothing_lag1+pct_pais_Germany_lag1,10.28524474216788,0.2133402014984913
log,"(0, 1, 2)","(1, 1, 0, 6)",n_transacoes_lag1+pct_cat_Clothing_lag1+pct_pais_United Kingdom_lag1,10.28524474216788,0.2705269391128615
log,"(0, 1, 2)","(1, 1, 0, 6)",n_transacoes_lag1+pct_cat_Clothing_lag1+pct_pais_United States_lag1,10.28524474216788,0.2739460729445194
log,"(0, 1, 2)","(1, 1, 0, 6)",n_transacoes_lag1+pct_cat_Clothing_lag1+pct_genero_M_lag1,10.28524474216788,0.2985748959723123
log,"(0, 1, 2)","(1, 1, 0, 6)",n_transacoes_lag1+pct_pais_Australia_lag1+pct_pais_Canada_lag1,10.28524474216788,0.23751169866204314
log,"(0, 1, 2)","(1, 1, 0, 6)",n_transacoes_lag1+pct_pais_Australia_lag1+pct_pais_France_lag1,10.28524474216788,0.2947473875780281
log,"(0, 1, 2)","(1, 1, 0, 6)",n_transacoes_lag1+pct_pais_Australia_lag1+pct_pais_Germany_lag1,10.28524474216788,0.22775837337431318
log,"(0, 1, 2)","(1, 1, 0, 6)",n_transacoes_lag1+pct_pais_Australia_lag1+pct_pais_United Kingdom_lag1,10.28524474216788,0.2742059386919826
log,"(0, 1, 2)","(1, 1, 0, 6)",n_transacoes_lag1+pct_pais_Australia_lag1+pct_pais_United States_lag1,10.28524474216788,0.2592584274425965
log,"(0, 1, 2)","(1, 1, 0, 6)",n_transacoes_lag1+pct_pais_Australia_lag1+pct_genero_M_lag1,10.28524474216788,0.32416322463649583
log,"(0, 1, 2)","(1, 1, 0, 6)",n_transacoes_lag1+pct_pais_Canada_lag1+pct_pais_France_lag1,10.28524474216788,0.23466133373062714
log,"(0, 1, 2)","(1, 1, 0, 6)",n_transacoes_lag1+pct_pais_Canada_lag1+pct_pais_Germany_lag1,10.28524474216788,0.20553459241794272
log,"(0, 1, 2)","(1, 1, 0, 6)",n_transacoes_lag1+pct_pais_Canada_lag1+pct_pais_United Kingdom_lag1,10.28524474216788,0.28711484172877966
log,"(0, 1, 2)","(1, 1, 0, 6)",n_transacoes_lag1+pct_pais_Canada_lag1+pct_pais_United States_lag1,10.28524474216788,0.26222013968202085
log,"(0, 1, 2)","(1, 1, 0, 6)",n_transacoes_lag1+pct_pais_Canada_lag1+pct_genero_M_lag1,10.28524474216788,0.36037024908452137
log,"(0, 1, 2)","(1, 1, 0, 6)",n_transacoes_lag1+pct_pais_France_lag1+pct_pais_Germany_lag1,10.28524474216788,0.30472915215570234
log,"(0, 1, 2)","(1, 1, 0, 6)",n_transacoes_lag1+pct_pais_France_lag1+pct_pais_United Kingdom_lag1,10.28524474216788,0.28235393163078853
log,"(0, 1, 2)","(1, 1, 0, 6)",n_transacoes_lag1+pct_pais_France_lag1+pct_pais_United States_lag1,10.28524474216788,0.22085155832667716
log,"(0, 1, 2)","(1, 1, 0, 6)",n_transacoes_lag1+pct_pais_France_lag1+pct_genero_M_lag1,10.28524474216788,0.312983923788877
log,"(0, 1, 2)","(1, 1, 0, 6)",n_transacoes_lag1+pct_pais_Germany_lag1+pct_pais_United Kingdom_lag1,10.28524474216788,0.2356016698130733
log,"(0, 1, 2)","(1, 1, 0, 6)",n_transacoes_lag1+pct_pais_Germany_lag1+pct_pais_United States_lag1,10.28524474216788,0.21227115072663438
log,"(0, 1, 2)","(1, 1, 0, 6)",n_transacoes_lag1+pct_pais_Germany_lag1+pct_genero_M_lag1,10.28524474216788,0.27685304236715597
log,"(0, 1, 2)","(1, 1, 0, 6)",n_transacoes_lag1+pct_pais_United Kingdom_lag1+pct_pais_United States_lag1,10.28524474216788,0.2961530209959549
log,"(0, 1, 2)","(1, 1, 0, 6)",n_transacoes_lag1+pct_pais_United Kingdom_lag1+pct_genero_M_lag1,10.28524474216788,0.3857474214938936
log,"(0, 1, 2)","(1, 1, 0, 6)",n_transacoes_lag1+pct_pais_United States_lag1+pct_genero_M_lag1,10.28524474216788,0.37043476662850816
log,"(0, 1, 2)","(1, 1, 0, 6)",pct_cat_Accessories_lag1+pct_cat_Bikes_lag1+pct_pais_Australia_lag1,10.28524474216788,0.3425382740983601
log,"(0, 1, 2)","(1, 1, 0, 6)",pct_cat_Accessories_lag1+pct_cat_Bikes_lag1+pct_pais_Canada_lag1,10.28524474216788,0.3519507427487356
log,"(0, 1, 2)","(1, 1, 0, 6)",pct_cat_Accessories_lag1+pct_cat_Bikes_lag1+pct_pais_France_lag1,10.28524474216788,0.3578538888919735
log,"(0, 1, 2)","(1, 1, 0, 6)",pct_cat_Accessories_lag1+pct_cat_Bikes_lag1+pct_pais_Germany_lag1,10.28524474216788,0.25502257753373075
log,"(0, 1, 2)","(1, 1, 0, 6)",pct_cat_Accessories_lag1+pct_cat_Bikes_lag1+pct_pais_United Kingdom_lag1,10.28524474216788,0.3009006005832122
log,"(0, 1, 2)","(1, 1, 0, 6)",pct_cat_Accessories_lag1+pct_cat_Bikes_lag1+pct_pais_United States_lag1,10.28524474216788,0.32279406388156845
log,"(0, 1, 2)","(1, 1, 0, 6)",pct_cat_Accessories_lag1+pct_cat_Bikes_lag1+pct_genero_M_lag1,10.28524474216788,0.37804897032349366
log,"(0, 1, 2)","(1, 1, 0, 6)",pct_cat_Accessories_lag1+pct_cat_Clothing_lag1+pct_pais_Australia_lag1,10.28524474216788,0.3420089535662696
log,"(0, 1, 2)","(1, 1, 0, 6)",pct_cat_Accessories_lag1+pct_cat_Clothing_lag1+pct_pais_Canada_lag1,10.28524474216788,0.3514348970912375
log,"(0, 1, 2)","(1, 1, 0, 6)",pct_cat_Accessories_lag1+pct_cat_Clothing_lag1+pct_pais_France_lag1,10.28524474216788,0.35514720763647567
log,"(0, 1, 2)","(1, 1, 0, 6)",pct_cat_Accessories_lag1+pct_cat_Clothing_lag1+pct_pais_Germany_lag1,10.28524474216788,0.2546224477157059
log,"(0, 1, 2)","(1, 1, 0, 6)",pct_cat_Accessories_lag1+pct_cat_Clothing_lag1+pct_pais_United Kingdom_lag1,10.28524474216788,0.3001560698190055
log,"(0, 1, 2)","(1, 1, 0, 6)",pct_cat_Accessories_lag1+pct_cat_Clothing_lag1+pct_pais_United States_lag1,10.28524474216788,0.30285703571815464
log,"(0, 1, 2)","(1, 1, 0, 6)",pct_cat_Accessories_lag1+pct_cat_Clothing_lag1+pct_genero_M_lag1,10.28524474216788,0.3778622164533698
log,"(0, 1, 2)","(1, 1, 0, 6)",pct_cat_Accessories_lag1+pct_pais_Australia_lag1+pct_pais_Canada_lag1,10.28524474216788,0.33336350902317746
log,"(0, 1, 2)","(1, 1, 0, 6)",pct_cat_Accessories_lag1+pct_pais_Australia_lag1+pct_pais_France_lag1,10.28524474216788,0.3178415887005876
log,"(0, 1, 2)","(1, 1, 0, 6)",pct_cat_Accessories_lag1+pct_pais_Australia_lag1+pct_pais_Germany_lag1,10.28524474216788,0.28273859713628996
log,"(0, 1, 2)","(1, 1, 0, 6)",pct_cat_Accessories_lag1+pct_pais_Australia_lag1+pct_pais_United Kingdom_lag1,10.28524474216788,0.2953826335811518
log,"(0, 1, 2)","(1, 1, 0, 6)",pct_cat_Accessories_lag1+pct_pais_Australia_lag1+pct_pais_United States_lag1,10.28524474216788,0.2630585646498016
log,"(0, 1, 2)","(1, 1, 0, 6)",pct_cat_Accessories_lag1+pct_pais_Australia_lag1+pct_genero_M_lag1,10.28524474216788,0.2661915507605085
log,"(0, 1, 2)","(1, 1, 0, 6)",pct_cat_Accessories_lag1+pct_pais_Canada_lag1+pct_pais_France_lag1,10.28524474216788,0.2992597938019757
log,"(0, 1, 2)","(1, 1, 0, 6)",pct_cat_Accessories_lag1+pct_pais_Canada_lag1+pct_pais_Germany_lag1,10.28524474216788,0.18853713221832444
log,"(0, 1, 2)","(1, 1, 0, 6)",pct_cat_Accessories_lag1+pct_pais_Canada_lag1+pct_pais_United Kingdom_lag1,10.28524474216788,0.26118833043272854
log,"(0, 1, 2)","(1, 1, 0, 6)",pct_cat_Accessories_lag1+pct_pais_Canada_lag1+pct_pais_United States_lag1,10.28524474216788,0.29034606305662575
log,"(0, 1, 2)","(1, 1, 0, 6)",pct_cat_Accessories_lag1+pct_pais_Canada_lag1+pct_genero_M_lag1,10.28524474216788,0.27323014144556285
log,"(0, 1, 2)","(1, 1, 0, 6)",pct_cat_Accessories_lag1+pct_pais_France_lag1+pct_pais_Germany_lag1,10.28524474216788,0.17636400162758437
log,"(0, 1, 2)","(1, 1, 0, 6)",pct_cat_Accessories_lag1+pct_pais_France_lag1+pct_pais_United Kingdom_lag1,10.28524474216788,0.24378735029502727
log,"(0, 1, 2)","(1, 1, 0, 6)",pct_cat_Accessories_lag1+pct_pais_France_lag1+pct_pais_United States_lag1,10.28524474216788,0.2921697383914354
log,"(0, 1, 2)","(1, 1, 0, 6)",pct_cat_Accessories_lag1+pct_pais_France_lag1+pct_genero_M_lag1,10.28524474216788,0.24865832256591355
log,"(0, 1, 2)","(1, 1, 0, 6)",pct_cat_Accessories_lag1+pct_pais_Germany_lag1+pct_pais_United Kingdom_lag1,10.28524474216788,0.17814439513273253
log,"(0, 1, 2)","(1, 1, 0, 6)",pct_cat_Accessories_lag1+pct_pais_Germany_lag1+pct_pais_United States_lag1,10.28524474216788,0.22527532400064654
log,"(0, 1, 2)","(1, 1, 0, 6)",pct_cat_Accessories_lag1+pct_pais_Germany_lag1+pct_genero_M_lag1,10.28524474216788,0.1884534457483107
log,"(0, 1, 2)","(1, 1, 0, 6)",pct_cat_Accessories_lag1+pct_pais_United Kingdom_lag1+pct_pais_United States_lag1,10.28524474216788,0.32062419813561327
log,"(0, 1, 2)","(1, 1, 0, 6)",pct_cat_Accessories_lag1+pct_pais_United Kingdom_lag1+pct_genero_M_lag1,10.28524474216788,0.2540193006182102
log,"(0, 1, 2)","(1, 1, 0, 6)",pct_cat_Accessories_lag1+pct_pais_United States_lag1+pct_genero_M_lag1,10.28524474216788,0.2912362463774478
log,"(0, 1, 2)","(1, 1, 0, 6)",pct_cat_Bikes_lag1+pct_cat_Clothing_lag1+pct_pais_Australia_lag1,10.28524474216788,0.34156948114985086
log,"(0, 1, 2)","(1, 1, 0, 6)",pct_cat_Bikes_lag1+pct_cat_Clothing_lag1+pct_pais_Canada_lag1,10.28524474216788,0.35173366435359665
log,"(0, 1, 2)","(1, 1, 0, 6)",pct_cat_Bikes_lag1+pct_cat_Clothing_lag1+pct_pais_France_lag1,10.28524474216788,0.3548054098002251
log,"(0, 1, 2)","(1, 1, 0, 6)",pct_cat_Bikes_lag1+pct_cat_Clothing_lag1+pct_pais_Germany_lag1,10.28524474216788,0.2536984479268615
log,"(0, 1, 2)","(1, 1, 0, 6)",pct_cat_Bikes_lag1+pct_cat_Clothing_lag1+pct_pais_United Kingdom_lag1,10.28524474216788,0.2996444004825097
log,"(0, 1, 2)","(1, 1, 0, 6)",pct_cat_Bikes_lag1+pct_cat_Clothing_lag1+pct_pais_United States_lag1,10.28524474216788,0.3215369646006611
log,"(0, 1, 2)","(1, 1, 0, 6)",pct_cat_Bikes_lag1+pct_cat_Clothing_lag1+pct_genero_M_lag1,10.28524474216788,0.37753841979923086
log,"(0, 1, 2)","(1, 1, 0, 6)",pct_cat_Bikes_lag1+pct_pais_Australia_lag1+pct_pais_Canada_lag1,10.28524474216788,0.32543667250507
log,"(0, 1, 2)","(1, 1, 0, 6)",pct_cat_Bikes_lag1+pct_pais_Australia_lag1+pct_pais_France_lag1,10.28524474216788,0.3137956601396904
log,"(0, 1, 2)","(1, 1, 0, 6)",pct_cat_Bikes_lag1+pct_pais_Australia_lag1+pct_pais_Germany_lag1,10.28524474216788,0.2774132662331271
log,"(0, 1, 2)","(1, 1, 0, 6)",pct_cat_Bikes_lag1+pct_pais_Australia_lag1+pct_pais_United Kingdom_lag1,10.28524474216788,0.30135078205109705
log,"(0, 1, 2)","(1, 1, 0, 6)",pct_cat_Bikes_lag1+pct_pais_Australia_lag1+pct_pais_United States_lag1,10.28524474216788,0.2626460880489794
log,"(0, 1, 2)","(1, 1, 0, 6)",pct_cat_Bikes_lag1+pct_pais_Australia_lag1+pct_genero_M_lag1,10.28524474216788,0.26573496378286454
log,"(0, 1, 2)","(1, 1, 0, 6)",pct_cat_Bikes_lag1+pct_pais_Canada_lag1+pct_pais_France_lag1,10.28524474216788,0.28273396213818125
log,"(0, 1, 2)","(1, 1, 0, 6)",pct_cat_Bikes_lag1+pct_pais_Canada_lag1+pct_pais_Germany_lag1,10.28524474216788,0.18889652626595044
log,"(0, 1, 2)","(1, 1, 0, 6)",pct_cat_Bikes_lag1+pct_pais_Canada_lag1+pct_pais_United Kingdom_lag1,10.28524474216788,0.2608079773357567
log,"(0, 1, 2)","(1, 1, 0, 6)",pct_cat_Bikes_lag1+pct_pais_Canada_lag1+pct_pais_United States_lag1,10.28524474216788,0.28688092845314
log,"(0, 1, 2)","(1, 1, 0, 6)",pct_cat_Bikes_lag1+pct_pais_Canada_lag1+pct_genero_M_lag1,10.28524474216788,0.26824911305103943
log,"(0, 1, 2)","(1, 1, 0, 6)",pct_cat_Bikes_lag1+pct_pais_France_lag1+pct_pais_Germany_lag1,10.28524474216788,0.17686701933755702
log,"(0, 1, 2)","(1, 1, 0, 6)",pct_cat_Bikes_lag1+pct_pais_France_lag1+pct_pais_United Kingdom_lag1,10.28524474216788,0.2446245413772934
log,"(0, 1, 2)","(1, 1, 0, 6)",pct_cat_Bikes_lag1+pct_pais_France_lag1+pct_pais_United States_lag1,10.28524474216788,0.28519996435764766
log,"(0, 1, 2)","(1, 1, 0, 6)",pct_cat_Bikes_lag1+pct_pais_France_lag1+pct_genero_M_lag1,10.28524474216788,0.24561059263448462
log,"(0, 1, 2)","(1, 1, 0, 6)",pct_cat_Bikes_lag1+pct_pais_Germany_lag1+pct_pais_United Kingdom_lag1,10.28524474216788,0.1790374420903745
log,"(0, 1, 2)","(1, 1, 0, 6)",pct_cat_Bikes_lag1+pct_pais_Germany_lag1+pct_pais_United States_lag1,10.28524474216788,0.22071593877182968
log,"(0, 1, 2)","(1, 1, 0, 6)",pct_cat_Bikes_lag1+pct_pais_Germany_lag1+pct_genero_M_lag1,10.28524474216788,0.18723889403462768
log,"(0, 1, 2)","(1, 1, 0, 6)",pct_cat_Bikes_lag1+pct_pais_United Kingdom_lag1+pct_pais_United States_lag1,10.28524474216788,0.3154623827928148
log,"(0, 1, 2)","(1, 1, 0, 6)",pct_cat_Bikes_lag1+pct_pais_United Kingdom_lag1+pct_genero_M_lag1,10.28524474216788,0.2530574167067475
log,"(0, 1, 2)","(1, 1, 0, 6)",pct_cat_Bikes_lag1+pct_pais_United States_lag1+pct_genero_M_lag1,10.28524474216788,0.291488069126381
log,"(0, 1, 2)","(1, 1, 0, 6)",pct_cat_Clothing_lag1+pct_pais_Australia_lag1+pct_pais_Canada_lag1,10.28524474216788,0.29612101031835286
log,"(0, 1, 2)","(1, 1, 0, 6)",pct_cat_Clothing_lag1+pct_pais_Australia_lag1+pct_pais_France_lag1,10.28524474216788,0.29687353710007636
log,"(0, 1, 2)","(1, 1, 0, 6)",pct_cat_Clothing_lag1+pct_pais_Australia_lag1+pct_pais_Germany_lag1,10.28524474216788,0.2702999323034991
log,"(0, 1, 2)","(1, 1, 0, 6)",pct_cat_Clothing_lag1+pct_pais_Australia_lag1+pct_pais_United Kingdom_lag1,10.28524474216788,0.30998395230230236
log,"(0, 1, 2)","(1, 1, 0, 6)",pct_cat_Clothing_lag1+pct_pais_Australia_lag1+pct_pais_United States_lag1,10.28524474216788,0.2642011251096811
log,"(0, 1, 2)","(1, 1, 0, 6)",pct_cat_Clothing_lag1+pct_pais_Australia_lag1+pct_genero_M_lag1,10.28524474216788,0.2693492235982259
log,"(0, 1, 2)","(1, 1, 0, 6)",pct_cat_Clothing_lag1+pct_pais_Canada_lag1+pct_pais_France_lag1,10.28524474216788,0.234499548784165
log,"(0, 1, 2)","(1, 1, 0, 6)",pct_cat_Clothing_lag1+pct_pais_Canada_lag1+pct_pais_Germany_lag1,10.28524474216788,0.19391793868677842
log,"(0, 1, 2)","(1, 1, 0, 6)",pct_cat_Clothing_lag1+pct_pais_Canada_lag1+pct_pais_United Kingdom_lag1,10.28524474216788,0.25445538789521843
log,"(0, 1, 2)","(1, 1, 0, 6)",pct_cat_Clothing_lag1+pct_pais_Canada_lag1+pct_pais_United States_lag1,10.28524474216788,0.27770005753186244
log,"(0, 1, 2)","(1, 1, 0, 6)",pct_cat_Clothing_lag1+pct_pais_Canada_lag1+pct_genero_M_lag1,10.28524474216788,0.26367712119819614
log,"(0, 1, 2)","(1, 1, 0, 6)",pct_cat_Clothing_lag1+pct_pais_France_lag1+pct_pais_Germany_lag1,10.28524474216788,0.1879803608202146
log,"(0, 1, 2)","(1, 1, 0, 6)",pct_cat_Clothing_lag1+pct_pais_France_lag1+pct_pais_United Kingdom_lag1,10.28524474216788,0.2436844930884905
log,"(0, 1, 2)","(1, 1, 0, 6)",pct_cat_Clothing_lag1+pct_pais_France_lag1+pct_pais_United States_lag1,10.28524474216788,0.27018599686051337
log,"(0, 1, 2)","(1, 1, 0, 6)",pct_cat_Clothing_lag1+pct_pais_France_lag1+pct_genero_M_lag1,10.28524474216788,0.24761362855291322
log,"(0, 1, 2)","(1, 1, 0, 6)",pct_cat_Clothing_lag1+pct_pais_Germany_lag1+pct_pais_United Kingdom_lag1,10.28524474216788,0.18847538391333762
log,"(0, 1, 2)","(1, 1, 0, 6)",pct_cat_Clothing_lag1+pct_pais_Germany_lag1+pct_pais_United States_lag1,10.28524474216788,0.21540325077943245
log,"(0, 1, 2)","(1, 1, 0, 6)",pct_cat_Clothing_lag1+pct_pais_Germany_lag1+pct_genero_M_lag1,10.28524474216788,0.19395313342894113
log,"(0, 1, 2)","(1, 1, 0, 6)",pct_cat_Clothing_lag1+pct_pais_United Kingdom_lag1+pct_pais_United States_lag1,10.28524474216788,0.30336056637721204
log,"(0, 1, 2)","(1, 1, 0, 6)",pct_cat_Clothing_lag1+pct_pais_United Kingdom_lag1+pct_genero_M_lag1,10.28524474216788,0.24981189964441528
log,"(0, 1, 2)","(1, 1, 0, 6)",pct_cat_Clothing_lag1+pct_pais_United States_lag1+pct_genero_M_lag1,10.28524474216788,0.29296329223468365
log,"(0, 1, 2)","(1, 1, 0, 6)",pct_pais_Australia_lag1+pct_pais_Canada_lag1+pct_pais_France_lag1,10.28524474216788,0.32959086559893674
log,"(0, 1, 2)","(1, 1, 0, 6)",pct_pais_Australia_lag1+pct_pais_Canada_lag1+pct_pais_Germany_lag1,10.28524474216788,0.2979586890450191
log,"(0, 1, 2)","(1, 1, 0, 6)",pct_pais_Australia_lag1+pct_pais_Canada_lag1+pct_pais_United Kingdom_lag1,10.28524474216788,0.31787659056267786
log,"(0, 1, 2)","(1, 1, 0, 6)",pct_pais_Australia_lag1+pct_pais_Canada_lag1+pct_pais_United States_lag1,10.28524474216788,0.3713969251290155
log,"(0, 1, 2)","(1, 1, 0, 6)",pct_pais_Australia_lag1+pct_pais_Canada_lag1+pct_genero_M_lag1,10.28524474216788,0.2907274963276663
log,"(0, 1, 2)","(1, 1, 0, 6)",pct_pais_Australia_lag1+pct_pais_France_lag1+pct_pais_Germany_lag1,10.28524474216788,0.3582213000470123
log,"(0, 1, 2)","(1, 1, 0, 6)",pct_pais_Australia_lag1+pct_pais_France_lag1+pct_pais_United Kingdom_lag1,10.28524474216788,0.3473166225968731
log,"(0, 1, 2)","(1, 1, 0, 6)",pct_pais_Australia_lag1+pct_pais_France_lag1+pct_pais_United States_lag1,10.28524474216788,0.338817723823589
log,"(0, 1, 2)","(1, 1, 0, 6)",pct_pais_Australia_lag1+pct_pais_France_lag1+pct_genero_M_lag1,10.28524474216788,0.3267698789546334
log,"(0, 1, 2)","(1, 1, 0, 6)",pct_pais_Australia_lag1+pct_pais_Germany_lag1+pct_pais_United Kingdom_lag1,10.28524474216788,0.3224327717109908
log,"(0, 1, 2)","(1, 1, 0, 6)",pct_pais_Australia_lag1+pct_pais_Germany_lag1+pct_pais_United States_lag1,10.28524474216788,0.2815821624436465
log,"(0, 1, 2)","(1, 1, 0, 6)",pct_pais_Australia_lag1+pct_pais_Germany_lag1+pct_genero_M_lag1,10.28524474216788,0.28307878706980455
log,"(0, 1, 2)","(1, 1, 0, 6)",pct_pais_Australia_lag1+pct_pais_United Kingdom_lag1+pct_pais_United States_lag1,10.28524474216788,0.3480047107571756
log,"(0, 1, 2)","(1, 1, 0, 6)",pct_pais_Australia_lag1+pct_pais_United Kingdom_lag1+pct_genero_M_lag1,10.28524474216788,0.3092427342836633
log,"(0, 1, 2)","(1, 1, 0, 6)",pct_pais_Australia_lag1+pct_pais_United States_lag1+pct_genero_M_lag1,10.28524474216788,0.29537392235180904
log,"(0, 1, 2)","(1, 1, 0, 6)",pct_pais_Canada_lag1+pct_pais_France_lag1+pct_pais_Germany_lag1,10.28524474216788,0.32464587476924517
log,"(0, 1, 2)","(1, 1, 0, 6)",pct_pais_Canada_lag1+pct_pais_France_lag1+pct_pais_United Kingdom_lag1,10.28524474216788,0.27399547563060506
log,"(0, 1, 2)","(1, 1, 0, 6)",pct_pais_Canada_lag1+pct_pais_France_lag1+pct_pais_United States_lag1,10.28524474216788,0.26600658139964684
log,"(0, 1, 2)","(1, 1, 0, 6)",pct_pais_Canada_lag1+pct_pais_France_lag1+pct_genero_M_lag1,10.28524474216788,0.26510129651471276
log,"(0, 1, 2)","(1, 1, 0, 6)",pct_pais_Canada_lag1+pct_pais_Germany_lag1+pct_pais_United Kingdom_lag1,10.28524474216788,0.2628723228849737
log,"(0, 1, 2)","(1, 1, 0, 6)",pct_pais_Canada_lag1+pct_pais_Germany_lag1+pct_pais_United States_lag1,10.28524474216788,0.24624168631896284
log,"(0, 1, 2)","(1, 1, 0, 6)",pct_pais_Canada_lag1+pct_pais_Germany_lag1+pct_genero_M_lag1,10.28524474216788,0.26199277075362637
log,"(0, 1, 2)","(1, 1, 0, 6)",pct_pais_Canada_lag1+pct_pais_United Kingdom_lag1+pct_pais_United States_lag1,10.28524474216788,0.26298826311975493
log,"(0, 1, 2)","(1, 1, 0, 6)",pct_pais_Canada_lag1+pct_pais_United Kingdom_lag1+pct_genero_M_lag1,10.28524474216788,0.2945005065456439
log,"(0, 1, 2)","(1, 1, 0, 6)",pct_pais_Canada_lag1+pct_pais_United States_lag1+pct_genero_M_lag1,10.28524474216788,0.26566296215207447
log,"(0, 1, 2)","(1, 1, 0, 6)",pct_pais_France_lag1+pct_pais_Germany_lag1+pct_pais_United Kingdom_lag1,10.28524474216788,0.33755167645836864
log,"(0, 1, 2)","(1, 1, 0, 6)",pct_pais_France_lag1+pct_pais_Germany_lag1+pct_pais_United States_lag1,10.28524474216788,0.3374104086733534
log,"(0, 1, 2)","(1, 1, 0, 6)",pct_pais_France_lag1+pct_pais_Germany_lag1+pct_genero_M_lag1,10.28524474216788,0.32650480988353553
log,"(0, 1, 2)","(1, 1, 0, 6)",pct_pais_France_lag1+pct_pais_United Kingdom_lag1+pct_pais_United States_lag1,10.28524474216788,0.2855526894448956
log,"(0, 1, 2)","(1, 1, 0, 6)",pct_pais_France_lag1+pct_pais_United Kingdom_lag1+pct_genero_M_lag1,10.28524474216788,0.278364683467066
log,"(0, 1, 2)","(1, 1, 0, 6)",pct_pais_France_lag1+pct_pais_United States_lag1+pct_genero_M_lag1,10.28524474216788,0.2643006754450459
log,"(0, 1, 2)","(1, 1, 0, 6)",pct_pais_Germany_lag1+pct_pais_United Kingdom_lag1+pct_pais_United States_lag1,10.28524474216788,0.2486410092512791
log,"(0, 1, 2)","(1, 1, 0, 6)",pct_pais_Germany_lag1+pct_pais_United Kingdom_lag1+pct_genero_M_lag1,10.28524474216788,0.30749095839669843
log,"(0, 1, 2)","(1, 1, 0, 6)",pct_pais_Germany_lag1+pct_pais_United States_lag1+pct_genero_M_lag1,10.28524474216788,0.2634028945136783
log,"(0, 1, 2)","(1, 1, 0, 6)",pct_pais_United Kingdom_lag1+pct_pais_United States_lag1+pct_genero_M_lag1,10.28524474216788,0.25927853227957526
nivel,"(1, 1, 0)","(0, 1, 0, 12)",calendario+preco_medio_lag1+custo_medio_lag1,-11.752981805323733,0.3004810448468268
nivel,"(1, 1, 0)","(0, 1, 0, 12)",calendario+preco_medio_lag1+idade_media_lag1,-11.752981805323733,0.3433266770822805
nivel,"(1, 1, 0)","(0, 1, 0, 12)",calendario+preco_medio_lag1+n_transacoes_lag1,-11.752981805323733,0.3254563740146467
nivel,"(1, 1, 0)","(0, 1, 0, 12)",calendario+preco_medio_lag1+pct_cat_Accessories_lag1,-11.752981805323733,0.32371765501766275
nivel,"(1, 1, 0)","(0, 1, 0, 12)",calendario+preco_medio_lag1+pct_cat_Bikes_lag1,-11.752981805323733,0.31558047074453827
nivel,"(1, 1, 0)","(0, 1, 0, 12)",calendario+preco_medio_lag1+pct_cat_Clothing_lag1,-11.752981805323733,0.3127493074910375
nivel,"(1, 1, 0)","(0, 1, 0, 12)",calendario+preco_medio_lag1+pct_pais_Australia_lag1,-11.752981805323733,0.31988958578005766
nivel,"(1, 1, 0)","(0, 1, 0, 12)",calendario+preco_medio_lag1+pct_pais_Canada_lag1,-11.752981805323733,0.30120021870711483
nivel,"(1, 1, 0)","(0, 1, 0, 12)",calendario+preco_medio_lag1+pct_pais_France_lag1,-11.752981805323733,0.35517137949564
nivel,"(1, 1, 0)","(0, 1, 0, 12)",calendario+preco_medio_lag1+pct_pais_Germany_lag1,-11.752981805323733,0.33583783633126424
nivel,"(1, 1, 0)","(0, 1, 0, 12)",calendario+preco_medio_lag1+pct_pais_United Kingdom_lag1,-11.752981805323733,0.3270888172215012
nivel,"(1, 1, 0)","(0, 1, 0, 12)",calendario+preco_medio_lag1+pct_pais_United States_lag1,-11.752981805323733,0.30004597109476233
nivel,"(1, 1, 0)","(0, 1, 0, 12)",calendario+preco_medio_lag1+pct_genero_M_lag1,-11.752981805323733,0.2979086676602665
nivel,"(1, 1, 0)","(0, 1, 0, 12)",calendario+custo_medio_lag1+idade_media_lag1,-11.752981805323733,0.3394533807491493
nivel,"(1, 1, 0)","(0, 1, 0, 12)",calendario+custo_medio_lag1+n_transacoes_lag1,-11.752981805323733,0.32509938611129996
nivel,"(1, 1, 0)","(0, 1, 0, 12)",calendario+custo_medio_lag1+pct_cat_Accessories_lag1,-11.752981805323733,0.32022725745756914
nivel,"(1, 1, 0)","(0, 1, 0, 12)",calendario+custo_medio_lag1+pct_cat_Bikes_lag1,-11.752981805323733,0.3053566871339031
nivel,"(1, 1, 0)","(0, 1, 0, 12)",calendario+custo_medio_lag1+pct_cat_Clothing_lag1,-11.752981805323733,0.3091483327161153
nivel,"(1, 1, 0)","(0, 1, 0, 12)",calendario+custo_medio_lag1+pct_pais_Australia_lag1,-11.752981805323733,0.3201830035088867
nivel,"(1, 1, 0)","(0, 1, 0, 12)",calendario+custo_medio_lag1+pct_pais_Canada_lag1,-11.752981805323733,0.30006424290523154
nivel,"(1, 1, 0)","(0, 1, 0, 12)",calendario+custo_medio_lag1+pct_pais_France_lag1,-11.752981805323733,0.3550871519067457
nivel,"(1, 1, 0)","(0, 1, 0, 12)",calendario+custo_medio_lag1+pct_pais_Germany_lag1,-11.752981805323733,0.33200033225482306
nivel,"(1, 1, 0)","(0, 1, 0, 12)",calendario+custo_medio_lag1+pct_pais_United Kingdom_lag1,-11.752981805323733,0.32561957575220507
nivel,"(1, 1, 0)","(0, 1, 0, 12)",calendario+custo_medio_lag1+pct_pais_United States_lag1,-11.752981805323733,0.2986212415877731
nivel,"(1, 1, 0)","(0, 1, 0, 12)",calendario+custo_medio_lag1+pct_genero_M_lag1,-11.752981805323733,0.2978795161148754
nivel,"(1, 1, 0)","(0, 1, 0, 12)",calendario+idade_media_lag1+n_transacoes_lag1,-11.752981805323733,0.3328887225328818
nivel,"(1, 1, 0)","(0, 1, 0, 12)",calendario+idade_media_lag1+pct_cat_Accessories_lag1,-11.752981805323733,0.3702744371957585
nivel,"(1, 1, 0)","(0, 1, 0, 12)",calendario+idade_media_lag1+pct_cat_Bikes_lag1,-11.752981805323733,0.3564110105074303
nivel,"(1, 1, 0)","(0, 1, 0, 12)",calendario+idade_media_lag1+pct_cat_Clothing_lag1,-11.752981805323733,0.3405473825184186
nivel,"(1, 1, 0)","(0, 1, 0, 12)",calendario+idade_media_lag1+pct_pais_Australia_lag1,-11.752981805323733,0.3979387777440313
nivel,"(1, 1, 0)","(0, 1, 0, 12)",calendario+idade_media_lag1+pct_pais_Canada_lag1,-11.752981805323733,0.2887168533796439
nivel,"(1, 1, 0)","(0, 1, 0, 12)",calendario+idade_media_lag1+pct_pais_France_lag1,-11.752981805323733,0.2707504858435255
nivel,"(1, 1, 0)","(0, 1, 0, 12)",calendario+idade_media_lag1+pct_pais_Germany_lag1,-11.752981805323733,0.31769073685413346
nivel,"(1, 1, 0)","(0, 1, 0, 12)",calendario+idade_media_lag1+pct_pais_United Kingdom_lag1,-11.752981805323733,0.29993121882827467
nivel,"(1, 1, 0)","(0, 1, 0, 12)",calendario+idade_media_lag1+pct_pais_United States_lag1,-11.752981805323733,0.29069527005564905
nivel,"(1, 1, 0)","(0, 1, 0, 12)",calendario+idade_media_lag1+pct_genero_M_lag1,-11.752981805323733,0.2851687430705666
nivel,"(1, 1, 0)","(0, 1, 0, 12)",calendario+n_transacoes_lag1+pct_cat_Accessories_lag1,-11.752981805323733,0.34390175347822344
nivel,"(1, 1, 0)","(0, 1, 0, 12)",calendario+n_transacoes_lag1+pct_cat_Bikes_lag1,-11.752981805323733,0.33878182161293363
nivel,"(1, 1, 0)","(0, 1, 0, 12)",calendario+n_transacoes_lag1+pct_cat_Clothing_lag1,-11.752981805323733,0.32408955521043575
nivel,"(1, 1, 0)","(0, 1, 0, 12)",calendario+n_transacoes_lag1+pct_pais_Australia_lag1,-11.752981805323733,0.3161467527846449
nivel,"(1, 1, 0)","(0, 1, 0, 12)",calendario+n_transacoes_lag1+pct_pais_Canada_lag1,-11.752981805323733,0.3058598635265955
nivel,"(1, 1, 0)","(0, 1, 0, 12)",calendario+n_transacoes_lag1+pct_pais_France_lag1,-11.752981805323733,0.30657168749713287
nivel,"(1, 1, 0)","(0, 1, 0, 12)",calendario+n_transacoes_lag1+pct_pais_Germany_lag1,-11.752981805323733,0.328568394286944
nivel,"(1, 1, 0)","(0, 1, 0, 12)",calendario+n_transacoes_lag1+pct_pais_United Kingdom_lag1,-11.752981805323733,0.3295555140624358
nivel,"(1, 1, 0)","(0, 1, 0, 12)",calendario+n_transacoes_lag1+pct_pais_United States_lag1,-11.752981805323733,0.311050287901723
nivel,"(1, 1, 0)","(0, 1, 0, 12)",calendario+n_transacoes_lag1+pct_genero_M_lag1,-11.752981805323733,0.3093197524537415
nivel,"(1, 1, 0)","(0, 1, 0, 12)",calendario+pct_cat_Accessories_lag1+pct_cat_Bikes_lag1,-11.752981805323733,0.3748495382558468
nivel,"(1, 1, 0)","(0, 1, 0, 12)",calendario+pct_cat_Accessories_lag1+pct_cat_Clothing_lag1,-11.752981805323733,0.37515047419677733
nivel,"(1, 1, 0)","(0, 1, 0, 12)",calendario+pct_cat_Accessories_lag1+pct_pais_Australia_lag1,-11.752981805323733,0.36935140661549454
nivel,"(1, 1, 0)","(0, 1, 0, 12)",calendario+pct_cat_Accessories_lag1+pct_pais_Canada_lag1,-11.752981805323733,0.3323366495556787
nivel,"(1, 1, 0)","(0, 1, 0, 12)",calendario+pct_cat_Accessories_lag1+pct_pais_France_lag1,-11.752981805323733,0.32970735192095424
nivel,"(1, 1, 0)","(0, 1, 0, 12)",calendario+pct_cat_Accessories_lag1+pct_pais_Germany_lag1,-11.752981805323733,0.32094860574723433
nivel,"(1, 1, 0)","(0, 1, 0, 12)",calendario+pct_cat_Accessories_lag1+pct_pais_United Kingdom_lag1,-11.752981805323733,0.3229088836489106
nivel,"(1, 1, 0)","(0, 1, 0, 12)",calendario+pct_cat_Accessories_lag1+pct_pais_United States_lag1,-11.752981805323733,0.33626345773491645
nivel,"(1, 1, 0)","(0, 1, 0, 12)",calendario+pct_cat_Accessories_lag1+pct_genero_M_lag1,-11.752981805323733,0.30097628106113833
nivel,"(1, 1, 0)","(0, 1, 0, 12)",calendario+pct_cat_Bikes_lag1+pct_cat_Clothing_lag1,-11.752981805323733,0.3753172079777071
nivel,"(1, 1, 0)","(0, 1, 0, 12)",calendario+pct_cat_Bikes_lag1+pct_pais_Australia_lag1,-11.752981805323733,0.3686928771596825
nivel,"(1, 1, 0)","(0, 1, 0, 12)",calendario+pct_cat_Bikes_lag1+pct_pais_Canada_lag1,-11.752981805323733,0.3277892119572431
nivel,"(1, 1, 0)","(0, 1, 0, 12)",calendario+pct_cat_Bikes_lag1+pct_pais_France_lag1,-11.752981805323733,0.32648430631676106
nivel,"(1, 1, 0)","(0, 1, 0, 12)",calendario+pct_cat_Bikes_lag1+pct_pais_Germany_lag1,-11.752981805323733,0.31574244518627903
nivel,"(1, 1, 0)","(0, 1, 0, 12)",calendario+pct_cat_Bikes_lag1+pct_pais_United Kingdom_lag1,-11.752981805323733,0.3237595562895464
nivel,"(1, 1, 0)","(0, 1, 0, 12)",calendario+pct_cat_Bikes_lag1+pct_pais_United States_lag1,-11.752981805323733,0.3334004516078361
nivel,"(1, 1, 0)","(0, 1, 0, 12)",calendario+pct_cat_Bikes_lag1+pct_genero_M_lag1,-11.752981805323733,0.29649203736313273
nivel,"(1, 1, 0)","(0, 1, 0, 12)",calendario+pct_cat_Clothing_lag1+pct_pais_Australia_lag1,-11.752981805323733,0.340644102911072
nivel,"(1, 1, 0)","(0, 1, 0, 12)",calendario+pct_cat_Clothing_lag1+pct_pais_Canada_lag1,-11.752981805323733,0.2985405570499666
nivel,"(1, 1, 0)","(0, 1, 0, 12)",calendario+pct_cat_Clothing_lag1+pct_pais_France_lag1,-11.752981805323733,0.3129830147567915
nivel,"(1, 1, 0)","(0, 1, 0, 12)",calendario+pct_cat_Clothing_lag1+pct_pais_Germany_lag1,-11.752981805323733,0.3038469172705038
nivel,"(1, 1, 0)","(0, 1, 0, 12)",calendario+pct_cat_Clothing_lag1+pct_pais_United Kingdom_lag1,-11.752981805323733,0.3239880330994872
nivel,"(1, 1, 0)","(0, 1, 0, 12)",calendario+pct_cat_Clothing_lag1+pct_pais_United States_lag1,-11.752981805323733,0.32654084594530053
nivel,"(1, 1, 0)","(0, 1, 0, 12)",calendario+pct_cat_Clothing_lag1+pct_genero_M_lag1,-11.752981805323733,0.25600983443509984
nivel,"(1, 1, 0)","(0, 1, 0, 12)",calendario+pct_pais_Australia_lag1+pct_pais_Canada_lag1,-11.752981805323733,0.2902009520347729
nivel,"(1, 1, 0)","(0, 1, 0, 12)",calendario+pct_pais_Australia_lag1+pct_pais_France_lag1,-11.752981805323733,0.27980263989287274
nivel,"(1, 1, 0)","(0, 1, 0, 12)",calendario+pct_pais_Australia_lag1+pct_pais_Germany_lag1,-11.752981805323733,0.3040675174192791
nivel,"(1, 1, 0)","(0, 1, 0, 12)",calendario+pct_pais_Australia_lag1+pct_pais_United Kingdom_lag1,-11.752981805323733,0.3245864819493027
nivel,"(1, 1, 0)","(0, 1, 0, 12)",calendario+pct_pais_Australia_lag1+pct_pais_United States_lag1,-11.752981805323733,0.2885196861586818
nivel,"(1, 1, 0)","(0, 1, 0, 12)",calendario+pct_pais_Australia_lag1+pct_genero_M_lag1,-11.752981805323733,0.28838350128180773
nivel,"(1, 1, 0)","(0, 1, 0, 12)",calendario+pct_pais_Canada_lag1+pct_pais_France_lag1,-11.752981805323733,0.25814346955589357
nivel,"(1, 1, 0)","(0, 1, 0, 12)",calendario+pct_pais_Canada_lag1+pct_pais_Germany_lag1,-11.752981805323733,0.27480016254179
nivel,"(1, 1, 0)","(0, 1, 0, 12)",calendario+pct_pais_Canada_lag1+pct_pais_United Kingdom_lag1,-11.752981805323733,0.28134788733775484
nivel,"(1, 1, 0)","(0, 1, 0, 12)",calendario+pct_pais_Canada_lag1+pct_pais_United States_lag1,-11.752981805323733,0.25624076300086257
nivel,"(1, 1, 0)","(0, 1, 0, 12)",calendario+pct_pais_Canada_lag1+pct_genero_M_lag1,-11.752981805323733,0.2654916717963858
nivel,"(1, 1, 0)","(0, 1, 0, 12)",calendario+pct_pais_France_lag1+pct_pais_Germany_lag1,-11.752981805323733,0.28385920213163
nivel,"(1, 1, 0)","(0, 1, 0, 12)",calendario+pct_pais_France_lag1+pct_pais_United Kingdom_lag1,-11.752981805323733,0.2723494369823917
nivel,"(1, 1, 0)","(0, 1, 0, 12)",calendario+pct_pais_France_lag1+pct_pais_United States_lag1,-11.752981805323733,0.2609759254396567
nivel,"(1, 1, 0)","(0, 1, 0, 12)",calendario+pct_pais_France_lag1+pct_genero_M_lag1,-11.752981805323733,0.255761900918477
nivel,"(1, 1, 0)","(0, 1, 0, 12)",calendario+pct_pais_Germany_lag1+pct_pais_United Kingdom_lag1,-11.752981805323733,0.33071380023367003
nivel,"(1, 1, 0)","(0, 1, 0, 12)",calendario+pct_pais_Germany_lag1+pct_pais_United States_lag1,-11.752981805323733,0.28062329074968767
nivel,"(1, 1, 0)","(0, 1, 0, 12)",calendario+pct_pais_Germany_lag1+pct_genero_M_lag1,-11.752981805323733,0.276252192807183
nivel,"(1, 1, 0)","(0, 1, 0, 12)",calendario+pct_pais_United Kingdom_lag1+pct_pais_United States_lag1,-11.752981805323733,0.2845083320200334
nivel,"(1, 1, 0)","(0, 1, 0, 12)",calendario+pct_pais_United Kingdom_lag1+pct_genero_M_lag1,-11.752981805323733,0.2795858971110101
nivel,"(1, 1, 0)","(0, 1, 0, 12)",calendario+pct_pais_United States_lag1+pct_genero_M_lag1,-11.752981805323733,0.26391959796738407
nivel,"(1, 1, 0)","(0, 1, 0, 12)",preco_medio_lag1+custo_medio_lag1+idade_media_lag1,-11.752981805323733,0.3439195518558981
nivel,"(1, 1, 0)","(0, 1, 0, 12)",preco_medio_lag1+custo_medio_lag1+n_transacoes_lag1,-11.752981805323733,0.3175318222436414
nivel,"(1, 1, 0)","(0, 1, 0, 12)",preco_medio_lag1+custo_medio_lag1+pct_cat_Accessories_lag1,-11.752981805323733,0.32575998724075433
nivel,"(1, 1, 0)","(0, 1, 0, 12)",preco_medio_lag1+custo_medio_lag1+pct_cat_Bikes_lag1,-11.752981805323733,0.3259040280932744
nivel,"(1, 1, 0)","(0, 1, 0, 12)",preco_medio_lag1+custo_medio_lag1+pct_cat_Clothing_lag1,-11.752981805323733,0.3121120503852212
nivel,"(1, 1, 0)","(0, 1, 0, 12)",preco_medio_lag1+custo_medio_lag1+pct_pais_Australia_lag1,-11.752981805323733,0.30596935753714605
nivel,"(1, 1, 0)","(0, 1, 0, 12)",preco_medio_lag1+custo_medio_lag1+pct_pais_Canada_lag1,-11.752981805323733,0.30477929870914916
nivel,"(1, 1, 0)","(0, 1, 0, 12)",preco_medio_lag1+custo_medio_lag1+pct_pais_France_lag1,-11.752981805323733,0.3586385100327361
nivel,"(1, 1, 0)","(0, 1, 0, 12)",preco_medio_lag1+custo_medio_lag1+pct_pais_Germany_lag1,-11.752981805323733,0.33305457414678513
nivel,"(1, 1, 0)","(0, 1, 0, 12)",preco_medio_lag1+custo_medio_lag1+pct_pais_United Kingdom_lag1,-11.752981805323733,0.32281440591094007
nivel,"(1, 1, 0)","(0, 1, 0, 12)",preco_medio_lag1+custo_medio_lag1+pct_pais_United States_lag1,-11.752981805323733,0.30209491574282465
nivel,"(1, 1, 0)","(0, 1, 0, 12)",preco_medio_lag1+custo_medio_lag1+pct_genero_M_lag1,-11.752981805323733,0.29197696472521223
nivel,"(1, 1, 0)","(0, 1, 0, 12)",preco_medio_lag1+idade_media_lag1+n_transacoes_lag1,-11.752981805323733,0.3456076497498546
nivel,"(1, 1, 0)","(0, 1, 0, 12)",preco_medio_lag1+idade_media_lag1+pct_cat_Accessories_lag1,-11.752981805323733,0.35964116491798875
nivel,"(1, 1, 0)","(0, 1, 0, 12)",preco_medio_lag1+idade_media_lag1+pct_cat_Bikes_lag1,-11.752981805323733,0.3474815088065362
nivel,"(1, 1, 0)","(0, 1, 0, 12)",preco_medio_lag1+idade_media_lag1+pct_cat_Clothing_lag1,-11.752981805323733,0.3507003364110015
nivel,"(1, 1, 0)","(0, 1, 0, 12)",preco_medio_lag1+idade_media_lag1+pct_pais_Australia_lag1,-11.752981805323733,0.4232942672144568
nivel,"(1, 1, 0)","(0, 1, 0, 12)",preco_medio_lag1+idade_media_lag1+pct_pais_Canada_lag1,-11.752981805323733,0.3455231322828738
nivel,"(1, 1, 0)","(0, 1, 0, 12)",preco_medio_lag1+idade_media_lag1+pct_pais_France_lag1,-11.752981805323733,0.3665780688947456
nivel,"(1, 1, 0)","(0, 1, 0, 12)",preco_medio_lag1+idade_media_lag1+pct_pais_Germany_lag1,-11.752981805323733,0.3676650916924387
nivel,"(1, 1, 0)","(0, 1, 0, 12)",preco_medio_lag1+idade_media_lag1+pct_pais_United Kingdom_lag1,-11.752981805323733,0.3440391470200852
nivel,"(1, 1, 0)","(0, 1, 0, 12)",preco_medio_lag1+idade_media_lag1+pct_pais_United States_lag1,-11.752981805323733,0.35144690712347804
nivel,"(1, 1, 0)","(0, 1, 0, 12)",preco_medio_lag1+idade_media_lag1+pct_genero_M_lag1,-11.752981805323733,0.32734709906733817
nivel,"(1, 1, 0)","(0, 1, 0, 12)",preco_medio_lag1+n_transacoes_lag1+pct_cat_Accessories_lag1,-11.752981805323733,0.3448930725019261
nivel,"(1, 1, 0)","(0, 1, 0, 12)",preco_medio_lag1+n_transacoes_lag1+pct_cat_Bikes_lag1,-11.752981805323733,0.352054428468697
nivel,"(1, 1, 0)","(0, 1, 0, 12)",preco_medio_lag1+n_transacoes_lag1+pct_cat_Clothing_lag1,-11.752981805323733,0.399994423860003
nivel,"(1, 1, 0)","(0, 1, 0, 12)",preco_medio_lag1+n_transacoes_lag1+pct_pais_Australia_lag1,-11.752981805323733,0.3291354024821213
nivel,"(1, 1, 0)","(0, 1, 0, 12)",preco_medio_lag1+n_transacoes_lag1+pct_pais_Canada_lag1,-11.752981805323733,0.3221218575718476
nivel,"(1, 1, 0)","(0, 1, 0, 12)",preco_medio_lag1+n_transacoes_lag1+pct_pais_France_lag1,-11.752981805323733,0.36960248631892795
nivel,"(1, 1, 0)","(0, 1, 0, 12)",preco_medio_lag1+n_transacoes_lag1+pct_pais_Germany_lag1,-11.752981805323733,0.3517647231061986
nivel,"(1, 1, 0)","(0, 1, 0, 12)",preco_medio_lag1+n_transacoes_lag1+pct_pais_United Kingdom_lag1,-11.752981805323733,0.34930937928266775
nivel,"(1, 1, 0)","(0, 1, 0, 12)",preco_medio_lag1+n_transacoes_lag1+pct_pais_United States_lag1,-11.752981805323733,0.3304997249399236
nivel,"(1, 1, 0)","(0, 1, 0, 12)",preco_medio_lag1+n_transacoes_lag1+pct_genero_M_lag1,-11.752981805323733,0.33508153424862863
nivel,"(1, 1, 0)","(0, 1, 0, 12)",preco_medio_lag1+pct_cat_Accessories_lag1+pct_cat_Bikes_lag1,-11.752981805323733,0.3679601015207934
nivel,"(1, 1, 0)","(0, 1, 0, 12)",preco_medio_lag1+pct_cat_Accessories_lag1+pct_cat_Clothing_lag1,-11.752981805323733,0.36823603526626125
nivel,"(1, 1, 0)","(0, 1, 0, 12)",preco_medio_lag1+pct_cat_Accessories_lag1+pct_pais_Australia_lag1,-11.752981805323733,0.3816625934742022
nivel,"(1, 1, 0)","(0, 1, 0, 12)",preco_medio_lag1+pct_cat_Accessories_lag1+pct_pais_Canada_lag1,-11.752981805323733,0.3364233181764806
nivel,"(1, 1, 0)","(0, 1, 0, 12)",preco_medio_lag1+pct_cat_Accessories_lag1+pct_pais_France_lag1,-11.752981805323733,0.34861686476789916
nivel,"(1, 1, 0)","(0, 1, 0, 12)",preco_medio_lag1+pct_cat_Accessories_lag1+pct_pais_Germany_lag1,-11.752981805323733,0.2930382718646835
nivel,"(1, 1, 0)","(0, 1, 0, 12)",preco_medio_lag1+pct_cat_Accessories_lag1+pct_pais_United Kingdom_lag1,-11.752981805323733,0.2850254788683056
nivel,"(1, 1, 0)","(0, 1, 0, 12)",preco_medio_lag1+pct_cat_Accessories_lag1+pct_pais_United States_lag1,-11.752981805323733,0.34624376083346703
nivel,"(1, 1, 0)","(0, 1, 0, 12)",preco_medio_lag1+pct_cat_Accessories_lag1+pct_genero_M_lag1,-11.752981805323733,0.29944827391627155
nivel,"(1, 1, 0)","(0, 1, 0, 12)",preco_medio_lag1+pct_cat_Bikes_lag1+pct_cat_Clothing_lag1,-11.752981805323733,0.36831020387529984
nivel,"(1, 1, 0)","(0, 1, 0, 12)",preco_medio_lag1+pct_cat_Bikes_lag1+pct_pais_Australia_lag1,-11.752981805323733,0.38275676219086235
nivel,"(1, 1, 0)","(0, 1, 0, 12)",preco_medio_lag1+pct_cat_Bikes_lag1+pct_pais_Canada_lag1,-11.752981805323733,0.33354753660167186
nivel,"(1, 1, 0)","(0, 1, 0, 12)",preco_medio_lag1+pct_cat_Bikes_lag1+pct_pais_France_lag1,-11.752981805323733,0.34623624573563094
nivel,"(1, 1, 0)","(0, 1, 0, 12)",preco_medio_lag1+pct_cat_Bikes_lag1+pct_pais_Germany_lag1,-11.752981805323733,0.29380781715304666
nivel,"(1, 1, 0)","(0, 1, 0, 12)",preco_medio_lag1+pct_cat_Bikes_lag1+pct_pais_United Kingdom_lag1,-11.752981805323733,0.28856198524483373
nivel,"(1, 1, 0)","(0, 1, 0, 12)",preco_medio_lag1+pct_cat_Bikes_lag1+pct_pais_United States_lag1,-11.752981805323733,0.34866535291901474
nivel,"(1, 1, 0)","(0, 1, 0, 12)",preco_medio_lag1+pct_cat_Bikes_lag1+pct_genero_M_lag1,-11.752981805323733,0.30066322691225916
nivel,"(1, 1, 0)","(0, 1, 0, 12)",preco_medio_lag1+pct_cat_Clothing_lag1+pct_pais_Australia_lag1,-11.752981805323733,0.36049999587598713
nivel,"(1, 1, 0)","(0, 1, 0, 12)",preco_medio_lag1+pct_cat_Clothing_lag1+pct_pais_Canada_lag1,-11.752981805323733,0.32443660602170266
nivel,"(1, 1, 0)","(0, 1, 0, 12)",preco_medio_lag1+pct_cat_Clothing_lag1+pct_pais_France_lag1,-11.752981805323733,0.34504425917577314
nivel,"(1, 1, 0)","(0, 1, 0, 12)",preco_medio_lag1+pct_cat_Clothing_lag1+pct_pais_Germany_lag1,-11.752981805323733,0.32945077467791345
nivel,"(1, 1, 0)","(0, 1, 0, 12)",preco_medio_lag1+pct_cat_Clothing_lag1+pct_pais_United Kingdom_lag1,-11.752981805323733,0.32901534300562524
nivel,"(1, 1, 0)","(0, 1, 0, 12)",preco_medio_lag1+pct_cat_Clothing_lag1+pct_pais_United States_lag1,-11.752981805323733,0.33515927159997266
nivel,"(1, 1, 0)","(0, 1, 0, 12)",preco_medio_lag1+pct_cat_Clothing_lag1+pct_genero_M_lag1,-11.752981805323733,0.3104228461383464
nivel,"(1, 1, 0)","(0, 1, 0, 12)",preco_medio_lag1+pct_pais_Australia_lag1+pct_pais_Canada_lag1,-11.752981805323733,0.3345057495566976
nivel,"(1, 1, 0)","(0, 1, 0, 12)",preco_medio_lag1+pct_pais_Australia_lag1+pct_pais_France_lag1,-11.752981805323733,0.3620411975254736
nivel,"(1, 1, 0)","(0, 1, 0, 12)",preco_medio_lag1+pct_pais_Australia_lag1+pct_pais_Germany_lag1,-11.752981805323733,0.36077215651448125
nivel,"(1, 1, 0)","(0, 1, 0, 12)",preco_medio_lag1+pct_pais_Australia_lag1+pct_pais_United Kingdom_lag1,-11.752981805323733,0.3521441841877802
nivel,"(1, 1, 0)","(0, 1, 0, 12)",preco_medio_lag1+pct_pais_Australia_lag1+pct_pais_United States_lag1,-11.752981805323733,0.3179240965468348
nivel,"(1, 1, 0)","(0, 1, 0, 12)",preco_medio_lag1+pct_pais_Australia_lag1+pct_genero_M_lag1,-11.752981805323733,0.3476016842273157
nivel,"(1, 1, 0)","(0, 1, 0, 12)",preco_medio_lag1+pct_pais_Canada_lag1+pct_pais_France_lag1,-11.752981805323733,0.3532659152172421
nivel,"(1, 1, 0)","(0, 1, 0, 12)",preco_medio_lag1+pct_pais_Canada_lag1+pct_pais_Germany_lag1,-11.752981805323733,0.34570046448429687
nivel,"(1, 1, 0)","(0, 1, 0, 12)",preco_medio_lag1+pct_pais_Canada_lag1+pct_pais_United Kingdom_lag1,-11.752981805323733,0.32487770766322543
nivel,"(1, 1, 0)","(0, 1, 0, 12)",preco_medio_lag1+pct_pais_Canada_lag1+pct_pais_United States_lag1,-11.752981805323733,0.311238086064213
nivel,"(1, 1, 0)","(0, 1, 0, 12)",preco_medio_lag1+pct_pais_Canada_lag1+pct_genero_M_lag1,-11.752981805323733,0.3019974035829222
nivel,"(1, 1, 0)","(0, 1, 0, 12)",preco_medio_lag1+pct_pais_France_lag1+pct_pais_Germany_lag1,-11.752981805323733,0.3760649140330045
nivel,"(1, 1, 0)","(0, 1, 0, 12)",preco_medio_lag1+pct_pais_France_lag1+pct_pais_United Kingdom_lag1,-11.752981805323733,0.36305297840541684
nivel,"(1, 1, 0)","(0, 1, 0, 12)",preco_medio_lag1+pct_pais_France_lag1+pct_pais_United States_lag1,-11.752981805323733,0.37068351103394254
nivel,"(1, 1, 0)","(0, 1, 0, 12)",preco_medio_lag1+pct_pais_France_lag1+pct_genero_M_lag1,-11.752981805323733,0.3579339851285013
nivel,"(1, 1, 0)","(0, 1, 0, 12)",preco_medio_lag1+pct_pais_Germany_lag1+pct_pais_United Kingdom_lag1,-11.752981805323733,0.370126143424745
nivel,"(1, 1, 0)","(0, 1, 0, 12)",preco_medio_lag1+pct_pais_Germany_lag1+pct_pais_United States_lag1,-11.752981805323733,0.3410160393766473
nivel,"(1, 1, 0)","(0, 1, 0, 12)",preco_medio_lag1+pct_pais_Germany_lag1+pct_genero_M_lag1,-11.752981805323733,0.33200629733997783
nivel,"(1, 1, 0)","(0, 1, 0, 12)",preco_medio_lag1+pct_pais_United Kingdom_lag1+pct_pais_United States_lag1,-11.752981805323733,0.3217368421729172
nivel,"(1, 1, 0)","(0, 1, 0, 12)",preco_medio_lag1+pct_pais_United Kingdom_lag1+pct_genero_M_lag1,-11.752981805323733,0.3264578132860283
nivel,"(1, 1, 0)","(0, 1, 0, 12)",preco_medio_lag1+pct_pais_United States_lag1+pct_genero_M_lag1,-11.752981805323733,0.29941000713420257
nivel,"(1, 1, 0)","(0, 1, 0, 12)",custo_medio_lag1+idade_media_lag1+n_transacoes_lag1,-11.752981805323733,0.34208451732122475
nivel,"(1, 1, 0)","(0, 1, 0, 12)",custo_medio_lag1+idade_media_lag1+pct_cat_Accessories_lag1,-11.752981805323733,0.3539914428564903
nivel,"(1, 1, 0)","(0, 1, 0, 12)",custo_medio_lag1+idade_media_lag1+pct_cat_Bikes_lag1,-11.752981805323733,0.34036681187563644
nivel,"(1, 1, 0)","(0, 1, 0, 12)",custo_medio_lag1+idade_media_lag1+pct_cat_Clothing_lag1,-11.752981805323733,0.3439549224546779
nivel,"(1, 1, 0)","(0, 1, 0, 12)",custo_medio_lag1+idade_media_lag1+pct_pais_Australia_lag1,-11.752981805323733,0.42387288685095315
nivel,"(1, 1, 0)","(0, 1, 0, 12)",custo_medio_lag1+idade_media_lag1+pct_pais_Canada_lag1,-11.752981805323733,0.3409336964545316
nivel,"(1, 1, 0)","(0, 1, 0, 12)",custo_medio_lag1+idade_media_lag1+pct_pais_France_lag1,-11.752981805323733,0.36729709513545017
nivel,"(1, 1, 0)","(0, 1, 0, 12)",custo_medio_lag1+idade_media_lag1+pct_pais_Germany_lag1,-11.752981805323733,0.36096044573964736
nivel,"(1, 1, 0)","(0, 1, 0, 12)",custo_medio_lag1+idade_media_lag1+pct_pais_United Kingdom_lag1,-11.752981805323733,0.34199599347580595
nivel,"(1, 1, 0)","(0, 1, 0, 12)",custo_medio_lag1+idade_media_lag1+pct_pais_United States_lag1,-11.752981805323733,0.3478148681403948
nivel,"(1, 1, 0)","(0, 1, 0, 12)",custo_medio_lag1+idade_media_lag1+pct_genero_M_lag1,-11.752981805323733,0.32345109996424654
nivel,"(1, 1, 0)","(0, 1, 0, 12)",custo_medio_lag1+n_transacoes_lag1+pct_cat_Accessories_lag1,-11.752981805323733,0.3348117872538357
nivel,"(1, 1, 0)","(0, 1, 0, 12)",custo_medio_lag1+n_transacoes_lag1+pct_cat_Bikes_lag1,-11.752981805323733,0.34173808763224023
nivel,"(1, 1, 0)","(0, 1, 0, 12)",custo_medio_lag1+n_transacoes_lag1+pct_cat_Clothing_lag1,-11.752981805323733,0.3889561863185629
nivel,"(1, 1, 0)","(0, 1, 0, 12)",custo_medio_lag1+n_transacoes_lag1+pct_pais_Australia_lag1,-11.752981805323733,0.3260115455384232
nivel,"(1, 1, 0)","(0, 1, 0, 12)",custo_medio_lag1+n_transacoes_lag1+pct_pais_Canada_lag1,-11.752981805323733,0.3215001203976621
nivel,"(1, 1, 0)","(0, 1, 0, 12)",custo_medio_lag1+n_transacoes_lag1+pct_pais_France_lag1,-11.752981805323733,0.3680426574183491
nivel,"(1, 1, 0)","(0, 1, 0, 12)",custo_medio_lag1+n_transacoes_lag1+pct_pais_Germany_lag1,-11.752981805323733,0.35192844231490666
nivel,"(1, 1, 0)","(0, 1, 0, 12)",custo_medio_lag1+n_transacoes_lag1+pct_pais_United Kingdom_lag1,-11.752981805323733,0.3470643949224032
nivel,"(1, 1, 0)","(0, 1, 0, 12)",custo_medio_lag1+n_transacoes_lag1+pct_pais_United States_lag1,-11.752981805323733,0.3297025695920251
nivel,"(1, 1, 0)","(0, 1, 0, 12)",custo_medio_lag1+n_transacoes_lag1+pct_genero_M_lag1,-11.752981805323733,0.33114156046400284
nivel,"(1, 1, 0)","(0, 1, 0, 12)",custo_medio_lag1+pct_cat_Accessories_lag1+pct_cat_Bikes_lag1,-11.752981805323733,0.36385134783422085
nivel,"(1, 1, 0)","(0, 1, 0, 12)",custo_medio_lag1+pct_cat_Accessories_lag1+pct_cat_Clothing_lag1,-11.752981805323733,0.36448217139060707
nivel,"(1, 1, 0)","(0, 1, 0, 12)",custo_medio_lag1+pct_cat_Accessories_lag1+pct_pais_Australia_lag1,-11.752981805323733,0.377249489380261
nivel,"(1, 1, 0)","(0, 1, 0, 12)",custo_medio_lag1+pct_cat_Accessories_lag1+pct_pais_Canada_lag1,-11.752981805323733,0.3241559918876907
nivel,"(1, 1, 0)","(0, 1, 0, 12)",custo_medio_lag1+pct_cat_Accessories_lag1+pct_pais_France_lag1,-11.752981805323733,0.34749282074275284
nivel,"(1, 1, 0)","(0, 1, 0, 12)",custo_medio_lag1+pct_cat_Accessories_lag1+pct_pais_Germany_lag1,-11.752981805323733,0.2898857002284109
nivel,"(1, 1, 0)","(0, 1, 0, 12)",custo_medio_lag1+pct_cat_Accessories_lag1+pct_pais_United Kingdom_lag1,-11.752981805323733,0.2788869505424476
nivel,"(1, 1, 0)","(0, 1, 0, 12)",custo_medio_lag1+pct_cat_Accessories_lag1+pct_pais_United States_lag1,-11.752981805323733,0.3423660271262161
nivel,"(1, 1, 0)","(0, 1, 0, 12)",custo_medio_lag1+pct_cat_Accessories_lag1+pct_genero_M_lag1,-11.752981805323733,0.29522068288070585
nivel,"(1, 1, 0)","(0, 1, 0, 12)",custo_medio_lag1+pct_cat_Bikes_lag1+pct_cat_Clothing_lag1,-11.752981805323733,0.3645937587037711
nivel,"(1, 1, 0)","(0, 1, 0, 12)",custo_medio_lag1+pct_cat_Bikes_lag1+pct_pais_Australia_lag1,-11.752981805323733,0.3783674843955169
nivel,"(1, 1, 0)","(0, 1, 0, 12)",custo_medio_lag1+pct_cat_Bikes_lag1+pct_pais_Canada_lag1,-11.752981805323733,0.32732541372588325
nivel,"(1, 1, 0)","(0, 1, 0, 12)",custo_medio_lag1+pct_cat_Bikes_lag1+pct_pais_France_lag1,-11.752981805323733,0.3450500282502296
nivel,"(1, 1, 0)","(0, 1, 0, 12)",custo_medio_lag1+pct_cat_Bikes_lag1+pct_pais_Germany_lag1,-11.752981805323733,0.28986949418580615
nivel,"(1, 1, 0)","(0, 1, 0, 12)",custo_medio_lag1+pct_cat_Bikes_lag1+pct_pais_United Kingdom_lag1,-11.752981805323733,0.28274015015808657
nivel,"(1, 1, 0)","(0, 1, 0, 12)",custo_medio_lag1+pct_cat_Bikes_lag1+pct_pais_United States_lag1,-11.752981805323733,0.3448391576469961
nivel,"(1, 1, 0)","(0, 1, 0, 12)",custo_medio_lag1+pct_cat_Bikes_lag1+pct_genero_M_lag1,-11.752981805323733,0.29653955080352484
nivel,"(1, 1, 0)","(0, 1, 0, 12)",custo_medio_lag1+pct_cat_Clothing_lag1+pct_pais_Australia_lag1,-11.752981805323733,0.35912710369425915
nivel,"(1, 1, 0)","(0, 1, 0, 12)",custo_medio_lag1+pct_cat_Clothing_lag1+pct_pais_Canada_lag1,-11.752981805323733,0.3345433421164146
nivel,"(1, 1, 0)","(0, 1, 0, 12)",custo_medio_lag1+pct_cat_Clothing_lag1+pct_pais_France_lag1,-11.752981805323733,0.34356446687797537
nivel,"(1, 1, 0)","(0, 1, 0, 12)",custo_medio_lag1+pct_cat_Clothing_lag1+pct_pais_Germany_lag1,-11.752981805323733,0.32122663302662335
nivel,"(1, 1, 0)","(0, 1, 0, 12)",custo_medio_lag1+pct_cat_Clothing_lag1+pct_pais_United Kingdom_lag1,-11.752981805323733,0.31935256915870686
nivel,"(1, 1, 0)","(0, 1, 0, 12)",custo_medio_lag1+pct_cat_Clothing_lag1+pct_pais_United States_lag1,-11.752981805323733,0.3358420061263135
nivel,"(1, 1, 0)","(0, 1, 0, 12)",custo_medio_lag1+pct_cat_Clothing_lag1+pct_genero_M_lag1,-11.752981805323733,0.30972816669983544
nivel,"(1, 1, 0)","(0, 1, 0, 12)",custo_medio_lag1+pct_pais_Australia_lag1+pct_pais_Canada_lag1,-11.752981805323733,0.33440120396331147
nivel,"(1, 1, 0)","(0, 1, 0, 12)",custo_medio_lag1+pct_pais_Australia_lag1+pct_pais_France_lag1,-11.752981805323733,0.3636972938486027
nivel,"(1, 1, 0)","(0, 1, 0, 12)",custo_medio_lag1+pct_pais_Australia_lag1+pct_pais_Germany_lag1,-11.752981805323733,0.3621332311295146
nivel,"(1, 1, 0)","(0, 1, 0, 12)",custo_medio_lag1+pct_pais_Australia_lag1+pct_pais_United Kingdom_lag1,-11.752981805323733,0.35289282113914244
nivel,"(1, 1, 0)","(0, 1, 0, 12)",custo_medio_lag1+pct_pais_Australia_lag1+pct_pais_United States_lag1,-11.752981805323733,0.3179090781177511
nivel,"(1, 1, 0)","(0, 1, 0, 12)",custo_medio_lag1+pct_pais_Australia_lag1+pct_genero_M_lag1,-11.752981805323733,0.3482894639755656
nivel,"(1, 1, 0)","(0, 1, 0, 12)",custo_medio_lag1+pct_pais_Canada_lag1+pct_pais_France_lag1,-11.752981805323733,0.35291837950295135
nivel,"(1, 1, 0)","(0, 1, 0, 12)",custo_medio_lag1+pct_pais_Canada_lag1+pct_pais_Germany_lag1,-11.752981805323733,0.340284157431955
nivel,"(1, 1, 0)","(0, 1, 0, 12)",custo_medio_lag1+pct_pais_Canada_lag1+pct_pais_United Kingdom_lag1,-11.752981805323733,0.3233717758313962
nivel,"(1, 1, 0)","(0, 1, 0, 12)",custo_medio_lag1+pct_pais_Canada_lag1+pct_pais_United States_lag1,-11.752981805323733,0.2957456436755543
nivel,"(1, 1, 0)","(0, 1, 0, 12)",custo_medio_lag1+pct_pais_Canada_lag1+pct_genero_M_lag1,-11.752981805323733,0.30235125212371916
nivel,"(1, 1, 0)","(0, 1, 0, 12)",custo_medio_lag1+pct_pais_France_lag1+pct_pais_Germany_lag1,-11.752981805323733,0.3762329915692326
nivel,"(1, 1, 0)","(0, 1, 0, 12)",custo_medio_lag1+pct_pais_France_lag1+pct_pais_United Kingdom_lag1,-11.752981805323733,0.36297872140370596
nivel,"(1, 1, 0)","(0, 1, 0, 12)",custo_medio_lag1+pct_pais_France_lag1+pct_pais_United States_lag1,-11.752981805323733,0.36831715161853
nivel,"(1, 1, 0)","(0, 1, 0, 12)",custo_medio_lag1+pct_pais_France_lag1+pct_genero_M_lag1,-11.752981805323733,0.358297212087213
nivel,"(1, 1, 0)","(0, 1, 0, 12)",custo_medio_lag1+pct_pais_Germany_lag1+pct_pais_United Kingdom_lag1,-11.752981805323733,0.3683629372942889
nivel,"(1, 1, 0)","(0, 1, 0, 12)",custo_medio_lag1+pct_pais_Germany_lag1+pct_pais_United States_lag1,-11.752981805323733,0.33751677464325636
nivel,"(1, 1, 0)","(0, 1, 0, 12)",custo_medio_lag1+pct_pais_Germany_lag1+pct_genero_M_lag1,-11.752981805323733,0.32919976403450474
nivel,"(1, 1, 0)","(0, 1, 0, 12)",custo_medio_lag1+pct_pais_United Kingdom_lag1+pct_pais_United States_lag1,-11.752981805323733,0.32019010985030344
nivel,"(1, 1, 0)","(0, 1, 0, 12)",custo_medio_lag1+pct_pais_United Kingdom_lag1+pct_genero_M_lag1,-11.752981805323733,0.3249447692944793
nivel,"(1, 1, 0)","(0, 1, 0, 12)",custo_medio_lag1+pct_pais_United States_lag1+pct_genero_M_lag1,-11.752981805323733,0.2995217777845554
nivel,"(1, 1, 0)","(0, 1, 0, 12)",idade_media_lag1+n_transacoes_lag1+pct_cat_Accessories_lag1,-11.752981805323733,0.3819842902099559
nivel,"(1, 1, 0)","(0, 1, 0, 12)",idade_media_lag1+n_transacoes_lag1+pct_cat_Bikes_lag1,-11.752981805323733,0.37786718297140803
nivel,"(1, 1, 0)","(0, 1, 0, 12)",idade_media_lag1+n_transacoes_lag1+pct_cat_Clothing_lag1,-11.752981805323733,0.36033188838389596
nivel,"(1, 1, 0)","(0, 1, 0, 12)",idade_media_lag1+n_transacoes_lag1+pct_pais_Australia_lag1,-11.752981805323733,0.4057471028812363
nivel,"(1, 1, 0)","(0, 1, 0, 12)",idade_media_lag1+n_transacoes_lag1+pct_pais_Canada_lag1,-11.752981805323733,0.3321869738252536
nivel,"(1, 1, 0)","(0, 1, 0, 12)",idade_media_lag1+n_transacoes_lag1+pct_pais_France_lag1,-11.752981805323733,0.32305083210493807
nivel,"(1, 1, 0)","(0, 1, 0, 12)",idade_media_lag1+n_transacoes_lag1+pct_pais_Germany_lag1,-11.752981805323733,0.37717104364225573
nivel,"(1, 1, 0)","(0, 1, 0, 12)",idade_media_lag1+n_transacoes_lag1+pct_pais_United Kingdom_lag1,-11.752981805323733,0.3602527260997532
nivel,"(1, 1, 0)","(0, 1, 0, 12)",idade_media_lag1+n_transacoes_lag1+pct_pais_United States_lag1,-11.752981805323733,0.3409593740299291
nivel,"(1, 1, 0)","(0, 1, 0, 12)",idade_media_lag1+n_transacoes_lag1+pct_genero_M_lag1,-11.752981805323733,0.32501451999181585
nivel,"(1, 1, 0)","(0, 1, 0, 12)",idade_media_lag1+pct_cat_Accessories_lag1+pct_cat_Bikes_lag1,-11.752981805323733,0.4012965087466924
nivel,"(1, 1, 0)","(0, 1, 0, 12)",idade_media_lag1+pct_cat_Accessories_lag1+pct_cat_Clothing_lag1,-11.752981805323733,0.40190633640554324
nivel,"(1, 1, 0)","(0, 1, 0, 12)",idade_media_lag1+pct_cat_Accessories_lag1+pct_pais_Australia_lag1,-11.752981805323733,0.4379673168168117
nivel,"(1, 1, 0)","(0, 1, 0, 12)",idade_media_lag1+pct_cat_Accessories_lag1+pct_pais_Canada_lag1,-11.752981805323733,0.3785213094590399
nivel,"(1, 1, 0)","(0, 1, 0, 12)",idade_media_lag1+pct_cat_Accessories_lag1+pct_pais_France_lag1,-11.752981805323733,0.33783144876814336
nivel,"(1, 1, 0)","(0, 1, 0, 12)",idade_media_lag1+pct_cat_Accessories_lag1+pct_pais_Germany_lag1,-11.752981805323733,0.357504860270583
nivel,"(1, 1, 0)","(0, 1, 0, 12)",idade_media_lag1+pct_cat_Accessories_lag1+pct_pais_United Kingdom_lag1,-11.752981805323733,0.3674752311957692
nivel,"(1, 1, 0)","(0, 1, 0, 12)",idade_media_lag1+pct_cat_Accessories_lag1+pct_pais_United States_lag1,-11.752981805323733,0.3701556638827355
nivel,"(1, 1, 0)","(0, 1, 0, 12)",idade_media_lag1+pct_cat_Accessories_lag1+pct_genero_M_lag1,-11.752981805323733,0.34299394767987507
nivel,"(1, 1, 0)","(0, 1, 0, 12)",idade_media_lag1+pct_cat_Bikes_lag1+pct_cat_Clothing_lag1,-11.752981805323733,0.40203372344865057
nivel,"(1, 1, 0)","(0, 1, 0, 12)",idade_media_lag1+pct_cat_Bikes_lag1+pct_pais_Australia_lag1,-11.752981805323733,0.4363843334653748
nivel,"(1, 1, 0)","(0, 1, 0, 12)",idade_media_lag1+pct_cat_Bikes_lag1+pct_pais_Canada_lag1,-11.752981805323733,0.3686166354063305
nivel,"(1, 1, 0)","(0, 1, 0, 12)",idade_media_lag1+pct_cat_Bikes_lag1+pct_pais_France_lag1,-11.752981805323733,0.3354585442858715
nivel,"(1, 1, 0)","(0, 1, 0, 12)",idade_media_lag1+pct_cat_Bikes_lag1+pct_pais_Germany_lag1,-11.752981805323733,0.3532408375668759
nivel,"(1, 1, 0)","(0, 1, 0, 12)",idade_media_lag1+pct_cat_Bikes_lag1+pct_pais_United Kingdom_lag1,-11.752981805323733,0.3643137141002078
nivel,"(1, 1, 0)","(0, 1, 0, 12)",idade_media_lag1+pct_cat_Bikes_lag1+pct_pais_United States_lag1,-11.752981805323733,0.37482709233604444
nivel,"(1, 1, 0)","(0, 1, 0, 12)",idade_media_lag1+pct_cat_Bikes_lag1+pct_genero_M_lag1,-11.752981805323733,0.3283812690422373
nivel,"(1, 1, 0)","(0, 1, 0, 12)",idade_media_lag1+pct_cat_Clothing_lag1+pct_pais_Australia_lag1,-11.752981805323733,0.4294730217742912
nivel,"(1, 1, 0)","(0, 1, 0, 12)",idade_media_lag1+pct_cat_Clothing_lag1+pct_pais_Canada_lag1,-11.752981805323733,0.35329939645450303
nivel,"(1, 1, 0)","(0, 1, 0, 12)",idade_media_lag1+pct_cat_Clothing_lag1+pct_pais_France_lag1,-11.752981805323733,0.32539448604731874
nivel,"(1, 1, 0)","(0, 1, 0, 12)",idade_media_lag1+pct_cat_Clothing_lag1+pct_pais_Germany_lag1,-11.752981805323733,0.34529774489328996
nivel,"(1, 1, 0)","(0, 1, 0, 12)",idade_media_lag1+pct_cat_Clothing_lag1+pct_pais_United Kingdom_lag1,-11.752981805323733,0.3494717868694988
nivel,"(1, 1, 0)","(0, 1, 0, 12)",idade_media_lag1+pct_cat_Clothing_lag1+pct_pais_United States_lag1,-11.752981805323733,0.3905996668575235
nivel,"(1, 1, 0)","(0, 1, 0, 12)",idade_media_lag1+pct_cat_Clothing_lag1+pct_genero_M_lag1,-11.752981805323733,0.3142990317967154
nivel,"(1, 1, 0)","(0, 1, 0, 12)",idade_media_lag1+pct_pais_Australia_lag1+pct_pais_Canada_lag1,-11.752981805323733,0.42687760395538105
nivel,"(1, 1, 0)","(0, 1, 0, 12)",idade_media_lag1+pct_pais_Australia_lag1+pct_pais_France_lag1,-11.752981805323733,0.33216023471777806
nivel,"(1, 1, 0)","(0, 1, 0, 12)",idade_media_lag1+pct_pais_Australia_lag1+pct_pais_Germany_lag1,-11.752981805323733,0.42716160946499765
nivel,"(1, 1, 0)","(0, 1, 0, 12)",idade_media_lag1+pct_pais_Australia_lag1+pct_pais_United Kingdom_lag1,-11.752981805323733,0.4015450072501057
nivel,"(1, 1, 0)","(0, 1, 0, 12)",idade_media_lag1+pct_pais_Australia_lag1+pct_pais_United States_lag1,-11.752981805323733,0.4028761212701582
nivel,"(1, 1, 0)","(0, 1, 0, 12)",idade_media_lag1+pct_pais_Australia_lag1+pct_genero_M_lag1,-11.752981805323733,0.38115719740019344
nivel,"(1, 1, 0)","(0, 1, 0, 12)",idade_media_lag1+pct_pais_Canada_lag1+pct_pais_France_lag1,-11.752981805323733,0.2694838450985159
nivel,"(1, 1, 0)","(0, 1, 0, 12)",idade_media_lag1+pct_pais_Canada_lag1+pct_pais_Germany_lag1,-11.752981805323733,0.3167742126302538
nivel,"(1, 1, 0)","(0, 1, 0, 12)",idade_media_lag1+pct_pais_Canada_lag1+pct_pais_United Kingdom_lag1,-11.752981805323733,0.2955738560755932
nivel,"(1, 1, 0)","(0, 1, 0, 12)",idade_media_lag1+pct_pais_Canada_lag1+pct_pais_United States_lag1,-11.752981805323733,0.2923460706808469
nivel,"(1, 1, 0)","(0, 1, 0, 12)",idade_media_lag1+pct_pais_Canada_lag1+pct_genero_M_lag1,-11.752981805323733,0.291280116239882
nivel,"(1, 1, 0)","(0, 1, 0, 12)",idade_media_lag1+pct_pais_France_lag1+pct_pais_Germany_lag1,-11.752981805323733,0.3023096602663309
nivel,"(1, 1, 0)","(0, 1, 0, 12)",idade_media_lag1+pct_pais_France_lag1+pct_pais_United Kingdom_lag1,-11.752981805323733,0.27614715771326453
nivel,"(1, 1, 0)","(0, 1, 0, 12)",idade_media_lag1+pct_pais_France_lag1+pct_pais_United States_lag1,-11.752981805323733,0.2729631388534804
nivel,"(1, 1, 0)","(0, 1, 0, 12)",idade_media_lag1+pct_pais_France_lag1+pct_genero_M_lag1,-11.752981805323733,0.26648325070474815
nivel,"(1, 1, 0)","(0, 1, 0, 12)",idade_media_lag1+pct_pais_Germany_lag1+pct_pais_United Kingdom_lag1,-11.752981805323733,0.3483487679827262
nivel,"(1, 1, 0)","(0, 1, 0, 12)",idade_media_lag1+pct_pais_Germany_lag1+pct_pais_United States_lag1,-11.752981805323733,0.3195375651446291
nivel,"(1, 1, 0)","(0, 1, 0, 12)",idade_media_lag1+pct_pais_Germany_lag1+pct_genero_M_lag1,-11.752981805323733,0.3107610479337854
nivel,"(1, 1, 0)","(0, 1, 0, 12)",idade_media_lag1+pct_pais_United Kingdom_lag1+pct_pais_United States_lag1,-11.752981805323733,0.29860136350203154
nivel,"(1, 1, 0)","(0, 1, 0, 12)",idade_media_lag1+pct_pais_United Kingdom_lag1+pct_genero_M_lag1,-11.752981805323733,0.2932641198393154
nivel,"(1, 1, 0)","(0, 1, 0, 12)",idade_media_lag1+pct_pais_United States_lag1+pct_genero_M_lag1,-11.752981805323733,0.2909536767863862
nivel,"(1, 1, 0)","(0, 1, 0, 12)",n_transacoes_lag1+pct_cat_Accessories_lag1+pct_cat_Bikes_lag1,-11.752981805323733,0.4252637967292214
nivel,"(1, 1, 0)","(0, 1, 0, 12)",n_transacoes_lag1+pct_cat_Accessories_lag1+pct_cat_Clothing_lag1,-11.752981805323733,0.42558161669617195
nivel,"(1, 1, 0)","(0, 1, 0, 12)",n_transacoes_lag1+pct_cat_Accessories_lag1+pct_pais_Australia_lag1,-11.752981805323733,0.3665589320153924
nivel,"(1, 1, 0)","(0, 1, 0, 12)",n_transacoes_lag1+pct_cat_Accessories_lag1+pct_pais_Canada_lag1,-11.752981805323733,0.34245924301301356
nivel,"(1, 1, 0)","(0, 1, 0, 12)",n_transacoes_lag1+pct_cat_Accessories_lag1+pct_pais_France_lag1,-11.752981805323733,0.3541015950759368
nivel,"(1, 1, 0)","(0, 1, 0, 12)",n_transacoes_lag1+pct_cat_Accessories_lag1+pct_pais_Germany_lag1,-11.752981805323733,0.3826338668720062
nivel,"(1, 1, 0)","(0, 1, 0, 12)",n_transacoes_lag1+pct_cat_Accessories_lag1+pct_pais_United Kingdom_lag1,-11.752981805323733,0.3517006017866133
nivel,"(1, 1, 0)","(0, 1, 0, 12)",n_transacoes_lag1+pct_cat_Accessories_lag1+pct_pais_United States_lag1,-11.752981805323733,0.35810949520411034
nivel,"(1, 1, 0)","(0, 1, 0, 12)",n_transacoes_lag1+pct_cat_Accessories_lag1+pct_genero_M_lag1,-11.752981805323733,0.33603738368368274
nivel,"(1, 1, 0)","(0, 1, 0, 12)",n_transacoes_lag1+pct_cat_Bikes_lag1+pct_cat_Clothing_lag1,-11.752981805323733,0.4256274804480045
nivel,"(1, 1, 0)","(0, 1, 0, 12)",n_transacoes_lag1+pct_cat_Bikes_lag1+pct_pais_Australia_lag1,-11.752981805323733,0.3619639633963521
nivel,"(1, 1, 0)","(0, 1, 0, 12)",n_transacoes_lag1+pct_cat_Bikes_lag1+pct_pais_Canada_lag1,-11.752981805323733,0.33720324484965564
nivel,"(1, 1, 0)","(0, 1, 0, 12)",n_transacoes_lag1+pct_cat_Bikes_lag1+pct_pais_France_lag1,-11.752981805323733,0.3509703800576856
nivel,"(1, 1, 0)","(0, 1, 0, 12)",n_transacoes_lag1+pct_cat_Bikes_lag1+pct_pais_Germany_lag1,-11.752981805323733,0.3788211318718206
nivel,"(1, 1, 0)","(0, 1, 0, 12)",n_transacoes_lag1+pct_cat_Bikes_lag1+pct_pais_United Kingdom_lag1,-11.752981805323733,0.3516218935979587
nivel,"(1, 1, 0)","(0, 1, 0, 12)",n_transacoes_lag1+pct_cat_Bikes_lag1+pct_pais_United States_lag1,-11.752981805323733,0.35307137185430554
nivel,"(1, 1, 0)","(0, 1, 0, 12)",n_transacoes_lag1+pct_cat_Bikes_lag1+pct_genero_M_lag1,-11.752981805323733,0.3367393857222886
nivel,"(1, 1, 0)","(0, 1, 0, 12)",n_transacoes_lag1+pct_cat_Clothing_lag1+pct_pais_Australia_lag1,-11.752981805323733,0.3423974493743016
nivel,"(1, 1, 0)","(0, 1, 0, 12)",n_transacoes_lag1+pct_cat_Clothing_lag1+pct_pais_Canada_lag1,-11.752981805323733,0.32123685910165456
nivel,"(1, 1, 0)","(0, 1, 0, 12)",n_transacoes_lag1+pct_cat_Clothing_lag1+pct_pais_France_lag1,-11.752981805323733,0.33854979125661355
nivel,"(1, 1, 0)","(0, 1, 0, 12)",n_transacoes_lag1+pct_cat_Clothing_lag1+pct_pais_Germany_lag1,-11.752981805323733,0.35714782266235984
nivel,"(1, 1, 0)","(0, 1, 0, 12)",n_transacoes_lag1+pct_cat_Clothing_lag1+pct_pais_United Kingdom_lag1,-11.752981805323733,0.3479115601682105
nivel,"(1, 1, 0)","(0, 1, 0, 12)",n_transacoes_lag1+pct_cat_Clothing_lag1+pct_pais_United States_lag1,-11.752981805323733,0.33162153481080203
nivel,"(1, 1, 0)","(0, 1, 0, 12)",n_transacoes_lag1+pct_cat_Clothing_lag1+pct_genero_M_lag1,-11.752981805323733,0.3366890367772553
nivel,"(1, 1, 0)","(0, 1, 0, 12)",n_transacoes_lag1+pct_pais_Australia_lag1+pct_pais_Canada_lag1,-11.752981805323733,0.319755154404785
nivel,"(1, 1, 0)","(0, 1, 0, 12)",n_transacoes_lag1+pct_pais_Australia_lag1+pct_pais_France_lag1,-11.752981805323733,0.31213224854671884
nivel,"(1, 1, 0)","(0, 1, 0, 12)",n_transacoes_lag1+pct_pais_Australia_lag1+pct_pais_Germany_lag1,-11.752981805323733,0.33271376076470316
nivel,"(1, 1, 0)","(0, 1, 0, 12)",n_transacoes_lag1+pct_pais_Australia_lag1+pct_pais_United Kingdom_lag1,-11.752981805323733,0.3372804767975535
nivel,"(1, 1, 0)","(0, 1, 0, 12)",n_transacoes_lag1+pct_pais_Australia_lag1+pct_pais_United States_lag1,-11.752981805323733,0.316349482728549
nivel,"(1, 1, 0)","(0, 1, 0, 12)",n_transacoes_lag1+pct_pais_Australia_lag1+pct_genero_M_lag1,-11.752981805323733,0.31216484150179474
nivel,"(1, 1, 0)","(0, 1, 0, 12)",n_transacoes_lag1+pct_pais_Canada_lag1+pct_pais_France_lag1,-11.752981805323733,0.3012863814019677
nivel,"(1, 1, 0)","(0, 1, 0, 12)",n_transacoes_lag1+pct_pais_Canada_lag1+pct_pais_Germany_lag1,-11.752981805323733,0.31832180940702953
nivel,"(1, 1, 0)","(0, 1, 0, 12)",n_transacoes_lag1+pct_pais_Canada_lag1+pct_pais_United Kingdom_lag1,-11.752981805323733,0.3250654400774263
nivel,"(1, 1, 0)","(0, 1, 0, 12)",n_transacoes_lag1+pct_pais_Canada_lag1+pct_pais_United States_lag1,-11.752981805323733,0.31805678360529926
nivel,"(1, 1, 0)","(0, 1, 0, 12)",n_transacoes_lag1+pct_pais_Canada_lag1+pct_genero_M_lag1,-11.752981805323733,0.31221076260022573
nivel,"(1, 1, 0)","(0, 1, 0, 12)",n_transacoes_lag1+pct_pais_France_lag1+pct_pais_Germany_lag1,-11.752981805323733,0.3365967085487349
nivel,"(1, 1, 0)","(0, 1, 0, 12)",n_transacoes_lag1+pct_pais_France_lag1+pct_pais_United Kingdom_lag1,-11.752981805323733,0.32761583333820016
nivel,"(1, 1, 0)","(0, 1, 0, 12)",n_transacoes_lag1+pct_pais_France_lag1+pct_pais_United States_lag1,-11.752981805323733,0.30429081491255955
nivel,"(1, 1, 0)","(0, 1, 0, 12)",n_transacoes_lag1+pct_pais_France_lag1+pct_genero_M_lag1,-11.752981805323733,0.303306717462187
nivel,"(1, 1, 0)","(0, 1, 0, 12)",n_transacoes_lag1+pct_pais_Germany_lag1+pct_pais_United Kingdom_lag1,-11.752981805323733,0.3627866899332925
nivel,"(1, 1, 0)","(0, 1, 0, 12)",n_transacoes_lag1+pct_pais_Germany_lag1+pct_pais_United States_lag1,-11.752981805323733,0.3276943130906681
nivel,"(1, 1, 0)","(0, 1, 0, 12)",n_transacoes_lag1+pct_pais_Germany_lag1+pct_genero_M_lag1,-11.752981805323733,0.3255385442900917
nivel,"(1, 1, 0)","(0, 1, 0, 12)",n_transacoes_lag1+pct_pais_United Kingdom_lag1+pct_pais_United States_lag1,-11.752981805323733,0.32822794696018387
nivel,"(1, 1, 0)","(0, 1, 0, 12)",n_transacoes_lag1+pct_pais_United Kingdom_lag1+pct_genero_M_lag1,-11.752981805323733,0.32124826590992944
nivel,"(1, 1, 0)","(0, 1, 0, 12)",n_transacoes_lag1+pct_pais_United States_lag1+pct_genero_M_lag1,-11.752981805323733,0.31931407472615586
nivel,"(1, 1, 0)","(0, 1, 0, 12)",pct_cat_Accessories_lag1+pct_cat_Bikes_lag1+pct_pais_Australia_lag1,-11.752981805323733,0.4184231644977961
nivel,"(1, 1, 0)","(0, 1, 0, 12)",pct_cat_Accessories_lag1+pct_cat_Bikes_lag1+pct_pais_Canada_lag1,-11.752981805323733,0.372338877069172
nivel,"(1, 1, 0)","(0, 1, 0, 12)",pct_cat_Accessories_lag1+pct_cat_Bikes_lag1+pct_pais_France_lag1,-11.752981805323733,0.4158753169540561
nivel,"(1, 1, 0)","(0, 1, 0, 12)",pct_cat_Accessories_lag1+pct_cat_Bikes_lag1+pct_pais_Germany_lag1,-11.752981805323733,0.4646394492111823
nivel,"(1, 1, 0)","(0, 1, 0, 12)",pct_cat_Accessories_lag1+pct_cat_Bikes_lag1+pct_pais_United Kingdom_lag1,-11.752981805323733,0.37244093702413034
nivel,"(1, 1, 0)","(0, 1, 0, 12)",pct_cat_Accessories_lag1+pct_cat_Bikes_lag1+pct_pais_United States_lag1,-11.752981805323733,0.39034497585204453
nivel,"(1, 1, 0)","(0, 1, 0, 12)",pct_cat_Accessories_lag1+pct_cat_Bikes_lag1+pct_genero_M_lag1,-11.752981805323733,0.34362613858351804
nivel,"(1, 1, 0)","(0, 1, 0, 12)",pct_cat_Accessories_lag1+pct_cat_Clothing_lag1+pct_pais_Australia_lag1,-11.752981805323733,0.41912041850374887
nivel,"(1, 1, 0)","(0, 1, 0, 12)",pct_cat_Accessories_lag1+pct_cat_Clothing_lag1+pct_pais_Canada_lag1,-11.752981805323733,0.37416340542770926
nivel,"(1, 1, 0)","(0, 1, 0, 12)",pct_cat_Accessories_lag1+pct_cat_Clothing_lag1+pct_pais_France_lag1,-11.752981805323733,0.41306571219789706
nivel,"(1, 1, 0)","(0, 1, 0, 12)",pct_cat_Accessories_lag1+pct_cat_Clothing_lag1+pct_pais_Germany_lag1,-11.752981805323733,0.4649808279714389
nivel,"(1, 1, 0)","(0, 1, 0, 12)",pct_cat_Accessories_lag1+pct_cat_Clothing_lag1+pct_pais_United Kingdom_lag1,-11.752981805323733,0.3729912267403018
nivel,"(1, 1, 0)","(0, 1, 0, 12)",pct_cat_Accessories_lag1+pct_cat_Clothing_lag1+pct_pais_United States_lag1,-11.752981805323733,0.390588967916846
nivel,"(1, 1, 0)","(0, 1, 0, 12)",pct_cat_Accessories_lag1+pct_cat_Clothing_lag1+pct_genero_M_lag1,-11.752981805323733,0.3444884466781137
nivel,"(1, 1, 0)","(0, 1, 0, 12)",pct_cat_Accessories_lag1+pct_pais_Australia_lag1+pct_pais_Canada_lag1,-11.752981805323733,0.3790747364913498
nivel,"(1, 1, 0)","(0, 1, 0, 12)",pct_cat_Accessories_lag1+pct_pais_Australia_lag1+pct_pais_France_lag1,-11.752981805323733,0.33710513445487816
nivel,"(1, 1, 0)","(0, 1, 0, 12)",pct_cat_Accessories_lag1+pct_pais_Australia_lag1+pct_pais_Germany_lag1,-11.752981805323733,0.3504346168451788
nivel,"(1, 1, 0)","(0, 1, 0, 12)",pct_cat_Accessories_lag1+pct_pais_Australia_lag1+pct_pais_United Kingdom_lag1,-11.752981805323733,0.3527598983134981
nivel,"(1, 1, 0)","(0, 1, 0, 12)",pct_cat_Accessories_lag1+pct_pais_Australia_lag1+pct_pais_United States_lag1,-11.752981805323733,0.36508603646223664
nivel,"(1, 1, 0)","(0, 1, 0, 12)",pct_cat_Accessories_lag1+pct_pais_Australia_lag1+pct_genero_M_lag1,-11.752981805323733,0.3588583004506578
nivel,"(1, 1, 0)","(0, 1, 0, 12)",pct_cat_Accessories_lag1+pct_pais_Canada_lag1+pct_pais_France_lag1,-11.752981805323733,0.3307982324077881
nivel,"(1, 1, 0)","(0, 1, 0, 12)",pct_cat_Accessories_lag1+pct_pais_Canada_lag1+pct_pais_Germany_lag1,-11.752981805323733,0.324210908926757
nivel,"(1, 1, 0)","(0, 1, 0, 12)",pct_cat_Accessories_lag1+pct_pais_Canada_lag1+pct_pais_United Kingdom_lag1,-11.752981805323733,0.3187849099528512
nivel,"(1, 1, 0)","(0, 1, 0, 12)",pct_cat_Accessories_lag1+pct_pais_Canada_lag1+pct_pais_United States_lag1,-11.752981805323733,0.33333894386831303
nivel,"(1, 1, 0)","(0, 1, 0, 12)",pct_cat_Accessories_lag1+pct_pais_Canada_lag1+pct_genero_M_lag1,-11.752981805323733,0.3110359229906951
nivel,"(1, 1, 0)","(0, 1, 0, 12)",pct_cat_Accessories_lag1+pct_pais_France_lag1+pct_pais_Germany_lag1,-11.752981805323733,0.3675689538971821
nivel,"(1, 1, 0)","(0, 1, 0, 12)",pct_cat_Accessories_lag1+pct_pais_France_lag1+pct_pais_United Kingdom_lag1,-11.752981805323733,0.34318014968128524
nivel,"(1, 1, 0)","(0, 1, 0, 12)",pct_cat_Accessories_lag1+pct_pais_France_lag1+pct_pais_United States_lag1,-11.752981805323733,0.3644949422195562
nivel,"(1, 1, 0)","(0, 1, 0, 12)",pct_cat_Accessories_lag1+pct_pais_France_lag1+pct_genero_M_lag1,-11.752981805323733,0.314016087904091
nivel,"(1, 1, 0)","(0, 1, 0, 12)",pct_cat_Accessories_lag1+pct_pais_Germany_lag1+pct_pais_United Kingdom_lag1,-11.752981805323733,0.3621217733016271
nivel,"(1, 1, 0)","(0, 1, 0, 12)",pct_cat_Accessories_lag1+pct_pais_Germany_lag1+pct_pais_United States_lag1,-11.752981805323733,0.32877071497432914
nivel,"(1, 1, 0)","(0, 1, 0, 12)",pct_cat_Accessories_lag1+pct_pais_Germany_lag1+pct_genero_M_lag1,-11.752981805323733,0.2980939920009043
nivel,"(1, 1, 0)","(0, 1, 0, 12)",pct_cat_Accessories_lag1+pct_pais_United Kingdom_lag1+pct_pais_United States_lag1,-11.752981805323733,0.32113019390043257
nivel,"(1, 1, 0)","(0, 1, 0, 12)",pct_cat_Accessories_lag1+pct_pais_United Kingdom_lag1+pct_genero_M_lag1,-11.752981805323733,0.31613797705188507
nivel,"(1, 1, 0)","(0, 1, 0, 12)",pct_cat_Accessories_lag1+pct_pais_United States_lag1+pct_genero_M_lag1,-11.752981805323733,0.31442308726210244
nivel,"(1, 1, 0)","(0, 1, 0, 12)",pct_cat_Bikes_lag1+pct_cat_Clothing_lag1+pct_pais_Australia_lag1,-11.752981805323733,0.41930084777639337
nivel,"(1, 1, 0)","(0, 1, 0, 12)",pct_cat_Bikes_lag1+pct_cat_Clothing_lag1+pct_pais_Canada_lag1,-11.752981805323733,0.3742709434081403
nivel,"(1, 1, 0)","(0, 1, 0, 12)",pct_cat_Bikes_lag1+pct_cat_Clothing_lag1+pct_pais_France_lag1,-11.752981805323733,0.4128173329188353
nivel,"(1, 1, 0)","(0, 1, 0, 12)",pct_cat_Bikes_lag1+pct_cat_Clothing_lag1+pct_pais_Germany_lag1,-11.752981805323733,0.46464052247850823
nivel,"(1, 1, 0)","(0, 1, 0, 12)",pct_cat_Bikes_lag1+pct_cat_Clothing_lag1+pct_pais_United Kingdom_lag1,-11.752981805323733,0.3731644634648818
nivel,"(1, 1, 0)","(0, 1, 0, 12)",pct_cat_Bikes_lag1+pct_cat_Clothing_lag1+pct_pais_United States_lag1,-11.752981805323733,0.39067541003435186
nivel,"(1, 1, 0)","(0, 1, 0, 12)",pct_cat_Bikes_lag1+pct_cat_Clothing_lag1+pct_genero_M_lag1,-11.752981805323733,0.34456769233562645
nivel,"(1, 1, 0)","(0, 1, 0, 12)",pct_cat_Bikes_lag1+pct_pais_Australia_lag1+pct_pais_Canada_lag1,-11.752981805323733,0.38083546630987103
nivel,"(1, 1, 0)","(0, 1, 0, 12)",pct_cat_Bikes_lag1+pct_pais_Australia_lag1+pct_pais_France_lag1,-11.752981805323733,0.34852702267967844
nivel,"(1, 1, 0)","(0, 1, 0, 12)",pct_cat_Bikes_lag1+pct_pais_Australia_lag1+pct_pais_Germany_lag1,-11.752981805323733,0.3458407474922178
nivel,"(1, 1, 0)","(0, 1, 0, 12)",pct_cat_Bikes_lag1+pct_pais_Australia_lag1+pct_pais_United Kingdom_lag1,-11.752981805323733,0.35062782061778924
nivel,"(1, 1, 0)","(0, 1, 0, 12)",pct_cat_Bikes_lag1+pct_pais_Australia_lag1+pct_pais_United States_lag1,-11.752981805323733,0.3625630234828363
nivel,"(1, 1, 0)","(0, 1, 0, 12)",pct_cat_Bikes_lag1+pct_pais_Australia_lag1+pct_genero_M_lag1,-11.752981805323733,0.35112968695713415
nivel,"(1, 1, 0)","(0, 1, 0, 12)",pct_cat_Bikes_lag1+pct_pais_Canada_lag1+pct_pais_France_lag1,-11.752981805323733,0.32782035283523514
nivel,"(1, 1, 0)","(0, 1, 0, 12)",pct_cat_Bikes_lag1+pct_pais_Canada_lag1+pct_pais_Germany_lag1,-11.752981805323733,0.31898597641772125
nivel,"(1, 1, 0)","(0, 1, 0, 12)",pct_cat_Bikes_lag1+pct_pais_Canada_lag1+pct_pais_United Kingdom_lag1,-11.752981805323733,0.319684192415112
nivel,"(1, 1, 0)","(0, 1, 0, 12)",pct_cat_Bikes_lag1+pct_pais_Canada_lag1+pct_pais_United States_lag1,-11.752981805323733,0.33131606252994705
nivel,"(1, 1, 0)","(0, 1, 0, 12)",pct_cat_Bikes_lag1+pct_pais_Canada_lag1+pct_genero_M_lag1,-11.752981805323733,0.3069761127001224
nivel,"(1, 1, 0)","(0, 1, 0, 12)",pct_cat_Bikes_lag1+pct_pais_France_lag1+pct_pais_Germany_lag1,-11.752981805323733,0.36435612373086707
nivel,"(1, 1, 0)","(0, 1, 0, 12)",pct_cat_Bikes_lag1+pct_pais_France_lag1+pct_pais_United Kingdom_lag1,-11.752981805323733,0.3403858104814372
nivel,"(1, 1, 0)","(0, 1, 0, 12)",pct_cat_Bikes_lag1+pct_pais_France_lag1+pct_pais_United States_lag1,-11.752981805323733,0.361629421297788
nivel,"(1, 1, 0)","(0, 1, 0, 12)",pct_cat_Bikes_lag1+pct_pais_France_lag1+pct_genero_M_lag1,-11.752981805323733,0.3108571829168567
nivel,"(1, 1, 0)","(0, 1, 0, 12)",pct_cat_Bikes_lag1+pct_pais_Germany_lag1+pct_pais_United Kingdom_lag1,-11.752981805323733,0.35957904687364417
nivel,"(1, 1, 0)","(0, 1, 0, 12)",pct_cat_Bikes_lag1+pct_pais_Germany_lag1+pct_pais_United States_lag1,-11.752981805323733,0.3238159816598378
nivel,"(1, 1, 0)","(0, 1, 0, 12)",pct_cat_Bikes_lag1+pct_pais_Germany_lag1+pct_genero_M_lag1,-11.752981805323733,0.2933037402166329
nivel,"(1, 1, 0)","(0, 1, 0, 12)",pct_cat_Bikes_lag1+pct_pais_United Kingdom_lag1+pct_pais_United States_lag1,-11.752981805323733,0.32103749246288626
nivel,"(1, 1, 0)","(0, 1, 0, 12)",pct_cat_Bikes_lag1+pct_pais_United Kingdom_lag1+pct_genero_M_lag1,-11.752981805323733,0.3172376270116551
nivel,"(1, 1, 0)","(0, 1, 0, 12)",pct_cat_Bikes_lag1+pct_pais_United States_lag1+pct_genero_M_lag1,-11.752981805323733,0.3119855256966215
nivel,"(1, 1, 0)","(0, 1, 0, 12)",pct_cat_Clothing_lag1+pct_pais_Australia_lag1+pct_pais_Canada_lag1,-11.752981805323733,0.3517943792560346
nivel,"(1, 1, 0)","(0, 1, 0, 12)",pct_cat_Clothing_lag1+pct_pais_Australia_lag1+pct_pais_France_lag1,-11.752981805323733,0.3342460284649193
nivel,"(1, 1, 0)","(0, 1, 0, 12)",pct_cat_Clothing_lag1+pct_pais_Australia_lag1+pct_pais_Germany_lag1,-11.752981805323733,0.33498351634020596
nivel,"(1, 1, 0)","(0, 1, 0, 12)",pct_cat_Clothing_lag1+pct_pais_Australia_lag1+pct_pais_United Kingdom_lag1,-11.752981805323733,0.35239059700471603
nivel,"(1, 1, 0)","(0, 1, 0, 12)",pct_cat_Clothing_lag1+pct_pais_Australia_lag1+pct_pais_United States_lag1,-11.752981805323733,0.35242837605241634
nivel,"(1, 1, 0)","(0, 1, 0, 12)",pct_cat_Clothing_lag1+pct_pais_Australia_lag1+pct_genero_M_lag1,-11.752981805323733,0.33218428702071673
nivel,"(1, 1, 0)","(0, 1, 0, 12)",pct_cat_Clothing_lag1+pct_pais_Canada_lag1+pct_pais_France_lag1,-11.752981805323733,0.31528382309362096
nivel,"(1, 1, 0)","(0, 1, 0, 12)",pct_cat_Clothing_lag1+pct_pais_Canada_lag1+pct_pais_Germany_lag1,-11.752981805323733,0.3052142364719734
nivel,"(1, 1, 0)","(0, 1, 0, 12)",pct_cat_Clothing_lag1+pct_pais_Canada_lag1+pct_pais_United Kingdom_lag1,-11.752981805323733,0.3201210401268814
nivel,"(1, 1, 0)","(0, 1, 0, 12)",pct_cat_Clothing_lag1+pct_pais_Canada_lag1+pct_pais_United States_lag1,-11.752981805323733,0.322211464009253
nivel,"(1, 1, 0)","(0, 1, 0, 12)",pct_cat_Clothing_lag1+pct_pais_Canada_lag1+pct_genero_M_lag1,-11.752981805323733,0.3063327755899391
nivel,"(1, 1, 0)","(0, 1, 0, 12)",pct_cat_Clothing_lag1+pct_pais_France_lag1+pct_pais_Germany_lag1,-11.752981805323733,0.34965517200800655
nivel,"(1, 1, 0)","(0, 1, 0, 12)",pct_cat_Clothing_lag1+pct_pais_France_lag1+pct_pais_United Kingdom_lag1,-11.752981805323733,0.3285077950961119
nivel,"(1, 1, 0)","(0, 1, 0, 12)",pct_cat_Clothing_lag1+pct_pais_France_lag1+pct_pais_United States_lag1,-11.752981805323733,0.34893100683740247
nivel,"(1, 1, 0)","(0, 1, 0, 12)",pct_cat_Clothing_lag1+pct_pais_France_lag1+pct_genero_M_lag1,-11.752981805323733,0.3048974618348228
nivel,"(1, 1, 0)","(0, 1, 0, 12)",pct_cat_Clothing_lag1+pct_pais_Germany_lag1+pct_pais_United Kingdom_lag1,-11.752981805323733,0.3715220891075796
nivel,"(1, 1, 0)","(0, 1, 0, 12)",pct_cat_Clothing_lag1+pct_pais_Germany_lag1+pct_pais_United States_lag1,-11.752981805323733,0.3021507448840724
nivel,"(1, 1, 0)","(0, 1, 0, 12)",pct_cat_Clothing_lag1+pct_pais_Germany_lag1+pct_genero_M_lag1,-11.752981805323733,0.28550854550617943
nivel,"(1, 1, 0)","(0, 1, 0, 12)",pct_cat_Clothing_lag1+pct_pais_United Kingdom_lag1+pct_pais_United States_lag1,-11.752981805323733,0.31760132743909036
nivel,"(1, 1, 0)","(0, 1, 0, 12)",pct_cat_Clothing_lag1+pct_pais_United Kingdom_lag1+pct_genero_M_lag1,-11.752981805323733,0.3189831002010402
nivel,"(1, 1, 0)","(0, 1, 0, 12)",pct_cat_Clothing_lag1+pct_pais_United States_lag1+pct_genero_M_lag1,-11.752981805323733,0.31151293733997815
nivel,"(1, 1, 0)","(0, 1, 0, 12)",pct_pais_Australia_lag1+pct_pais_Canada_lag1+pct_pais_France_lag1,-11.752981805323733,0.2808151770280513
nivel,"(1, 1, 0)","(0, 1, 0, 12)",pct_pais_Australia_lag1+pct_pais_Canada_lag1+pct_pais_Germany_lag1,-11.752981805323733,0.30774054679852
nivel,"(1, 1, 0)","(0, 1, 0, 12)",pct_pais_Australia_lag1+pct_pais_Canada_lag1+pct_pais_United Kingdom_lag1,-11.752981805323733,0.32635000884918425
nivel,"(1, 1, 0)","(0, 1, 0, 12)",pct_pais_Australia_lag1+pct_pais_Canada_lag1+pct_pais_United States_lag1,-11.752981805323733,0.2989245129345223
nivel,"(1, 1, 0)","(0, 1, 0, 12)",pct_pais_Australia_lag1+pct_pais_Canada_lag1+pct_genero_M_lag1,-11.752981805323733,0.29827173309755833
nivel,"(1, 1, 0)","(0, 1, 0, 12)",pct_pais_Australia_lag1+pct_pais_France_lag1+pct_pais_Germany_lag1,-11.752981805323733,0.2868040841824447
nivel,"(1, 1, 0)","(0, 1, 0, 12)",pct_pais_Australia_lag1+pct_pais_France_lag1+pct_pais_United Kingdom_lag1,-11.752981805323733,0.2927995856089326
nivel,"(1, 1, 0)","(0, 1, 0, 12)",pct_pais_Australia_lag1+pct_pais_France_lag1+pct_pais_United States_lag1,-11.752981805323733,0.28153992637151215
nivel,"(1, 1, 0)","(0, 1, 0, 12)",pct_pais_Australia_lag1+pct_pais_France_lag1+pct_genero_M_lag1,-11.752981805323733,0.27625582037757934
nivel,"(1, 1, 0)","(0, 1, 0, 12)",pct_pais_Australia_lag1+pct_pais_Germany_lag1+pct_pais_United Kingdom_lag1,-11.752981805323733,0.36519415883873546
nivel,"(1, 1, 0)","(0, 1, 0, 12)",pct_pais_Australia_lag1+pct_pais_Germany_lag1+pct_pais_United States_lag1,-11.752981805323733,0.30172925305598625
nivel,"(1, 1, 0)","(0, 1, 0, 12)",pct_pais_Australia_lag1+pct_pais_Germany_lag1+pct_genero_M_lag1,-11.752981805323733,0.2974931789015502
nivel,"(1, 1, 0)","(0, 1, 0, 12)",pct_pais_Australia_lag1+pct_pais_United Kingdom_lag1+pct_pais_United States_lag1,-11.752981805323733,0.323515926999393
nivel,"(1, 1, 0)","(0, 1, 0, 12)",pct_pais_Australia_lag1+pct_pais_United Kingdom_lag1+pct_genero_M_lag1,-11.752981805323733,0.320467865430622
nivel,"(1, 1, 0)","(0, 1, 0, 12)",pct_pais_Australia_lag1+pct_pais_United States_lag1+pct_genero_M_lag1,-11.752981805323733,0.29075645122848476
nivel,"(1, 1, 0)","(0, 1, 0, 12)",pct_pais_Canada_lag1+pct_pais_France_lag1+pct_pais_Germany_lag1,-11.752981805323733,0.285388312379602
nivel,"(1, 1, 0)","(0, 1, 0, 12)",pct_pais_Canada_lag1+pct_pais_France_lag1+pct_pais_United Kingdom_lag1,-11.752981805323733,0.27069370102670914
nivel,"(1, 1, 0)","(0, 1, 0, 12)",pct_pais_Canada_lag1+pct_pais_France_lag1+pct_pais_United States_lag1,-11.752981805323733,0.2625506435952777
nivel,"(1, 1, 0)","(0, 1, 0, 12)",pct_pais_Canada_lag1+pct_pais_France_lag1+pct_genero_M_lag1,-11.752981805323733,0.257905042355465
nivel,"(1, 1, 0)","(0, 1, 0, 12)",pct_pais_Canada_lag1+pct_pais_Germany_lag1+pct_pais_United Kingdom_lag1,-11.752981805323733,0.3272367500779925
nivel,"(1, 1, 0)","(0, 1, 0, 12)",pct_pais_Canada_lag1+pct_pais_Germany_lag1+pct_pais_United States_lag1,-11.752981805323733,0.2683904395309226
nivel,"(1, 1, 0)","(0, 1, 0, 12)",pct_pais_Canada_lag1+pct_pais_Germany_lag1+pct_genero_M_lag1,-11.752981805323733,0.2788505981694639
nivel,"(1, 1, 0)","(0, 1, 0, 12)",pct_pais_Canada_lag1+pct_pais_United Kingdom_lag1+pct_pais_United States_lag1,-11.752981805323733,0.26030506204760895
nivel,"(1, 1, 0)","(0, 1, 0, 12)",pct_pais_Canada_lag1+pct_pais_United Kingdom_lag1+pct_genero_M_lag1,-11.752981805323733,0.2839498953386164
nivel,"(1, 1, 0)","(0, 1, 0, 12)",pct_pais_Canada_lag1+pct_pais_United States_lag1+pct_genero_M_lag1,-11.752981805323733,0.2710826059447135
nivel,"(1, 1, 0)","(0, 1, 0, 12)",pct_pais_France_lag1+pct_pais_Germany_lag1+pct_pais_United Kingdom_lag1,-11.752981805323733,0.303516670259202
nivel,"(1, 1, 0)","(0, 1, 0, 12)",pct_pais_France_lag1+pct_pais_Germany_lag1+pct_pais_United States_lag1,-11.752981805323733,0.2855643614089353
nivel,"(1, 1, 0)","(0, 1, 0, 12)",pct_pais_France_lag1+pct_pais_Germany_lag1+pct_genero_M_lag1,-11.752981805323733,0.2789742566121162
nivel,"(1, 1, 0)","(0, 1, 0, 12)",pct_pais_France_lag1+pct_pais_United Kingdom_lag1+pct_pais_United States_lag1,-11.752981805323733,0.27296377288044266
nivel,"(1, 1, 0)","(0, 1, 0, 12)",pct_pais_France_lag1+pct_pais_United Kingdom_lag1+pct_genero_M_lag1,-11.752981805323733,0.2682645364330786
nivel,"(1, 1, 0)","(0, 1, 0, 12)",pct_pais_France_lag1+pct_pais_United States_lag1+pct_genero_M_lag1,-11.752981805323733,0.2602156204297988
nivel,"(1, 1, 0)","(0, 1, 0, 12)",pct_pais_Germany_lag1+pct_pais_United Kingdom_lag1+pct_pais_United States_lag1,-11.752981805323733,0.3316428743690627
nivel,"(1, 1, 0)","(0, 1, 0, 12)",pct_pais_Germany_lag1+pct_pais_United Kingdom_lag1+pct_genero_M_lag1,-11.752981805323733,0.32352213944753094
nivel,"(1, 1, 0)","(0, 1, 0, 12)",pct_pais_Germany_lag1+pct_pais_United States_lag1+pct_genero_M_lag1,-11.752981805323733,0.2786538405469589
nivel,"(1, 1, 0)","(0, 1, 0, 12)",pct_pais_United Kingdom_lag1+pct_pais_United States_lag1+pct_genero_M_lag1,-11.752981805323733,0.2889204359373436
log,"(2, 1, 0)","(1, 1, 0, 6)",calendario+preco_medio_lag1+custo_medio_lag1,9.85958505298252,0.22571328286809564
log,"(2, 1, 0)","(1, 1, 0, 6)",calendario+preco_medio_lag1+idade_media_lag1,9.85958505298252,0.23667193439409018
log,"(2, 1, 0)","(1, 1, 0, 6)",calendario+preco_medio_lag1+n_transacoes_lag1,9.85958505298252,0.26990661748122374
log,"(2, 1, 0)","(1, 1, 0, 6)",calendario+preco_medio_lag1+pct_cat_Accessories_lag1,9.85958505298252,0.27620227243572587
log,"(2, 1, 0)","(1, 1, 0, 6)",calendario+preco_medio_lag1+pct_cat_Bikes_lag1,9.85958505298252,0.2706373741630512
log,"(2, 1, 0)","(1, 1, 0, 6)",calendario+preco_medio_lag1+pct_cat_Clothing_lag1,9.85958505298252,0.2829767113600555
log,"(2, 1, 0)","(1, 1, 0, 6)",calendario+preco_medio_lag1+pct_pais_Australia_lag1,9.85958505298252,0.2872804336486618
log,"(2, 1, 0)","(1, 1, 0, 6)",calendario+preco_medio_lag1+pct_pais_Canada_lag1,9.85958505298252,0.2627867382338121
log,"(2, 1, 0)","(1, 1, 0, 6)",calendario+preco_medio_lag1+pct_pais_France_lag1,9.85958505298252,0.29284574305252054
log,"(2, 1, 0)","(1, 1, 0, 6)",calendario+preco_medio_lag1+pct_pais_Germany_lag1,9.85958505298252,0.2459483132906962
log,"(2, 1, 0)","(1, 1, 0, 6)",calendario+preco_medio_lag1+pct_pais_United Kingdom_lag1,9.85958505298252,0.2748771227118356
log,"(2, 1, 0)","(1, 1, 0, 6)",calendario+preco_medio_lag1+pct_pais_United States_lag1,9.85958505298252,0.2551825406748988
log,"(2, 1, 0)","(1, 1, 0, 6)",calendario+preco_medio_lag1+pct_genero_M_lag1,9.85958505298252,0.27388150050015353
log,"(2, 1, 0)","(1, 1, 0, 6)",calendario+custo_medio_lag1+idade_media_lag1,9.85958505298252,0.23960469277451515
log,"(2, 1, 0)","(1, 1, 0, 6)",calendario+custo_medio_lag1+n_transacoes_lag1,9.85958505298252,0.28153330821326644
log,"(2, 1, 0)","(1, 1, 0, 6)",calendario+custo_medio_lag1+pct_cat_Accessories_lag1,9.85958505298252,0.27947402563202656
log,"(2, 1, 0)","(1, 1, 0, 6)",calendario+custo_medio_lag1+pct_cat_Bikes_lag1,9.85958505298252,0.2787229914052924
log,"(2, 1, 0)","(1, 1, 0, 6)",calendario+custo_medio_lag1+pct_cat_Clothing_lag1,9.85958505298252,0.2815034573584316
log,"(2, 1, 0)","(1, 1, 0, 6)",calendario+custo_medio_lag1+pct_pais_Australia_lag1,9.85958505298252,0.2871907664731274
log,"(2, 1, 0)","(1, 1, 0, 6)",calendario+custo_medio_lag1+pct_pais_Canada_lag1,9.85958505298252,0.26555563934145804
log,"(2, 1, 0)","(1, 1, 0, 6)",calendario+custo_medio_lag1+pct_pais_France_lag1,9.85958505298252,0.2968126726100683
log,"(2, 1, 0)","(1, 1, 0, 6)",calendario+custo_medio_lag1+pct_pais_Germany_lag1,9.85958505298252,0.24428961799771506
log,"(2, 1, 0)","(1, 1, 0, 6)",calendario+custo_medio_lag1+pct_pais_United Kingdom_lag1,9.85958505298252,0.2780674020489956
log,"(2, 1, 0)","(1, 1, 0, 6)",calendario+custo_medio_lag1+pct_pais_United States_lag1,9.85958505298252,0.260869491400155
log,"(2, 1, 0)","(1, 1, 0, 6)",calendario+custo_medio_lag1+pct_genero_M_lag1,9.85958505298252,0.27553415689127364
log,"(2, 1, 0)","(1, 1, 0, 6)",calendario+idade_media_lag1+n_transacoes_lag1,9.85958505298252,0.237509500681605
log,"(2, 1, 0)","(1, 1, 0, 6)",calendario+idade_media_lag1+pct_cat_Accessories_lag1,9.85958505298252,0.2688181940507656
log,"(2, 1, 0)","(1, 1, 0, 6)",calendario+idade_media_lag1+pct_cat_Bikes_lag1,9.85958505298252,0.26626459960583615
log,"(2, 1, 0)","(1, 1, 0, 6)",calendario+idade_media_lag1+pct_cat_Clothing_lag1,9.85958505298252,0.25605610447290245
log,"(2, 1, 0)","(1, 1, 0, 6)",calendario+idade_media_lag1+pct_pais_Australia_lag1,9.85958505298252,0.36741017290683947
log,"(2, 1, 0)","(1, 1, 0, 6)",calendario+idade_media_lag1+pct_pais_Canada_lag1,9.85958505298252,0.2363208134165243
log,"(2, 1, 0)","(1, 1, 0, 6)",calendario+idade_media_lag1+pct_pais_France_lag1,9.85958505298252,0.24121704057128893
log,"(2, 1, 0)","(1, 1, 0, 6)",calendario+idade_media_lag1+pct_pais_Germany_lag1,9.85958505298252,0.23983801046599476
log,"(2, 1, 0)","(1, 1, 0, 6)",calendario+idade_media_lag1+pct_pais_United Kingdom_lag1,9.85958505298252,0.24620132255781715
log,"(2, 1, 0)","(1, 1, 0, 6)",calendario+idade_media_lag1+pct_pais_United States_lag1,9.85958505298252,0.245311927181054
log,"(2, 1, 0)","(1, 1, 0, 6)",calendario+idade_media_lag1+pct_genero_M_lag1,9.85958505298252,0.2531334080492638
log,"(2, 1, 0)","(1, 1, 0, 6)",calendario+n_transacoes_lag1+pct_cat_Accessories_lag1,9.85958505298252,0.27582381788590754
log,"(2, 1, 0)","(1, 1, 0, 6)",calendario+n_transacoes_lag1+pct_cat_Bikes_lag1,9.85958505298252,0.2757611636620166
log,"(2, 1, 0)","(1, 1, 0, 6)",calendario+n_transacoes_lag1+pct_cat_Clothing_lag1,9.85958505298252,0.2761811821815173
log,"(2, 1, 0)","(1, 1, 0, 6)",calendario+n_transacoes_lag1+pct_pais_Australia_lag1,9.85958505298252,0.2501564993247081
log,"(2, 1, 0)","(1, 1, 0, 6)",calendario+n_transacoes_lag1+pct_pais_Canada_lag1,9.85958505298252,0.23035563350923235
log,"(2, 1, 0)","(1, 1, 0, 6)",calendario+n_transacoes_lag1+pct_pais_France_lag1,9.85958505298252,0.25398443659017217
log,"(2, 1, 0)","(1, 1, 0, 6)",calendario+n_transacoes_lag1+pct_pais_Germany_lag1,9.85958505298252,0.2065537010567858
log,"(2, 1, 0)","(1, 1, 0, 6)",calendario+n_transacoes_lag1+pct_pais_United Kingdom_lag1,9.85958505298252,0.2683512134777719
log,"(2, 1, 0)","(1, 1, 0, 6)",calendario+n_transacoes_lag1+pct_pais_United States_lag1,9.85958505298252,0.2518094035575092
log,"(2, 1, 0)","(1, 1, 0, 6)",calendario+n_transacoes_lag1+pct_genero_M_lag1,9.85958505298252,0.2854162724449489
log,"(2, 1, 0)","(1, 1, 0, 6)",calendario+pct_cat_Accessories_lag1+pct_cat_Bikes_lag1,9.85958505298252,0.37515596851385236
log,"(2, 1, 0)","(1, 1, 0, 6)",calendario+pct_cat_Accessories_lag1+pct_cat_Clothing_lag1,9.85958505298252,0.3752617506783924
log,"(2, 1, 0)","(1, 1, 0, 6)",calendario+pct_cat_Accessories_lag1+pct_pais_Australia_lag1,9.85958505298252,0.27780791362406737
log,"(2, 1, 0)","(1, 1, 0, 6)",calendario+pct_cat_Accessories_lag1+pct_pais_Canada_lag1,9.85958505298252,0.29156429190825467
log,"(2, 1, 0)","(1, 1, 0, 6)",calendario+pct_cat_Accessories_lag1+pct_pais_France_lag1,9.85958505298252,0.2960940092592068
log,"(2, 1, 0)","(1, 1, 0, 6)",calendario+pct_cat_Accessories_lag1+pct_pais_Germany_lag1,9.85958505298252,0.24187823378671194
log,"(2, 1, 0)","(1, 1, 0, 6)",calendario+pct_cat_Accessories_lag1+pct_pais_United Kingdom_lag1,9.85958505298252,0.27975841392253376
log,"(2, 1, 0)","(1, 1, 0, 6)",calendario+pct_cat_Accessories_lag1+pct_pais_United States_lag1,9.85958505298252,0.2697884752706477
log,"(2, 1, 0)","(1, 1, 0, 6)",calendario+pct_cat_Accessories_lag1+pct_genero_M_lag1,9.85958505298252,0.2953641324908934
log,"(2, 1, 0)","(1, 1, 0, 6)",calendario+pct_cat_Bikes_lag1+pct_cat_Clothing_lag1,9.85958505298252,0.3753348907302036
log,"(2, 1, 0)","(1, 1, 0, 6)",calendario+pct_cat_Bikes_lag1+pct_pais_Australia_lag1,9.85958505298252,0.27730973862241454
log,"(2, 1, 0)","(1, 1, 0, 6)",calendario+pct_cat_Bikes_lag1+pct_pais_Canada_lag1,9.85958505298252,0.28788925250515973
log,"(2, 1, 0)","(1, 1, 0, 6)",calendario+pct_cat_Bikes_lag1+pct_pais_France_lag1,9.85958505298252,0.2952077672199684
log,"(2, 1, 0)","(1, 1, 0, 6)",calendario+pct_cat_Bikes_lag1+pct_pais_Germany_lag1,9.85958505298252,0.2399429160130014
log,"(2, 1, 0)","(1, 1, 0, 6)",calendario+pct_cat_Bikes_lag1+pct_pais_United Kingdom_lag1,9.85958505298252,0.2772428736242078
log,"(2, 1, 0)","(1, 1, 0, 6)",calendario+pct_cat_Bikes_lag1+pct_pais_United States_lag1,9.85958505298252,0.2673268242138825
log,"(2, 1, 0)","(1, 1, 0, 6)",calendario+pct_cat_Bikes_lag1+pct_genero_M_lag1,9.85958505298252,0.2918960116479821
log,"(2, 1, 0)","(1, 1, 0, 6)",calendario+pct_cat_Clothing_lag1+pct_pais_Australia_lag1,9.85958505298252,0.2740770979830744
log,"(2, 1, 0)","(1, 1, 0, 6)",calendario+pct_cat_Clothing_lag1+pct_pais_Canada_lag1,9.85958505298252,0.2737007784848157
log,"(2, 1, 0)","(1, 1, 0, 6)",calendario+pct_cat_Clothing_lag1+pct_pais_France_lag1,9.85958505298252,0.29173941198065995
log,"(2, 1, 0)","(1, 1, 0, 6)",calendario+pct_cat_Clothing_lag1+pct_pais_Germany_lag1,9.85958505298252,0.2335212115338947
log,"(2, 1, 0)","(1, 1, 0, 6)",calendario+pct_cat_Clothing_lag1+pct_pais_United Kingdom_lag1,9.85958505298252,0.26580583980009687
log,"(2, 1, 0)","(1, 1, 0, 6)",calendario+pct_cat_Clothing_lag1+pct_pais_United States_lag1,9.85958505298252,0.25826581365815454
log,"(2, 1, 0)","(1, 1, 0, 6)",calendario+pct_cat_Clothing_lag1+pct_genero_M_lag1,9.85958505298252,0.278320724164839
log,"(2, 1, 0)","(1, 1, 0, 6)",calendario+pct_pais_Australia_lag1+pct_pais_Canada_lag1,9.85958505298252,0.28824181234400054
log,"(2, 1, 0)","(1, 1, 0, 6)",calendario+pct_pais_Australia_lag1+pct_pais_France_lag1,9.85958505298252,0.31935482837382195
log,"(2, 1, 0)","(1, 1, 0, 6)",calendario+pct_pais_Australia_lag1+pct_pais_Germany_lag1,9.85958505298252,0.27767453537452397
log,"(2, 1, 0)","(1, 1, 0, 6)",calendario+pct_pais_Australia_lag1+pct_pais_United Kingdom_lag1,9.85958505298252,0.3123860037338608
log,"(2, 1, 0)","(1, 1, 0, 6)",calendario+pct_pais_Australia_lag1+pct_pais_United States_lag1,9.85958505298252,0.29191538458344424
log,"(2, 1, 0)","(1, 1, 0, 6)",calendario+pct_pais_Australia_lag1+pct_genero_M_lag1,9.85958505298252,0.3068018067987203
log,"(2, 1, 0)","(1, 1, 0, 6)",calendario+pct_pais_Canada_lag1+pct_pais_France_lag1,9.85958505298252,0.28316525745656623
log,"(2, 1, 0)","(1, 1, 0, 6)",calendario+pct_pais_Canada_lag1+pct_pais_Germany_lag1,9.85958505298252,0.22834727063788027
log,"(2, 1, 0)","(1, 1, 0, 6)",calendario+pct_pais_Canada_lag1+pct_pais_United Kingdom_lag1,9.85958505298252,0.27167815448599103
log,"(2, 1, 0)","(1, 1, 0, 6)",calendario+pct_pais_Canada_lag1+pct_pais_United States_lag1,9.85958505298252,0.2769204063496871
log,"(2, 1, 0)","(1, 1, 0, 6)",calendario+pct_pais_Canada_lag1+pct_genero_M_lag1,9.85958505298252,0.28473222274713267
log,"(2, 1, 0)","(1, 1, 0, 6)",calendario+pct_pais_France_lag1+pct_pais_Germany_lag1,9.85958505298252,0.2988119011826395
log,"(2, 1, 0)","(1, 1, 0, 6)",calendario+pct_pais_France_lag1+pct_pais_United Kingdom_lag1,9.85958505298252,0.3017694270679448
log,"(2, 1, 0)","(1, 1, 0, 6)",calendario+pct_pais_France_lag1+pct_pais_United States_lag1,9.85958505298252,0.27495067682323665
log,"(2, 1, 0)","(1, 1, 0, 6)",calendario+pct_pais_France_lag1+pct_genero_M_lag1,9.85958505298252,0.29826086223308473
log,"(2, 1, 0)","(1, 1, 0, 6)",calendario+pct_pais_Germany_lag1+pct_pais_United Kingdom_lag1,9.85958505298252,0.23955373817771575
log,"(2, 1, 0)","(1, 1, 0, 6)",calendario+pct_pais_Germany_lag1+pct_pais_United States_lag1,9.85958505298252,0.2322298043164472
log,"(2, 1, 0)","(1, 1, 0, 6)",calendario+pct_pais_Germany_lag1+pct_genero_M_lag1,9.85958505298252,0.24409592294763513
log,"(2, 1, 0)","(1, 1, 0, 6)",calendario+pct_pais_United Kingdom_lag1+pct_pais_United States_lag1,9.85958505298252,0.2702087809217499
log,"(2, 1, 0)","(1, 1, 0, 6)",calendario+pct_pais_United Kingdom_lag1+pct_genero_M_lag1,9.85958505298252,0.2866239801850147
log,"(2, 1, 0)","(1, 1, 0, 6)",calendario+pct_pais_United States_lag1+pct_genero_M_lag1,9.85958505298252,0.27884248618679436
log,"(2, 1, 0)","(1, 1, 0, 6)",preco_medio_lag1+custo_medio_lag1+idade_media_lag1,9.85958505298252,0.24797102184101558
log,"(2, 1, 0)","(1, 1, 0, 6)",preco_medio_lag1+custo_medio_lag1+n_transacoes_lag1,9.85958505298252,0.21677064763119147
log,"(2, 1, 0)","(1, 1, 0, 6)",preco_medio_lag1+custo_medio_lag1+pct_cat_Accessories_lag1,9.85958505298252,0.20742577907161153
log,"(2, 1, 0)","(1, 1, 0, 6)",preco_medio_lag1+custo_medio_lag1+pct_cat_Bikes_lag1,9.85958505298252,0.20878547835455197
log,"(2, 1, 0)","(1, 1, 0, 6)",preco_medio_lag1+custo_medio_lag1+pct_cat_Clothing_lag1,9.85958505298252,0.23236555741834117
log,"(2, 1, 0)","(1, 1, 0, 6)",preco_medio_lag1+custo_medio_lag1+pct_pais_Australia_lag1,9.85958505298252,0.29439475695636297
log,"(2, 1, 0)","(1, 1, 0, 6)",preco_medio_lag1+custo_medio_lag1+pct_pais_Canada_lag1,9.85958505298252,0.2575788896797535
log,"(2, 1, 0)","(1, 1, 0, 6)",preco_medio_lag1+custo_medio_lag1+pct_pais_France_lag1,9.85958505298252,0.3690039735841721
log,"(2, 1, 0)","(1, 1, 0, 6)",preco_medio_lag1+custo_medio_lag1+pct_pais_Germany_lag1,9.85958505298252,0.23872729102319176
log,"(2, 1, 0)","(1, 1, 0, 6)",preco_medio_lag1+custo_medio_lag1+pct_pais_United Kingdom_lag1,9.85958505298252,0.29689830082267027
log,"(2, 1, 0)","(1, 1, 0, 6)",preco_medio_lag1+custo_medio_lag1+pct_pais_United States_lag1,9.85958505298252,0.24642110743061738
log,"(2, 1, 0)","(1, 1, 0, 6)",preco_medio_lag1+custo_medio_lag1+pct_genero_M_lag1,9.85958505298252,0.2637475403749685
log,"(2, 1, 0)","(1, 1, 0, 6)",preco_medio_lag1+idade_media_lag1+n_transacoes_lag1,9.85958505298252,0.2397320057467778
log,"(2, 1, 0)","(1, 1, 0, 6)",preco_medio_lag1+idade_media_lag1+pct_cat_Accessories_lag1,9.85958505298252,0.2582674745570396
log,"(2, 1, 0)","(1, 1, 0, 6)",preco_medio_lag1+idade_media_lag1+pct_cat_Bikes_lag1,9.85958505298252,0.25883611724880234
log,"(2, 1, 0)","(1, 1, 0, 6)",preco_medio_lag1+idade_media_lag1+pct_cat_Clothing_lag1,9.85958505298252,0.27588192483570456
log,"(2, 1, 0)","(1, 1, 0, 6)",preco_medio_lag1+idade_media_lag1+pct_pais_Australia_lag1,9.85958505298252,0.3495607815797803
log,"(2, 1, 0)","(1, 1, 0, 6)",preco_medio_lag1+idade_media_lag1+pct_pais_Canada_lag1,9.85958505298252,0.2336669021479407
log,"(2, 1, 0)","(1, 1, 0, 6)",preco_medio_lag1+idade_media_lag1+pct_pais_France_lag1,9.85958505298252,0.2800614686014253
log,"(2, 1, 0)","(1, 1, 0, 6)",preco_medio_lag1+idade_media_lag1+pct_pais_Germany_lag1,9.85958505298252,0.2598876646701951
log,"(2, 1, 0)","(1, 1, 0, 6)",preco_medio_lag1+idade_media_lag1+pct_pais_United Kingdom_lag1,9.85958505298252,0.28536244841459896
log,"(2, 1, 0)","(1, 1, 0, 6)",preco_medio_lag1+idade_media_lag1+pct_pais_United States_lag1,9.85958505298252,0.24271735369500283
log,"(2, 1, 0)","(1, 1, 0, 6)",preco_medio_lag1+idade_media_lag1+pct_genero_M_lag1,9.85958505298252,0.25568032798927404
log,"(2, 1, 0)","(1, 1, 0, 6)",preco_medio_lag1+n_transacoes_lag1+pct_cat_Accessories_lag1,9.85958505298252,0.300604302169748
log,"(2, 1, 0)","(1, 1, 0, 6)",preco_medio_lag1+n_transacoes_lag1+pct_cat_Bikes_lag1,9.85958505298252,0.30509504686761374
log,"(2, 1, 0)","(1, 1, 0, 6)",preco_medio_lag1+n_transacoes_lag1+pct_cat_Clothing_lag1,9.85958505298252,0.3243002503709526
log,"(2, 1, 0)","(1, 1, 0, 6)",preco_medio_lag1+n_transacoes_lag1+pct_pais_Australia_lag1,9.85958505298252,0.2900400326868439
log,"(2, 1, 0)","(1, 1, 0, 6)",preco_medio_lag1+n_transacoes_lag1+pct_pais_Canada_lag1,9.85958505298252,0.26225686193812886
log,"(2, 1, 0)","(1, 1, 0, 6)",preco_medio_lag1+n_transacoes_lag1+pct_pais_France_lag1,9.85958505298252,0.2601860141904107
log,"(2, 1, 0)","(1, 1, 0, 6)",preco_medio_lag1+n_transacoes_lag1+pct_pais_Germany_lag1,9.85958505298252,0.2552442706881051
log,"(2, 1, 0)","(1, 1, 0, 6)",preco_medio_lag1+n_transacoes_lag1+pct_pais_United Kingdom_lag1,9.85958505298252,0.2770510762801512
log,"(2, 1, 0)","(1, 1, 0, 6)",preco_medio_lag1+n_transacoes_lag1+pct_pais_United States_lag1,9.85958505298252,0.2682423178428215
log,"(2, 1, 0)","(1, 1, 0, 6)",preco_medio_lag1+n_transacoes_lag1+pct_genero_M_lag1,9.85958505298252,0.2984419041077909
log,"(2, 1, 0)","(1, 1, 0, 6)",preco_medio_lag1+pct_cat_Accessories_lag1+pct_cat_Bikes_lag1,9.85958505298252,0.3732830459174335
log,"(2, 1, 0)","(1, 1, 0, 6)",preco_medio_lag1+pct_cat_Accessories_lag1+pct_cat_Clothing_lag1,9.85958505298252,0.37326968495044527
log,"(2, 1, 0)","(1, 1, 0, 6)",preco_medio_lag1+pct_cat_Accessories_lag1+pct_pais_Australia_lag1,9.85958505298252,0.27677189237640015
log,"(2, 1, 0)","(1, 1, 0, 6)",preco_medio_lag1+pct_cat_Accessories_lag1+pct_pais_Canada_lag1,9.85958505298252,0.2583174539989771
log,"(2, 1, 0)","(1, 1, 0, 6)",preco_medio_lag1+pct_cat_Accessories_lag1+pct_pais_France_lag1,9.85958505298252,0.29454001857470385
log,"(2, 1, 0)","(1, 1, 0, 6)",preco_medio_lag1+pct_cat_Accessories_lag1+pct_pais_Germany_lag1,9.85958505298252,0.2535675206415671
log,"(2, 1, 0)","(1, 1, 0, 6)",preco_medio_lag1+pct_cat_Accessories_lag1+pct_pais_United Kingdom_lag1,9.85958505298252,0.2756523633064742
log,"(2, 1, 0)","(1, 1, 0, 6)",preco_medio_lag1+pct_cat_Accessories_lag1+pct_pais_United States_lag1,9.85958505298252,0.2677363986555719
log,"(2, 1, 0)","(1, 1, 0, 6)",preco_medio_lag1+pct_cat_Accessories_lag1+pct_genero_M_lag1,9.85958505298252,0.27925789303850973
log,"(2, 1, 0)","(1, 1, 0, 6)",preco_medio_lag1+pct_cat_Bikes_lag1+pct_cat_Clothing_lag1,9.85958505298252,0.37323892233190364
log,"(2, 1, 0)","(1, 1, 0, 6)",preco_medio_lag1+pct_cat_Bikes_lag1+pct_pais_Australia_lag1,9.85958505298252,0.28033077194787553
log,"(2, 1, 0)","(1, 1, 0, 6)",preco_medio_lag1+pct_cat_Bikes_lag1+pct_pais_Canada_lag1,9.85958505298252,0.25986677322293167
log,"(2, 1, 0)","(1, 1, 0, 6)",preco_medio_lag1+pct_cat_Bikes_lag1+pct_pais_France_lag1,9.85958505298252,0.29599846927737944
log,"(2, 1, 0)","(1, 1, 0, 6)",preco_medio_lag1+pct_cat_Bikes_lag1+pct_pais_Germany_lag1,9.85958505298252,0.2564693503048996
log,"(2, 1, 0)","(1, 1, 0, 6)",preco_medio_lag1+pct_cat_Bikes_lag1+pct_pais_United Kingdom_lag1,9.85958505298252,0.27619638825348863
log,"(2, 1, 0)","(1, 1, 0, 6)",preco_medio_lag1+pct_cat_Bikes_lag1+pct_pais_United States_lag1,9.85958505298252,0.2673879446655872
log,"(2, 1, 0)","(1, 1, 0, 6)",preco_medio_lag1+pct_cat_Bikes_lag1+pct_genero_M_lag1,9.85958505298252,0.27689156515618624
log,"(2, 1, 0)","(1, 1, 0, 6)",preco_medio_lag1+pct_cat_Clothing_lag1+pct_pais_Australia_lag1,9.85958505298252,0.29845683816027985
log,"(2, 1, 0)","(1, 1, 0, 6)",preco_medio_lag1+pct_cat_Clothing_lag1+pct_pais_Canada_lag1,9.85958505298252,0.27322906936244357
log,"(2, 1, 0)","(1, 1, 0, 6)",preco_medio_lag1+pct_cat_Clothing_lag1+pct_pais_France_lag1,9.85958505298252,0.3039080072664025
log,"(2, 1, 0)","(1, 1, 0, 6)",preco_medio_lag1+pct_cat_Clothing_lag1+pct_pais_Germany_lag1,9.85958505298252,0.28282624410067075
log,"(2, 1, 0)","(1, 1, 0, 6)",preco_medio_lag1+pct_cat_Clothing_lag1+pct_pais_United Kingdom_lag1,9.85958505298252,0.28449129082407176
log,"(2, 1, 0)","(1, 1, 0, 6)",preco_medio_lag1+pct_cat_Clothing_lag1+pct_pais_United States_lag1,9.85958505298252,0.2710994875883616
log,"(2, 1, 0)","(1, 1, 0, 6)",preco_medio_lag1+pct_cat_Clothing_lag1+pct_genero_M_lag1,9.85958505298252,0.2834959283132355
log,"(2, 1, 0)","(1, 1, 0, 6)",preco_medio_lag1+pct_pais_Australia_lag1+pct_pais_Canada_lag1,9.85958505298252,0.31614455915260614
log,"(2, 1, 0)","(1, 1, 0, 6)",preco_medio_lag1+pct_pais_Australia_lag1+pct_pais_France_lag1,9.85958505298252,0.36503312796208814
log,"(2, 1, 0)","(1, 1, 0, 6)",preco_medio_lag1+pct_pais_Australia_lag1+pct_pais_Germany_lag1,9.85958505298252,0.28372885523592634
log,"(2, 1, 0)","(1, 1, 0, 6)",preco_medio_lag1+pct_pais_Australia_lag1+pct_pais_United Kingdom_lag1,9.85958505298252,0.2967316363213695
log,"(2, 1, 0)","(1, 1, 0, 6)",preco_medio_lag1+pct_pais_Australia_lag1+pct_pais_United States_lag1,9.85958505298252,0.2923513330696495
log,"(2, 1, 0)","(1, 1, 0, 6)",preco_medio_lag1+pct_pais_Australia_lag1+pct_genero_M_lag1,9.85958505298252,0.3073717542038844
log,"(2, 1, 0)","(1, 1, 0, 6)",preco_medio_lag1+pct_pais_Canada_lag1+pct_pais_France_lag1,9.85958505298252,0.28831950565956194
log,"(2, 1, 0)","(1, 1, 0, 6)",preco_medio_lag1+pct_pais_Canada_lag1+pct_pais_Germany_lag1,9.85958505298252,0.23355718775085207
log,"(2, 1, 0)","(1, 1, 0, 6)",preco_medio_lag1+pct_pais_Canada_lag1+pct_pais_United Kingdom_lag1,9.85958505298252,0.2632462230555849
log,"(2, 1, 0)","(1, 1, 0, 6)",preco_medio_lag1+pct_pais_Canada_lag1+pct_pais_United States_lag1,9.85958505298252,0.26518441433321366
log,"(2, 1, 0)","(1, 1, 0, 6)",preco_medio_lag1+pct_pais_Canada_lag1+pct_genero_M_lag1,9.85958505298252,0.2678553640401523
log,"(2, 1, 0)","(1, 1, 0, 6)",preco_medio_lag1+pct_pais_France_lag1+pct_pais_Germany_lag1,9.85958505298252,0.3326321056184299
log,"(2, 1, 0)","(1, 1, 0, 6)",preco_medio_lag1+pct_pais_France_lag1+pct_pais_United Kingdom_lag1,9.85958505298252,0.31444679798811204
log,"(2, 1, 0)","(1, 1, 0, 6)",preco_medio_lag1+pct_pais_France_lag1+pct_pais_United States_lag1,9.85958505298252,0.31518928856050094
log,"(2, 1, 0)","(1, 1, 0, 6)",preco_medio_lag1+pct_pais_France_lag1+pct_genero_M_lag1,9.85958505298252,0.29853923541393357
log,"(2, 1, 0)","(1, 1, 0, 6)",preco_medio_lag1+pct_pais_Germany_lag1+pct_pais_United Kingdom_lag1,9.85958505298252,0.25083773969293494
log,"(2, 1, 0)","(1, 1, 0, 6)",preco_medio_lag1+pct_pais_Germany_lag1+pct_pais_United States_lag1,9.85958505298252,0.24891606681119316
log,"(2, 1, 0)","(1, 1, 0, 6)",preco_medio_lag1+pct_pais_Germany_lag1+pct_genero_M_lag1,9.85958505298252,0.26630238511990606
log,"(2, 1, 0)","(1, 1, 0, 6)",preco_medio_lag1+pct_pais_United Kingdom_lag1+pct_pais_United States_lag1,9.85958505298252,0.26570183264357145
log,"(2, 1, 0)","(1, 1, 0, 6)",preco_medio_lag1+pct_pais_United Kingdom_lag1+pct_genero_M_lag1,9.85958505298252,0.27246898674354153
log,"(2, 1, 0)","(1, 1, 0, 6)",preco_medio_lag1+pct_pais_United States_lag1+pct_genero_M_lag1,9.85958505298252,0.2673770224735531
log,"(2, 1, 0)","(1, 1, 0, 6)",custo_medio_lag1+idade_media_lag1+n_transacoes_lag1,9.85958505298252,0.2527110092671567
log,"(2, 1, 0)","(1, 1, 0, 6)",custo_medio_lag1+idade_media_lag1+pct_cat_Accessories_lag1,9.85958505298252,0.25160295937120325
log,"(2, 1, 0)","(1, 1, 0, 6)",custo_medio_lag1+idade_media_lag1+pct_cat_Bikes_lag1,9.85958505298252,0.25283700877527243
log,"(2, 1, 0)","(1, 1, 0, 6)",custo_medio_lag1+idade_media_lag1+pct_cat_Clothing_lag1,9.85958505298252,0.2706585276466042
log,"(2, 1, 0)","(1, 1, 0, 6)",custo_medio_lag1+idade_media_lag1+pct_pais_Australia_lag1,9.85958505298252,0.35309657285527424
log,"(2, 1, 0)","(1, 1, 0, 6)",custo_medio_lag1+idade_media_lag1+pct_pais_Canada_lag1,9.85958505298252,0.23479072995672814
log,"(2, 1, 0)","(1, 1, 0, 6)",custo_medio_lag1+idade_media_lag1+pct_pais_France_lag1,9.85958505298252,0.28170405537584214
log,"(2, 1, 0)","(1, 1, 0, 6)",custo_medio_lag1+idade_media_lag1+pct_pais_Germany_lag1,9.85958505298252,0.25875723967751224
log,"(2, 1, 0)","(1, 1, 0, 6)",custo_medio_lag1+idade_media_lag1+pct_pais_United Kingdom_lag1,9.85958505298252,0.29031282562463323
log,"(2, 1, 0)","(1, 1, 0, 6)",custo_medio_lag1+idade_media_lag1+pct_pais_United States_lag1,9.85958505298252,0.24361000084890028
log,"(2, 1, 0)","(1, 1, 0, 6)",custo_medio_lag1+idade_media_lag1+pct_genero_M_lag1,9.85958505298252,0.255734698261281
log,"(2, 1, 0)","(1, 1, 0, 6)",custo_medio_lag1+n_transacoes_lag1+pct_cat_Accessories_lag1,9.85958505298252,0.305339860857021
log,"(2, 1, 0)","(1, 1, 0, 6)",custo_medio_lag1+n_transacoes_lag1+pct_cat_Bikes_lag1,9.85958505298252,0.3087136297875552
log,"(2, 1, 0)","(1, 1, 0, 6)",custo_medio_lag1+n_transacoes_lag1+pct_cat_Clothing_lag1,9.85958505298252,0.3232679318418175
log,"(2, 1, 0)","(1, 1, 0, 6)",custo_medio_lag1+n_transacoes_lag1+pct_pais_Australia_lag1,9.85958505298252,0.29246102673169033
log,"(2, 1, 0)","(1, 1, 0, 6)",custo_medio_lag1+n_transacoes_lag1+pct_pais_Canada_lag1,9.85958505298252,0.2656776507275605
log,"(2, 1, 0)","(1, 1, 0, 6)",custo_medio_lag1+n_transacoes_lag1+pct_pais_France_lag1,9.85958505298252,0.2623474191033854
log,"(2, 1, 0)","(1, 1, 0, 6)",custo_medio_lag1+n_transacoes_lag1+pct_pais_Germany_lag1,9.85958505298252,0.2532025676578189
log,"(2, 1, 0)","(1, 1, 0, 6)",custo_medio_lag1+n_transacoes_lag1+pct_pais_United Kingdom_lag1,9.85958505298252,0.2813117912247826
log,"(2, 1, 0)","(1, 1, 0, 6)",custo_medio_lag1+n_transacoes_lag1+pct_pais_United States_lag1,9.85958505298252,0.2774838222735824
log,"(2, 1, 0)","(1, 1, 0, 6)",custo_medio_lag1+n_transacoes_lag1+pct_genero_M_lag1,9.85958505298252,0.3021904407774604
log,"(2, 1, 0)","(1, 1, 0, 6)",custo_medio_lag1+pct_cat_Accessories_lag1+pct_cat_Bikes_lag1,9.85958505298252,0.37252438351228995
log,"(2, 1, 0)","(1, 1, 0, 6)",custo_medio_lag1+pct_cat_Accessories_lag1+pct_cat_Clothing_lag1,9.85958505298252,0.37269389236481043
log,"(2, 1, 0)","(1, 1, 0, 6)",custo_medio_lag1+pct_cat_Accessories_lag1+pct_pais_Australia_lag1,9.85958505298252,0.27547779600510697
log,"(2, 1, 0)","(1, 1, 0, 6)",custo_medio_lag1+pct_cat_Accessories_lag1+pct_pais_Canada_lag1,9.85958505298252,0.26703008785089793
log,"(2, 1, 0)","(1, 1, 0, 6)",custo_medio_lag1+pct_cat_Accessories_lag1+pct_pais_France_lag1,9.85958505298252,0.29847191465928563
log,"(2, 1, 0)","(1, 1, 0, 6)",custo_medio_lag1+pct_cat_Accessories_lag1+pct_pais_Germany_lag1,9.85958505298252,0.25130099232444436
log,"(2, 1, 0)","(1, 1, 0, 6)",custo_medio_lag1+pct_cat_Accessories_lag1+pct_pais_United Kingdom_lag1,9.85958505298252,0.2791028085486748
log,"(2, 1, 0)","(1, 1, 0, 6)",custo_medio_lag1+pct_cat_Accessories_lag1+pct_pais_United States_lag1,9.85958505298252,0.27203622539380184
log,"(2, 1, 0)","(1, 1, 0, 6)",custo_medio_lag1+pct_cat_Accessories_lag1+pct_genero_M_lag1,9.85958505298252,0.2803266469401093
log,"(2, 1, 0)","(1, 1, 0, 6)",custo_medio_lag1+pct_cat_Bikes_lag1+pct_cat_Clothing_lag1,9.85958505298252,0.3726614662152998
log,"(2, 1, 0)","(1, 1, 0, 6)",custo_medio_lag1+pct_cat_Bikes_lag1+pct_pais_Australia_lag1,9.85958505298252,0.2788300065003446
log,"(2, 1, 0)","(1, 1, 0, 6)",custo_medio_lag1+pct_cat_Bikes_lag1+pct_pais_Canada_lag1,9.85958505298252,0.26790729756771725
log,"(2, 1, 0)","(1, 1, 0, 6)",custo_medio_lag1+pct_cat_Bikes_lag1+pct_pais_France_lag1,9.85958505298252,0.4155927775786285
log,"(2, 1, 0)","(1, 1, 0, 6)",custo_medio_lag1+pct_cat_Bikes_lag1+pct_pais_Germany_lag1,9.85958505298252,0.2528127875358902
log,"(2, 1, 0)","(1, 1, 0, 6)",custo_medio_lag1+pct_cat_Bikes_lag1+pct_pais_United Kingdom_lag1,9.85958505298252,0.2789369602159502
log,"(2, 1, 0)","(1, 1, 0, 6)",custo_medio_lag1+pct_cat_Bikes_lag1+pct_pais_United States_lag1,9.85958505298252,0.2711018852773658
log,"(2, 1, 0)","(1, 1, 0, 6)",custo_medio_lag1+pct_cat_Bikes_lag1+pct_genero_M_lag1,9.85958505298252,0.27833332680175527
log,"(2, 1, 0)","(1, 1, 0, 6)",custo_medio_lag1+pct_cat_Clothing_lag1+pct_pais_Australia_lag1,9.85958505298252,0.29484023481950056
log,"(2, 1, 0)","(1, 1, 0, 6)",custo_medio_lag1+pct_cat_Clothing_lag1+pct_pais_Canada_lag1,9.85958505298252,0.27501512416136326
log,"(2, 1, 0)","(1, 1, 0, 6)",custo_medio_lag1+pct_cat_Clothing_lag1+pct_pais_France_lag1,9.85958505298252,0.3049689709959676
log,"(2, 1, 0)","(1, 1, 0, 6)",custo_medio_lag1+pct_cat_Clothing_lag1+pct_pais_Germany_lag1,9.85958505298252,0.2721015219865928
log,"(2, 1, 0)","(1, 1, 0, 6)",custo_medio_lag1+pct_cat_Clothing_lag1+pct_pais_United Kingdom_lag1,9.85958505298252,0.2835451679036596
log,"(2, 1, 0)","(1, 1, 0, 6)",custo_medio_lag1+pct_cat_Clothing_lag1+pct_pais_United States_lag1,9.85958505298252,0.2712058761727046
log,"(2, 1, 0)","(1, 1, 0, 6)",custo_medio_lag1+pct_cat_Clothing_lag1+pct_genero_M_lag1,9.85958505298252,0.2861228375618046
log,"(2, 1, 0)","(1, 1, 0, 6)",custo_medio_lag1+pct_pais_Australia_lag1+pct_pais_Canada_lag1,9.85958505298252,0.31683742652520136
log,"(2, 1, 0)","(1, 1, 0, 6)",custo_medio_lag1+pct_pais_Australia_lag1+pct_pais_France_lag1,9.85958505298252,0.366979376212661
log,"(2, 1, 0)","(1, 1, 0, 6)",custo_medio_lag1+pct_pais_Australia_lag1+pct_pais_Germany_lag1,9.85958505298252,0.2841298956472977
log,"(2, 1, 0)","(1, 1, 0, 6)",custo_medio_lag1+pct_pais_Australia_lag1+pct_pais_United Kingdom_lag1,9.85958505298252,0.29962984414593063
log,"(2, 1, 0)","(1, 1, 0, 6)",custo_medio_lag1+pct_pais_Australia_lag1+pct_pais_United States_lag1,9.85958505298252,0.2941372412891676
log,"(2, 1, 0)","(1, 1, 0, 6)",custo_medio_lag1+pct_pais_Australia_lag1+pct_genero_M_lag1,9.85958505298252,0.30535745517599
log,"(2, 1, 0)","(1, 1, 0, 6)",custo_medio_lag1+pct_pais_Canada_lag1+pct_pais_France_lag1,9.85958505298252,0.289069302299299
log,"(2, 1, 0)","(1, 1, 0, 6)",custo_medio_lag1+pct_pais_Canada_lag1+pct_pais_Germany_lag1,9.85958505298252,0.23331712032133142
log,"(2, 1, 0)","(1, 1, 0, 6)",custo_medio_lag1+pct_pais_Canada_lag1+pct_pais_United Kingdom_lag1,9.85958505298252,0.2661584506023677
log,"(2, 1, 0)","(1, 1, 0, 6)",custo_medio_lag1+pct_pais_Canada_lag1+pct_pais_United States_lag1,9.85958505298252,0.26874525586754705
log,"(2, 1, 0)","(1, 1, 0, 6)",custo_medio_lag1+pct_pais_Canada_lag1+pct_genero_M_lag1,9.85958505298252,0.2717289372224614
log,"(2, 1, 0)","(1, 1, 0, 6)",custo_medio_lag1+pct_pais_France_lag1+pct_pais_Germany_lag1,9.85958505298252,0.3270818193435368
log,"(2, 1, 0)","(1, 1, 0, 6)",custo_medio_lag1+pct_pais_France_lag1+pct_pais_United Kingdom_lag1,9.85958505298252,0.3148498866540334
log,"(2, 1, 0)","(1, 1, 0, 6)",custo_medio_lag1+pct_pais_France_lag1+pct_pais_United States_lag1,9.85958505298252,0.31201287596251764
log,"(2, 1, 0)","(1, 1, 0, 6)",custo_medio_lag1+pct_pais_France_lag1+pct_genero_M_lag1,9.85958505298252,0.3008116925288251
log,"(2, 1, 0)","(1, 1, 0, 6)",custo_medio_lag1+pct_pais_Germany_lag1+pct_pais_United Kingdom_lag1,9.85958505298252,0.24916652994267574
log,"(2, 1, 0)","(1, 1, 0, 6)",custo_medio_lag1+pct_pais_Germany_lag1+pct_pais_United States_lag1,9.85958505298252,0.24688050480464108
log,"(2, 1, 0)","(1, 1, 0, 6)",custo_medio_lag1+pct_pais_Germany_lag1+pct_genero_M_lag1,9.85958505298252,0.26317598870803527
log,"(2, 1, 0)","(1, 1, 0, 6)",custo_medio_lag1+pct_pais_United Kingdom_lag1+pct_pais_United States_lag1,9.85958505298252,0.27050620451238466
log,"(2, 1, 0)","(1, 1, 0, 6)",custo_medio_lag1+pct_pais_United Kingdom_lag1+pct_genero_M_lag1,9.85958505298252,0.27343389950439373
log,"(2, 1, 0)","(1, 1, 0, 6)",custo_medio_lag1+pct_pais_United States_lag1+pct_genero_M_lag1,9.85958505298252,0.2700891983815065
log,"(2, 1, 0)","(1, 1, 0, 6)",idade_media_lag1+n_transacoes_lag1+pct_cat_Accessories_lag1,9.85958505298252,0.2631357025892814
log,"(2, 1, 0)","(1, 1, 0, 6)",idade_media_lag1+n_transacoes_lag1+pct_cat_Bikes_lag1,9.85958505298252,0.26328738367669535
log,"(2, 1, 0)","(1, 1, 0, 6)",idade_media_lag1+n_transacoes_lag1+pct_cat_Clothing_lag1,9.85958505298252,0.26423896396558516
log,"(2, 1, 0)","(1, 1, 0, 6)",idade_media_lag1+n_transacoes_lag1+pct_pais_Australia_lag1,9.85958505298252,0.31124929660952855
log,"(2, 1, 0)","(1, 1, 0, 6)",idade_media_lag1+n_transacoes_lag1+pct_pais_Canada_lag1,9.85958505298252,0.21711272641907764
log,"(2, 1, 0)","(1, 1, 0, 6)",idade_media_lag1+n_transacoes_lag1+pct_pais_France_lag1,9.85958505298252,0.2146253731899229
log,"(2, 1, 0)","(1, 1, 0, 6)",idade_media_lag1+n_transacoes_lag1+pct_pais_Germany_lag1,9.85958505298252,0.23994898937740725
log,"(2, 1, 0)","(1, 1, 0, 6)",idade_media_lag1+n_transacoes_lag1+pct_pais_United Kingdom_lag1,9.85958505298252,0.2895040268687624
log,"(2, 1, 0)","(1, 1, 0, 6)",idade_media_lag1+n_transacoes_lag1+pct_pais_United States_lag1,9.85958505298252,0.23309007328327488
log,"(2, 1, 0)","(1, 1, 0, 6)",idade_media_lag1+n_transacoes_lag1+pct_genero_M_lag1,9.85958505298252,0.28503042842298837
log,"(2, 1, 0)","(1, 1, 0, 6)",idade_media_lag1+pct_cat_Accessories_lag1+pct_cat_Bikes_lag1,9.85958505298252,0.3834688715444581
log,"(2, 1, 0)","(1, 1, 0, 6)",idade_media_lag1+pct_cat_Accessories_lag1+pct_cat_Clothing_lag1,9.85958505298252,0.3820665334177966
log,"(2, 1, 0)","(1, 1, 0, 6)",idade_media_lag1+pct_cat_Accessories_lag1+pct_pais_Australia_lag1,9.85958505298252,0.3187443548884828
log,"(2, 1, 0)","(1, 1, 0, 6)",idade_media_lag1+pct_cat_Accessories_lag1+pct_pais_Canada_lag1,9.85958505298252,0.2691301325066727
log,"(2, 1, 0)","(1, 1, 0, 6)",idade_media_lag1+pct_cat_Accessories_lag1+pct_pais_France_lag1,9.85958505298252,0.26662870973336283
log,"(2, 1, 0)","(1, 1, 0, 6)",idade_media_lag1+pct_cat_Accessories_lag1+pct_pais_Germany_lag1,9.85958505298252,0.26023719121551747
log,"(2, 1, 0)","(1, 1, 0, 6)",idade_media_lag1+pct_cat_Accessories_lag1+pct_pais_United Kingdom_lag1,9.85958505298252,0.25704940367587775
log,"(2, 1, 0)","(1, 1, 0, 6)",idade_media_lag1+pct_cat_Accessories_lag1+pct_pais_United States_lag1,9.85958505298252,0.2721238863288142
log,"(2, 1, 0)","(1, 1, 0, 6)",idade_media_lag1+pct_cat_Accessories_lag1+pct_genero_M_lag1,9.85958505298252,0.27781143103480216
log,"(2, 1, 0)","(1, 1, 0, 6)",idade_media_lag1+pct_cat_Bikes_lag1+pct_cat_Clothing_lag1,9.85958505298252,0.38186894714625247
log,"(2, 1, 0)","(1, 1, 0, 6)",idade_media_lag1+pct_cat_Bikes_lag1+pct_pais_Australia_lag1,9.85958505298252,0.3150689301534889
log,"(2, 1, 0)","(1, 1, 0, 6)",idade_media_lag1+pct_cat_Bikes_lag1+pct_pais_Canada_lag1,9.85958505298252,0.2668856614767136
log,"(2, 1, 0)","(1, 1, 0, 6)",idade_media_lag1+pct_cat_Bikes_lag1+pct_pais_France_lag1,9.85958505298252,0.26397999155311275
log,"(2, 1, 0)","(1, 1, 0, 6)",idade_media_lag1+pct_cat_Bikes_lag1+pct_pais_Germany_lag1,9.85958505298252,0.2572443165941307
log,"(2, 1, 0)","(1, 1, 0, 6)",idade_media_lag1+pct_cat_Bikes_lag1+pct_pais_United Kingdom_lag1,9.85958505298252,0.2550592228714922
log,"(2, 1, 0)","(1, 1, 0, 6)",idade_media_lag1+pct_cat_Bikes_lag1+pct_pais_United States_lag1,9.85958505298252,0.270040980953746
log,"(2, 1, 0)","(1, 1, 0, 6)",idade_media_lag1+pct_cat_Bikes_lag1+pct_genero_M_lag1,9.85958505298252,0.27560286554254104
log,"(2, 1, 0)","(1, 1, 0, 6)",idade_media_lag1+pct_cat_Clothing_lag1+pct_pais_Australia_lag1,9.85958505298252,0.3005161795034404
log,"(2, 1, 0)","(1, 1, 0, 6)",idade_media_lag1+pct_cat_Clothing_lag1+pct_pais_Canada_lag1,9.85958505298252,0.25763874356932087
log,"(2, 1, 0)","(1, 1, 0, 6)",idade_media_lag1+pct_cat_Clothing_lag1+pct_pais_France_lag1,9.85958505298252,0.2538063910093577
log,"(2, 1, 0)","(1, 1, 0, 6)",idade_media_lag1+pct_cat_Clothing_lag1+pct_pais_Germany_lag1,9.85958505298252,0.24847772238937837
log,"(2, 1, 0)","(1, 1, 0, 6)",idade_media_lag1+pct_cat_Clothing_lag1+pct_pais_United Kingdom_lag1,9.85958505298252,0.2471276486838562
log,"(2, 1, 0)","(1, 1, 0, 6)",idade_media_lag1+pct_cat_Clothing_lag1+pct_pais_United States_lag1,9.85958505298252,0.2620148154059367
log,"(2, 1, 0)","(1, 1, 0, 6)",idade_media_lag1+pct_cat_Clothing_lag1+pct_genero_M_lag1,9.85958505298252,0.2665115283739509
log,"(2, 1, 0)","(1, 1, 0, 6)",idade_media_lag1+pct_pais_Australia_lag1+pct_pais_Canada_lag1,9.85958505298252,0.4123532800161054
log,"(2, 1, 0)","(1, 1, 0, 6)",idade_media_lag1+pct_pais_Australia_lag1+pct_pais_France_lag1,9.85958505298252,0.3862452956520281
log,"(2, 1, 0)","(1, 1, 0, 6)",idade_media_lag1+pct_pais_Australia_lag1+pct_pais_Germany_lag1,9.85958505298252,0.3821314229299115
log,"(2, 1, 0)","(1, 1, 0, 6)",idade_media_lag1+pct_pais_Australia_lag1+pct_pais_United Kingdom_lag1,9.85958505298252,0.38670178244773523
log,"(2, 1, 0)","(1, 1, 0, 6)",idade_media_lag1+pct_pais_Australia_lag1+pct_pais_United States_lag1,9.85958505298252,0.3816480374746121
log,"(2, 1, 0)","(1, 1, 0, 6)",idade_media_lag1+pct_pais_Australia_lag1+pct_genero_M_lag1,9.85958505298252,0.40600816985134375
log,"(2, 1, 0)","(1, 1, 0, 6)",idade_media_lag1+pct_pais_Canada_lag1+pct_pais_France_lag1,9.85958505298252,0.2414730358844515
log,"(2, 1, 0)","(1, 1, 0, 6)",idade_media_lag1+pct_pais_Canada_lag1+pct_pais_Germany_lag1,9.85958505298252,0.23983272958367172
log,"(2, 1, 0)","(1, 1, 0, 6)",idade_media_lag1+pct_pais_Canada_lag1+pct_pais_United Kingdom_lag1,9.85958505298252,0.24709489842218435
log,"(2, 1, 0)","(1, 1, 0, 6)",idade_media_lag1+pct_pais_Canada_lag1+pct_pais_United States_lag1,9.85958505298252,0.2468260882013913
log,"(2, 1, 0)","(1, 1, 0, 6)",idade_media_lag1+pct_pais_Canada_lag1+pct_genero_M_lag1,9.85958505298252,0.23887453444505347
log,"(2, 1, 0)","(1, 1, 0, 6)",idade_media_lag1+pct_pais_France_lag1+pct_pais_Germany_lag1,9.85958505298252,0.3583016788928326
log,"(2, 1, 0)","(1, 1, 0, 6)",idade_media_lag1+pct_pais_France_lag1+pct_pais_United Kingdom_lag1,9.85958505298252,0.25030783738781076
log,"(2, 1, 0)","(1, 1, 0, 6)",idade_media_lag1+pct_pais_France_lag1+pct_pais_United States_lag1,9.85958505298252,0.24351507424948923
log,"(2, 1, 0)","(1, 1, 0, 6)",idade_media_lag1+pct_pais_France_lag1+pct_genero_M_lag1,9.85958505298252,0.2540699210355109
log,"(2, 1, 0)","(1, 1, 0, 6)",idade_media_lag1+pct_pais_Germany_lag1+pct_pais_United Kingdom_lag1,9.85958505298252,0.25352694496280287
log,"(2, 1, 0)","(1, 1, 0, 6)",idade_media_lag1+pct_pais_Germany_lag1+pct_pais_United States_lag1,9.85958505298252,0.2519246412213063
log,"(2, 1, 0)","(1, 1, 0, 6)",idade_media_lag1+pct_pais_Germany_lag1+pct_genero_M_lag1,9.85958505298252,0.2500796788332247
log,"(2, 1, 0)","(1, 1, 0, 6)",idade_media_lag1+pct_pais_United Kingdom_lag1+pct_pais_United States_lag1,9.85958505298252,0.2882775282178496
log,"(2, 1, 0)","(1, 1, 0, 6)",idade_media_lag1+pct_pais_United Kingdom_lag1+pct_genero_M_lag1,9.85958505298252,0.2737336913548611
log,"(2, 1, 0)","(1, 1, 0, 6)",idade_media_lag1+pct_pais_United States_lag1+pct_genero_M_lag1,9.85958505298252,0.2625312136384627
log,"(2, 1, 0)","(1, 1, 0, 6)",n_transacoes_lag1+pct_cat_Accessories_lag1+pct_cat_Bikes_lag1,9.85958505298252,0.37907603975980225
log,"(2, 1, 0)","(1, 1, 0, 6)",n_transacoes_lag1+pct_cat_Accessories_lag1+pct_cat_Clothing_lag1,9.85958505298252,0.3791841428161888
log,"(2, 1, 0)","(1, 1, 0, 6)",n_transacoes_lag1+pct_cat_Accessories_lag1+pct_pais_Australia_lag1,9.85958505298252,0.27574150404987324
log,"(2, 1, 0)","(1, 1, 0, 6)",n_transacoes_lag1+pct_cat_Accessories_lag1+pct_pais_Canada_lag1,9.85958505298252,0.2528737787366389
log,"(2, 1, 0)","(1, 1, 0, 6)",n_transacoes_lag1+pct_cat_Accessories_lag1+pct_pais_France_lag1,9.85958505298252,0.2698202337395597
log,"(2, 1, 0)","(1, 1, 0, 6)",n_transacoes_lag1+pct_cat_Accessories_lag1+pct_pais_Germany_lag1,9.85958505298252,0.22893658438027364
log,"(2, 1, 0)","(1, 1, 0, 6)",n_transacoes_lag1+pct_cat_Accessories_lag1+pct_pais_United Kingdom_lag1,9.85958505298252,0.2759597720323781
log,"(2, 1, 0)","(1, 1, 0, 6)",n_transacoes_lag1+pct_cat_Accessories_lag1+pct_pais_United States_lag1,9.85958505298252,0.2701859434385351
log,"(2, 1, 0)","(1, 1, 0, 6)",n_transacoes_lag1+pct_cat_Accessories_lag1+pct_genero_M_lag1,9.85958505298252,0.30370930945931834
log,"(2, 1, 0)","(1, 1, 0, 6)",n_transacoes_lag1+pct_cat_Bikes_lag1+pct_cat_Clothing_lag1,9.85958505298252,0.3791554845770004
log,"(2, 1, 0)","(1, 1, 0, 6)",n_transacoes_lag1+pct_cat_Bikes_lag1+pct_pais_Australia_lag1,9.85958505298252,0.27461796521200293
log,"(2, 1, 0)","(1, 1, 0, 6)",n_transacoes_lag1+pct_cat_Bikes_lag1+pct_pais_Canada_lag1,9.85958505298252,0.25066891292826715
log,"(2, 1, 0)","(1, 1, 0, 6)",n_transacoes_lag1+pct_cat_Bikes_lag1+pct_pais_France_lag1,9.85958505298252,0.2710069710734648
log,"(2, 1, 0)","(1, 1, 0, 6)",n_transacoes_lag1+pct_cat_Bikes_lag1+pct_pais_Germany_lag1,9.85958505298252,0.22694452762436468
log,"(2, 1, 0)","(1, 1, 0, 6)",n_transacoes_lag1+pct_cat_Bikes_lag1+pct_pais_United Kingdom_lag1,9.85958505298252,0.2751364841065213
log,"(2, 1, 0)","(1, 1, 0, 6)",n_transacoes_lag1+pct_cat_Bikes_lag1+pct_pais_United States_lag1,9.85958505298252,0.27016897247494825
log,"(2, 1, 0)","(1, 1, 0, 6)",n_transacoes_lag1+pct_cat_Bikes_lag1+pct_genero_M_lag1,9.85958505298252,0.3030205887096033
log,"(2, 1, 0)","(1, 1, 0, 6)",n_transacoes_lag1+pct_cat_Clothing_lag1+pct_pais_Australia_lag1,9.85958505298252,0.2737463131239933
log,"(2, 1, 0)","(1, 1, 0, 6)",n_transacoes_lag1+pct_cat_Clothing_lag1+pct_pais_Canada_lag1,9.85958505298252,0.24561732612878595
log,"(2, 1, 0)","(1, 1, 0, 6)",n_transacoes_lag1+pct_cat_Clothing_lag1+pct_pais_France_lag1,9.85958505298252,0.2773038605171729
log,"(2, 1, 0)","(1, 1, 0, 6)",n_transacoes_lag1+pct_cat_Clothing_lag1+pct_pais_Germany_lag1,9.85958505298252,0.21921056406749284
log,"(2, 1, 0)","(1, 1, 0, 6)",n_transacoes_lag1+pct_cat_Clothing_lag1+pct_pais_United Kingdom_lag1,9.85958505298252,0.2727085054721201
log,"(2, 1, 0)","(1, 1, 0, 6)",n_transacoes_lag1+pct_cat_Clothing_lag1+pct_pais_United States_lag1,9.85958505298252,0.2704338995408304
log,"(2, 1, 0)","(1, 1, 0, 6)",n_transacoes_lag1+pct_cat_Clothing_lag1+pct_genero_M_lag1,9.85958505298252,0.30089983673304777
log,"(2, 1, 0)","(1, 1, 0, 6)",n_transacoes_lag1+pct_pais_Australia_lag1+pct_pais_Canada_lag1,9.85958505298252,0.23501983664367634
log,"(2, 1, 0)","(1, 1, 0, 6)",n_transacoes_lag1+pct_pais_Australia_lag1+pct_pais_France_lag1,9.85958505298252,0.25281701709353155
log,"(2, 1, 0)","(1, 1, 0, 6)",n_transacoes_lag1+pct_pais_Australia_lag1+pct_pais_Germany_lag1,9.85958505298252,0.24208264142376754
log,"(2, 1, 0)","(1, 1, 0, 6)",n_transacoes_lag1+pct_pais_Australia_lag1+pct_pais_United Kingdom_lag1,9.85958505298252,0.2522255498687454
log,"(2, 1, 0)","(1, 1, 0, 6)",n_transacoes_lag1+pct_pais_Australia_lag1+pct_pais_United States_lag1,9.85958505298252,0.24702492949033714
log,"(2, 1, 0)","(1, 1, 0, 6)",n_transacoes_lag1+pct_pais_Australia_lag1+pct_genero_M_lag1,9.85958505298252,0.279139493974686
log,"(2, 1, 0)","(1, 1, 0, 6)",n_transacoes_lag1+pct_pais_Canada_lag1+pct_pais_France_lag1,9.85958505298252,0.2309875332385919
log,"(2, 1, 0)","(1, 1, 0, 6)",n_transacoes_lag1+pct_pais_Canada_lag1+pct_pais_Germany_lag1,9.85958505298252,0.19686330160212248
log,"(2, 1, 0)","(1, 1, 0, 6)",n_transacoes_lag1+pct_pais_Canada_lag1+pct_pais_United Kingdom_lag1,9.85958505298252,0.2528211806469041
log,"(2, 1, 0)","(1, 1, 0, 6)",n_transacoes_lag1+pct_pais_Canada_lag1+pct_pais_United States_lag1,9.85958505298252,0.22911323548448492
log,"(2, 1, 0)","(1, 1, 0, 6)",n_transacoes_lag1+pct_pais_Canada_lag1+pct_genero_M_lag1,9.85958505298252,0.27546681525070965
log,"(2, 1, 0)","(1, 1, 0, 6)",n_transacoes_lag1+pct_pais_France_lag1+pct_pais_Germany_lag1,9.85958505298252,0.3031054478050225
log,"(2, 1, 0)","(1, 1, 0, 6)",n_transacoes_lag1+pct_pais_France_lag1+pct_pais_United Kingdom_lag1,9.85958505298252,0.28473741909472633
log,"(2, 1, 0)","(1, 1, 0, 6)",n_transacoes_lag1+pct_pais_France_lag1+pct_pais_United States_lag1,9.85958505298252,0.2397124344381131
log,"(2, 1, 0)","(1, 1, 0, 6)",n_transacoes_lag1+pct_pais_France_lag1+pct_genero_M_lag1,9.85958505298252,0.27045631141986143
log,"(2, 1, 0)","(1, 1, 0, 6)",n_transacoes_lag1+pct_pais_Germany_lag1+pct_pais_United Kingdom_lag1,9.85958505298252,0.22953839256659267
log,"(2, 1, 0)","(1, 1, 0, 6)",n_transacoes_lag1+pct_pais_Germany_lag1+pct_pais_United States_lag1,9.85958505298252,0.21477147254372317
log,"(2, 1, 0)","(1, 1, 0, 6)",n_transacoes_lag1+pct_pais_Germany_lag1+pct_genero_M_lag1,9.85958505298252,0.25182011878208205
log,"(2, 1, 0)","(1, 1, 0, 6)",n_transacoes_lag1+pct_pais_United Kingdom_lag1+pct_pais_United States_lag1,9.85958505298252,0.2716696326110447
log,"(2, 1, 0)","(1, 1, 0, 6)",n_transacoes_lag1+pct_pais_United Kingdom_lag1+pct_genero_M_lag1,9.85958505298252,0.30771904936624056
log,"(2, 1, 0)","(1, 1, 0, 6)",n_transacoes_lag1+pct_pais_United States_lag1+pct_genero_M_lag1,9.85958505298252,0.2856019723118996
log,"(2, 1, 0)","(1, 1, 0, 6)",pct_cat_Accessories_lag1+pct_cat_Bikes_lag1+pct_pais_Australia_lag1,9.85958505298252,0.3536517612634193
log,"(2, 1, 0)","(1, 1, 0, 6)",pct_cat_Accessories_lag1+pct_cat_Bikes_lag1+pct_pais_Canada_lag1,9.85958505298252,0.34889652216068184
log,"(2, 1, 0)","(1, 1, 0, 6)",pct_cat_Accessories_lag1+pct_cat_Bikes_lag1+pct_pais_France_lag1,9.85958505298252,0.4650952272544063
log,"(2, 1, 0)","(1, 1, 0, 6)",pct_cat_Accessories_lag1+pct_cat_Bikes_lag1+pct_pais_Germany_lag1,9.85958505298252,0.3049591683571912
log,"(2, 1, 0)","(1, 1, 0, 6)",pct_cat_Accessories_lag1+pct_cat_Bikes_lag1+pct_pais_United Kingdom_lag1,9.85958505298252,0.36485969412876
log,"(2, 1, 0)","(1, 1, 0, 6)",pct_cat_Accessories_lag1+pct_cat_Bikes_lag1+pct_pais_United States_lag1,9.85958505298252,0.37080256685909413
log,"(2, 1, 0)","(1, 1, 0, 6)",pct_cat_Accessories_lag1+pct_cat_Bikes_lag1+pct_genero_M_lag1,9.85958505298252,0.3798938059363026
log,"(2, 1, 0)","(1, 1, 0, 6)",pct_cat_Accessories_lag1+pct_cat_Clothing_lag1+pct_pais_Australia_lag1,9.85958505298252,0.35257552731769287
log,"(2, 1, 0)","(1, 1, 0, 6)",pct_cat_Accessories_lag1+pct_cat_Clothing_lag1+pct_pais_Canada_lag1,9.85958505298252,0.34917596931410017
log,"(2, 1, 0)","(1, 1, 0, 6)",pct_cat_Accessories_lag1+pct_cat_Clothing_lag1+pct_pais_France_lag1,9.85958505298252,0.4639719603753813
log,"(2, 1, 0)","(1, 1, 0, 6)",pct_cat_Accessories_lag1+pct_cat_Clothing_lag1+pct_pais_Germany_lag1,9.85958505298252,0.3053422982257777
log,"(2, 1, 0)","(1, 1, 0, 6)",pct_cat_Accessories_lag1+pct_cat_Clothing_lag1+pct_pais_United Kingdom_lag1,9.85958505298252,0.36516668751582815
log,"(2, 1, 0)","(1, 1, 0, 6)",pct_cat_Accessories_lag1+pct_cat_Clothing_lag1+pct_pais_United States_lag1,9.85958505298252,0.3709626026395019
log,"(2, 1, 0)","(1, 1, 0, 6)",pct_cat_Accessories_lag1+pct_cat_Clothing_lag1+pct_genero_M_lag1,9.85958505298252,0.38000218579523765
log,"(2, 1, 0)","(1, 1, 0, 6)",pct_cat_Accessories_lag1+pct_pais_Australia_lag1+pct_pais_Canada_lag1,9.85958505298252,0.29279740899285833
log,"(2, 1, 0)","(1, 1, 0, 6)",pct_cat_Accessories_lag1+pct_pais_Australia_lag1+pct_pais_France_lag1,9.85958505298252,0.33370696503499303
log,"(2, 1, 0)","(1, 1, 0, 6)",pct_cat_Accessories_lag1+pct_pais_Australia_lag1+pct_pais_Germany_lag1,9.85958505298252,0.3055059969210423
log,"(2, 1, 0)","(1, 1, 0, 6)",pct_cat_Accessories_lag1+pct_pais_Australia_lag1+pct_pais_United Kingdom_lag1,9.85958505298252,0.2842788152531851
log,"(2, 1, 0)","(1, 1, 0, 6)",pct_cat_Accessories_lag1+pct_pais_Australia_lag1+pct_pais_United States_lag1,9.85958505298252,0.2747138487164878
log,"(2, 1, 0)","(1, 1, 0, 6)",pct_cat_Accessories_lag1+pct_pais_Australia_lag1+pct_genero_M_lag1,9.85958505298252,0.29260323466463667
log,"(2, 1, 0)","(1, 1, 0, 6)",pct_cat_Accessories_lag1+pct_pais_Canada_lag1+pct_pais_France_lag1,9.85958505298252,0.3026664902050195
log,"(2, 1, 0)","(1, 1, 0, 6)",pct_cat_Accessories_lag1+pct_pais_Canada_lag1+pct_pais_Germany_lag1,9.85958505298252,0.2329954709584301
log,"(2, 1, 0)","(1, 1, 0, 6)",pct_cat_Accessories_lag1+pct_pais_Canada_lag1+pct_pais_United Kingdom_lag1,9.85958505298252,0.28337178199855106
log,"(2, 1, 0)","(1, 1, 0, 6)",pct_cat_Accessories_lag1+pct_pais_Canada_lag1+pct_pais_United States_lag1,9.85958505298252,0.2810834583367758
log,"(2, 1, 0)","(1, 1, 0, 6)",pct_cat_Accessories_lag1+pct_pais_Canada_lag1+pct_genero_M_lag1,9.85958505298252,0.29898380954944015
log,"(2, 1, 0)","(1, 1, 0, 6)",pct_cat_Accessories_lag1+pct_pais_France_lag1+pct_pais_Germany_lag1,9.85958505298252,0.3080314937119302
log,"(2, 1, 0)","(1, 1, 0, 6)",pct_cat_Accessories_lag1+pct_pais_France_lag1+pct_pais_United Kingdom_lag1,9.85958505298252,0.30294024431195593
log,"(2, 1, 0)","(1, 1, 0, 6)",pct_cat_Accessories_lag1+pct_pais_France_lag1+pct_pais_United States_lag1,9.85958505298252,0.2958905024036578
log,"(2, 1, 0)","(1, 1, 0, 6)",pct_cat_Accessories_lag1+pct_pais_France_lag1+pct_genero_M_lag1,9.85958505298252,0.30421634061640673
log,"(2, 1, 0)","(1, 1, 0, 6)",pct_cat_Accessories_lag1+pct_pais_Germany_lag1+pct_pais_United Kingdom_lag1,9.85958505298252,0.24312203335676263
log,"(2, 1, 0)","(1, 1, 0, 6)",pct_cat_Accessories_lag1+pct_pais_Germany_lag1+pct_pais_United States_lag1,9.85958505298252,0.24603905489867764
log,"(2, 1, 0)","(1, 1, 0, 6)",pct_cat_Accessories_lag1+pct_pais_Germany_lag1+pct_genero_M_lag1,9.85958505298252,0.24722042914871087
log,"(2, 1, 0)","(1, 1, 0, 6)",pct_cat_Accessories_lag1+pct_pais_United Kingdom_lag1+pct_pais_United States_lag1,9.85958505298252,0.27343656187270293
log,"(2, 1, 0)","(1, 1, 0, 6)",pct_cat_Accessories_lag1+pct_pais_United Kingdom_lag1+pct_genero_M_lag1,9.85958505298252,0.2840873524946917
log,"(2, 1, 0)","(1, 1, 0, 6)",pct_cat_Accessories_lag1+pct_pais_United States_lag1+pct_genero_M_lag1,9.85958505298252,0.2762295549143704
log,"(2, 1, 0)","(1, 1, 0, 6)",pct_cat_Bikes_lag1+pct_cat_Clothing_lag1+pct_pais_Australia_lag1,9.85958505298252,0.3527075028280942
log,"(2, 1, 0)","(1, 1, 0, 6)",pct_cat_Bikes_lag1+pct_cat_Clothing_lag1+pct_pais_Canada_lag1,9.85958505298252,0.3492261239026435
log,"(2, 1, 0)","(1, 1, 0, 6)",pct_cat_Bikes_lag1+pct_cat_Clothing_lag1+pct_pais_France_lag1,9.85958505298252,0.46370665005084827
log,"(2, 1, 0)","(1, 1, 0, 6)",pct_cat_Bikes_lag1+pct_cat_Clothing_lag1+pct_pais_Germany_lag1,9.85958505298252,0.3053938921959491
log,"(2, 1, 0)","(1, 1, 0, 6)",pct_cat_Bikes_lag1+pct_cat_Clothing_lag1+pct_pais_United Kingdom_lag1,9.85958505298252,0.3652467863900866
log,"(2, 1, 0)","(1, 1, 0, 6)",pct_cat_Bikes_lag1+pct_cat_Clothing_lag1+pct_pais_United States_lag1,9.85958505298252,0.3709862723810316
log,"(2, 1, 0)","(1, 1, 0, 6)",pct_cat_Bikes_lag1+pct_cat_Clothing_lag1+pct_genero_M_lag1,9.85958505298252,0.38014096748334963
log,"(2, 1, 0)","(1, 1, 0, 6)",pct_cat_Bikes_lag1+pct_pais_Australia_lag1+pct_pais_Canada_lag1,9.85958505298252,0.2926770245062739
log,"(2, 1, 0)","(1, 1, 0, 6)",pct_cat_Bikes_lag1+pct_pais_Australia_lag1+pct_pais_France_lag1,9.85958505298252,0.3329735123038534
log,"(2, 1, 0)","(1, 1, 0, 6)",pct_cat_Bikes_lag1+pct_pais_Australia_lag1+pct_pais_Germany_lag1,9.85958505298252,0.3044872355259387
log,"(2, 1, 0)","(1, 1, 0, 6)",pct_cat_Bikes_lag1+pct_pais_Australia_lag1+pct_pais_United Kingdom_lag1,9.85958505298252,0.28372686132693253
log,"(2, 1, 0)","(1, 1, 0, 6)",pct_cat_Bikes_lag1+pct_pais_Australia_lag1+pct_pais_United States_lag1,9.85958505298252,0.2741052576910261
log,"(2, 1, 0)","(1, 1, 0, 6)",pct_cat_Bikes_lag1+pct_pais_Australia_lag1+pct_genero_M_lag1,9.85958505298252,0.2927298277337174
log,"(2, 1, 0)","(1, 1, 0, 6)",pct_cat_Bikes_lag1+pct_pais_Canada_lag1+pct_pais_France_lag1,9.85958505298252,0.3009597751016983
log,"(2, 1, 0)","(1, 1, 0, 6)",pct_cat_Bikes_lag1+pct_pais_Canada_lag1+pct_pais_Germany_lag1,9.85958505298252,0.22980671931212796
log,"(2, 1, 0)","(1, 1, 0, 6)",pct_cat_Bikes_lag1+pct_pais_Canada_lag1+pct_pais_United Kingdom_lag1,9.85958505298252,0.2798542826455384
log,"(2, 1, 0)","(1, 1, 0, 6)",pct_cat_Bikes_lag1+pct_pais_Canada_lag1+pct_pais_United States_lag1,9.85958505298252,0.27839826656155925
log,"(2, 1, 0)","(1, 1, 0, 6)",pct_cat_Bikes_lag1+pct_pais_Canada_lag1+pct_genero_M_lag1,9.85958505298252,0.29504710241374577
log,"(2, 1, 0)","(1, 1, 0, 6)",pct_cat_Bikes_lag1+pct_pais_France_lag1+pct_pais_Germany_lag1,9.85958505298252,0.3059346919478105
log,"(2, 1, 0)","(1, 1, 0, 6)",pct_cat_Bikes_lag1+pct_pais_France_lag1+pct_pais_United Kingdom_lag1,9.85958505298252,0.3012314724146082
log,"(2, 1, 0)","(1, 1, 0, 6)",pct_cat_Bikes_lag1+pct_pais_France_lag1+pct_pais_United States_lag1,9.85958505298252,0.2903205111612526
log,"(2, 1, 0)","(1, 1, 0, 6)",pct_cat_Bikes_lag1+pct_pais_France_lag1+pct_genero_M_lag1,9.85958505298252,0.30260920993733437
log,"(2, 1, 0)","(1, 1, 0, 6)",pct_cat_Bikes_lag1+pct_pais_Germany_lag1+pct_pais_United Kingdom_lag1,9.85958505298252,0.24273144416851164
log,"(2, 1, 0)","(1, 1, 0, 6)",pct_cat_Bikes_lag1+pct_pais_Germany_lag1+pct_pais_United States_lag1,9.85958505298252,0.24494815776010784
log,"(2, 1, 0)","(1, 1, 0, 6)",pct_cat_Bikes_lag1+pct_pais_Germany_lag1+pct_genero_M_lag1,9.85958505298252,0.24555090283241218
log,"(2, 1, 0)","(1, 1, 0, 6)",pct_cat_Bikes_lag1+pct_pais_United Kingdom_lag1+pct_pais_United States_lag1,9.85958505298252,0.2709250108177164
log,"(2, 1, 0)","(1, 1, 0, 6)",pct_cat_Bikes_lag1+pct_pais_United Kingdom_lag1+pct_genero_M_lag1,9.85958505298252,0.2808776701420274
log,"(2, 1, 0)","(1, 1, 0, 6)",pct_cat_Bikes_lag1+pct_pais_United States_lag1+pct_genero_M_lag1,9.85958505298252,0.27351786475779777
log,"(2, 1, 0)","(1, 1, 0, 6)",pct_cat_Clothing_lag1+pct_pais_Australia_lag1+pct_pais_Canada_lag1,9.85958505298252,0.2901579825290035
log,"(2, 1, 0)","(1, 1, 0, 6)",pct_cat_Clothing_lag1+pct_pais_Australia_lag1+pct_pais_France_lag1,9.85958505298252,0.33846535048822624
log,"(2, 1, 0)","(1, 1, 0, 6)",pct_cat_Clothing_lag1+pct_pais_Australia_lag1+pct_pais_Germany_lag1,9.85958505298252,0.28360973735847933
log,"(2, 1, 0)","(1, 1, 0, 6)",pct_cat_Clothing_lag1+pct_pais_Australia_lag1+pct_pais_United Kingdom_lag1,9.85958505298252,0.28063282263771416
log,"(2, 1, 0)","(1, 1, 0, 6)",pct_cat_Clothing_lag1+pct_pais_Australia_lag1+pct_pais_United States_lag1,9.85958505298252,0.2705427403467518
log,"(2, 1, 0)","(1, 1, 0, 6)",pct_cat_Clothing_lag1+pct_pais_Australia_lag1+pct_genero_M_lag1,9.85958505298252,0.2915972364986602
log,"(2, 1, 0)","(1, 1, 0, 6)",pct_cat_Clothing_lag1+pct_pais_Canada_lag1+pct_pais_France_lag1,9.85958505298252,0.2943857978178192
log,"(2, 1, 0)","(1, 1, 0, 6)",pct_cat_Clothing_lag1+pct_pais_Canada_lag1+pct_pais_Germany_lag1,9.85958505298252,0.2245024170061448
log,"(2, 1, 0)","(1, 1, 0, 6)",pct_cat_Clothing_lag1+pct_pais_Canada_lag1+pct_pais_United Kingdom_lag1,9.85958505298252,0.26600625164498315
log,"(2, 1, 0)","(1, 1, 0, 6)",pct_cat_Clothing_lag1+pct_pais_Canada_lag1+pct_pais_United States_lag1,9.85958505298252,0.2689952669731015
log,"(2, 1, 0)","(1, 1, 0, 6)",pct_cat_Clothing_lag1+pct_pais_Canada_lag1+pct_genero_M_lag1,9.85958505298252,0.2790898324784809
log,"(2, 1, 0)","(1, 1, 0, 6)",pct_cat_Clothing_lag1+pct_pais_France_lag1+pct_pais_Germany_lag1,9.85958505298252,0.2961060046962222
log,"(2, 1, 0)","(1, 1, 0, 6)",pct_cat_Clothing_lag1+pct_pais_France_lag1+pct_pais_United Kingdom_lag1,9.85958505298252,0.29476769897336424
log,"(2, 1, 0)","(1, 1, 0, 6)",pct_cat_Clothing_lag1+pct_pais_France_lag1+pct_pais_United States_lag1,9.85958505298252,0.2705955125051258
log,"(2, 1, 0)","(1, 1, 0, 6)",pct_cat_Clothing_lag1+pct_pais_France_lag1+pct_genero_M_lag1,9.85958505298252,0.29688809707100877
log,"(2, 1, 0)","(1, 1, 0, 6)",pct_cat_Clothing_lag1+pct_pais_Germany_lag1+pct_pais_United Kingdom_lag1,9.85958505298252,0.24245208332973078
log,"(2, 1, 0)","(1, 1, 0, 6)",pct_cat_Clothing_lag1+pct_pais_Germany_lag1+pct_pais_United States_lag1,9.85958505298252,0.2410328035182736
log,"(2, 1, 0)","(1, 1, 0, 6)",pct_cat_Clothing_lag1+pct_pais_Germany_lag1+pct_genero_M_lag1,9.85958505298252,0.2390704774439104
log,"(2, 1, 0)","(1, 1, 0, 6)",pct_cat_Clothing_lag1+pct_pais_United Kingdom_lag1+pct_pais_United States_lag1,9.85958505298252,0.26134008700588135
log,"(2, 1, 0)","(1, 1, 0, 6)",pct_cat_Clothing_lag1+pct_pais_United Kingdom_lag1+pct_genero_M_lag1,9.85958505298252,0.2683075785830958
log,"(2, 1, 0)","(1, 1, 0, 6)",pct_cat_Clothing_lag1+pct_pais_United States_lag1+pct_genero_M_lag1,9.85958505298252,0.26304107060762627
log,"(2, 1, 0)","(1, 1, 0, 6)",pct_pais_Australia_lag1+pct_pais_Canada_lag1+pct_pais_France_lag1,9.85958505298252,0.3173194533866143
log,"(2, 1, 0)","(1, 1, 0, 6)",pct_pais_Australia_lag1+pct_pais_Canada_lag1+pct_pais_Germany_lag1,9.85958505298252,0.2788746012788323
log,"(2, 1, 0)","(1, 1, 0, 6)",pct_pais_Australia_lag1+pct_pais_Canada_lag1+pct_pais_United Kingdom_lag1,9.85958505298252,0.3046811495910117
log,"(2, 1, 0)","(1, 1, 0, 6)",pct_pais_Australia_lag1+pct_pais_Canada_lag1+pct_pais_United States_lag1,9.85958505298252,0.29418160038409463
log,"(2, 1, 0)","(1, 1, 0, 6)",pct_pais_Australia_lag1+pct_pais_Canada_lag1+pct_genero_M_lag1,9.85958505298252,0.2957811948128457
log,"(2, 1, 0)","(1, 1, 0, 6)",pct_pais_Australia_lag1+pct_pais_France_lag1+pct_pais_Germany_lag1,9.85958505298252,0.37992708587803503
log,"(2, 1, 0)","(1, 1, 0, 6)",pct_pais_Australia_lag1+pct_pais_France_lag1+pct_pais_United Kingdom_lag1,9.85958505298252,0.33169612218251815
log,"(2, 1, 0)","(1, 1, 0, 6)",pct_pais_Australia_lag1+pct_pais_France_lag1+pct_pais_United States_lag1,9.85958505298252,0.3275955765648522
log,"(2, 1, 0)","(1, 1, 0, 6)",pct_pais_Australia_lag1+pct_pais_France_lag1+pct_genero_M_lag1,9.85958505298252,0.3237657267646332
log,"(2, 1, 0)","(1, 1, 0, 6)",pct_pais_Australia_lag1+pct_pais_Germany_lag1+pct_pais_United Kingdom_lag1,9.85958505298252,0.3108047583766867
log,"(2, 1, 0)","(1, 1, 0, 6)",pct_pais_Australia_lag1+pct_pais_Germany_lag1+pct_pais_United States_lag1,9.85958505298252,0.27284327585225937
log,"(2, 1, 0)","(1, 1, 0, 6)",pct_pais_Australia_lag1+pct_pais_Germany_lag1+pct_genero_M_lag1,9.85958505298252,0.29841221938289036
log,"(2, 1, 0)","(1, 1, 0, 6)",pct_pais_Australia_lag1+pct_pais_United Kingdom_lag1+pct_pais_United States_lag1,9.85958505298252,0.29422056083615006
log,"(2, 1, 0)","(1, 1, 0, 6)",pct_pais_Australia_lag1+pct_pais_United Kingdom_lag1+pct_genero_M_lag1,9.85958505298252,0.32417861243888085
log,"(2, 1, 0)","(1, 1, 0, 6)",pct_pais_Australia_lag1+pct_pais_United States_lag1+pct_genero_M_lag1,9.85958505298252,0.28767508692690363
log,"(2, 1, 0)","(1, 1, 0, 6)",pct_pais_Canada_lag1+pct_pais_France_lag1+pct_pais_Germany_lag1,9.85958505298252,0.31364097047567907
log,"(2, 1, 0)","(1, 1, 0, 6)",pct_pais_Canada_lag1+pct_pais_France_lag1+pct_pais_United Kingdom_lag1,9.85958505298252,0.2939443044339978
log,"(2, 1, 0)","(1, 1, 0, 6)",pct_pais_Canada_lag1+pct_pais_France_lag1+pct_pais_United States_lag1,9.85958505298252,0.27840537872936405
log,"(2, 1, 0)","(1, 1, 0, 6)",pct_pais_Canada_lag1+pct_pais_France_lag1+pct_genero_M_lag1,9.85958505298252,0.2928573268216547
log,"(2, 1, 0)","(1, 1, 0, 6)",pct_pais_Canada_lag1+pct_pais_Germany_lag1+pct_pais_United Kingdom_lag1,9.85958505298252,0.2396763981380838
log,"(2, 1, 0)","(1, 1, 0, 6)",pct_pais_Canada_lag1+pct_pais_Germany_lag1+pct_pais_United States_lag1,9.85958505298252,0.2446018329789692
log,"(2, 1, 0)","(1, 1, 0, 6)",pct_pais_Canada_lag1+pct_pais_Germany_lag1+pct_genero_M_lag1,9.85958505298252,0.2481049946542306
log,"(2, 1, 0)","(1, 1, 0, 6)",pct_pais_Canada_lag1+pct_pais_United Kingdom_lag1+pct_pais_United States_lag1,9.85958505298252,0.27860301364960244
log,"(2, 1, 0)","(1, 1, 0, 6)",pct_pais_Canada_lag1+pct_pais_United Kingdom_lag1+pct_genero_M_lag1,9.85958505298252,0.28343653920876893
log,"(2, 1, 0)","(1, 1, 0, 6)",pct_pais_Canada_lag1+pct_pais_United States_lag1+pct_genero_M_lag1,9.85958505298252,0.29111597501733627
log,"(2, 1, 0)","(1, 1, 0, 6)",pct_pais_France_lag1+pct_pais_Germany_lag1+pct_pais_United Kingdom_lag1,9.85958505298252,0.3360924244826727
log,"(2, 1, 0)","(1, 1, 0, 6)",pct_pais_France_lag1+pct_pais_Germany_lag1+pct_pais_United States_lag1,9.85958505298252,0.3050502566924112
log,"(2, 1, 0)","(1, 1, 0, 6)",pct_pais_France_lag1+pct_pais_Germany_lag1+pct_genero_M_lag1,9.85958505298252,0.3178263889365707
log,"(2, 1, 0)","(1, 1, 0, 6)",pct_pais_France_lag1+pct_pais_United Kingdom_lag1+pct_pais_United States_lag1,9.85958505298252,0.2991981897328235
log,"(2, 1, 0)","(1, 1, 0, 6)",pct_pais_France_lag1+pct_pais_United Kingdom_lag1+pct_genero_M_lag1,9.85958505298252,0.3442115205609338
log,"(2, 1, 0)","(1, 1, 0, 6)",pct_pais_France_lag1+pct_pais_United States_lag1+pct_genero_M_lag1,9.85958505298252,0.2897522594193401
log,"(2, 1, 0)","(1, 1, 0, 6)",pct_pais_Germany_lag1+pct_pais_United Kingdom_lag1+pct_pais_United States_lag1,9.85958505298252,0.2360390789069937
log,"(2, 1, 0)","(1, 1, 0, 6)",pct_pais_Germany_lag1+pct_pais_United Kingdom_lag1+pct_genero_M_lag1,9.85958505298252,0.29593947287725164
log,"(2, 1, 0)","(1, 1, 0, 6)",pct_pais_Germany_lag1+pct_pais_United States_lag1+pct_genero_M_lag1,9.85958505298252,0.23913230861095855
log,"(2, 1, 0)","(1, 1, 0, 6)",pct_pais_United Kingdom_lag1+pct_pais_United States_lag1+pct_genero_M_lag1,9.85958505298252,0.2801862264621286
log,"(0, 1, 2)","(0, 1, 0, 12)",calendario+preco_medio_lag1+custo_medio_lag1,-4.6308288654522105,0.27057122225447583
log,"(0, 1, 2)","(0, 1, 0, 12)",calendario+preco_medio_lag1+idade_media_lag1,-4.6308288654522105,0.29420195396747956
log,"(0, 1, 2)","(0, 1, 0, 12)",calendario+preco_medio_lag1+n_transacoes_lag1,-4.6308288654522105,0.25570154354455843
log,"(0, 1, 2)","(0, 1, 0, 12)",calendario+preco_medio_lag1+pct_cat_Accessories_lag1,-4.6308288654522105,0.3036894958741044
log,"(0, 1, 2)","(0, 1, 0, 12)",calendario+preco_medio_lag1+pct_cat_Bikes_lag1,-4.6308288654522105,0.2892707626426303
log,"(0, 1, 2)","(0, 1, 0, 12)",calendario+preco_medio_lag1+pct_cat_Clothing_lag1,-4.6308288654522105,0.299834964582171
log,"(0, 1, 2)","(0, 1, 0, 12)",calendario+preco_medio_lag1+pct_pais_Australia_lag1,-4.6308288654522105,0.3100660395568576
log,"(0, 1, 2)","(0, 1, 0, 12)",calendario+preco_medio_lag1+pct_pais_Canada_lag1,-4.6308288654522105,0.2645373934333105
log,"(0, 1, 2)","(0, 1, 0, 12)",calendario+preco_medio_lag1+pct_pais_France_lag1,-4.6308288654522105,0.31569992829456694
log,"(0, 1, 2)","(0, 1, 0, 12)",calendario+preco_medio_lag1+pct_pais_Germany_lag1,-4.6308288654522105,0.25881576649330856
log,"(0, 1, 2)","(0, 1, 0, 12)",calendario+preco_medio_lag1+pct_pais_United Kingdom_lag1,-4.6308288654522105,0.2791550487452197
log,"(0, 1, 2)","(0, 1, 0, 12)",calendario+preco_medio_lag1+pct_pais_United States_lag1,-4.6308288654522105,0.3009653058024137
log,"(0, 1, 2)","(0, 1, 0, 12)",calendario+preco_medio_lag1+pct_genero_M_lag1,-4.6308288654522105,0.2587467537983319
log,"(0, 1, 2)","(0, 1, 0, 12)",calendario+custo_medio_lag1+idade_media_lag1,-4.6308288654522105,0.2939690974173633
log,"(0, 1, 2)","(0, 1, 0, 12)",calendario+custo_medio_lag1+n_transacoes_lag1,-4.6308288654522105,0.2516588926720509
log,"(0, 1, 2)","(0, 1, 0, 12)",calendario+custo_medio_lag1+pct_cat_Accessories_lag1,-4.6308288654522105,0.30263584561905005
log,"(0, 1, 2)","(0, 1, 0, 12)",calendario+custo_medio_lag1+pct_cat_Bikes_lag1,-4.6308288654522105,0.29645238331611534
log,"(0, 1, 2)","(0, 1, 0, 12)",calendario+custo_medio_lag1+pct_cat_Clothing_lag1,-4.6308288654522105,0.30353504269068904
log,"(0, 1, 2)","(0, 1, 0, 12)",calendario+custo_medio_lag1+pct_pais_Australia_lag1,-4.6308288654522105,0.3103935156232492
log,"(0, 1, 2)","(0, 1, 0, 12)",calendario+custo_medio_lag1+pct_pais_Canada_lag1,-4.6308288654522105,0.2602764595009643
log,"(0, 1, 2)","(0, 1, 0, 12)",calendario+custo_medio_lag1+pct_pais_France_lag1,-4.6308288654522105,0.3084924956266961
log,"(0, 1, 2)","(0, 1, 0, 12)",calendario+custo_medio_lag1+pct_pais_Germany_lag1,-4.6308288654522105,0.25734039472096765
log,"(0, 1, 2)","(0, 1, 0, 12)",calendario+custo_medio_lag1+pct_pais_United Kingdom_lag1,-4.6308288654522105,0.28734814839577527
log,"(0, 1, 2)","(0, 1, 0, 12)",calendario+custo_medio_lag1+pct_pais_United States_lag1,-4.6308288654522105,0.3006613966043281
log,"(0, 1, 2)","(0, 1, 0, 12)",calendario+custo_medio_lag1+pct_genero_M_lag1,-4.6308288654522105,0.2588233263696146
log,"(0, 1, 2)","(0, 1, 0, 12)",calendario+idade_media_lag1+n_transacoes_lag1,-4.6308288654522105,0.2915200774980014
log,"(0, 1, 2)","(0, 1, 0, 12)",calendario+idade_media_lag1+pct_cat_Accessories_lag1,-4.6308288654522105,0.3135132800336211
log,"(0, 1, 2)","(0, 1, 0, 12)",calendario+idade_media_lag1+pct_cat_Bikes_lag1,-4.6308288654522105,0.30616935457897215
log,"(0, 1, 2)","(0, 1, 0, 12)",calendario+idade_media_lag1+pct_cat_Clothing_lag1,-4.6308288654522105,0.296005950452749
log,"(0, 1, 2)","(0, 1, 0, 12)",calendario+idade_media_lag1+pct_pais_Australia_lag1,-4.6308288654522105,0.37805686520781734
log,"(0, 1, 2)","(0, 1, 0, 12)",calendario+idade_media_lag1+pct_pais_Canada_lag1,-4.6308288654522105,0.30626312432657854
log,"(0, 1, 2)","(0, 1, 0, 12)",calendario+idade_media_lag1+pct_pais_France_lag1,-4.6308288654522105,0.3155768630216665
log,"(0, 1, 2)","(0, 1, 0, 12)",calendario+idade_media_lag1+pct_pais_Germany_lag1,-4.6308288654522105,0.2756565801531369
log,"(0, 1, 2)","(0, 1, 0, 12)",calendario+idade_media_lag1+pct_pais_United Kingdom_lag1,-4.6308288654522105,0.32195236553728385
log,"(0, 1, 2)","(0, 1, 0, 12)",calendario+idade_media_lag1+pct_pais_United States_lag1,-4.6308288654522105,0.3033545020749101
log,"(0, 1, 2)","(0, 1, 0, 12)",calendario+idade_media_lag1+pct_genero_M_lag1,-4.6308288654522105,0.3254400251582467
log,"(0, 1, 2)","(0, 1, 0, 12)",calendario+n_transacoes_lag1+pct_cat_Accessories_lag1,-4.6308288654522105,0.32088099897993017
log,"(0, 1, 2)","(0, 1, 0, 12)",calendario+n_transacoes_lag1+pct_cat_Bikes_lag1,-4.6308288654522105,0.298784069481127
log,"(0, 1, 2)","(0, 1, 0, 12)",calendario+n_transacoes_lag1+pct_cat_Clothing_lag1,-4.6308288654522105,0.2793706946399284
log,"(0, 1, 2)","(0, 1, 0, 12)",calendario+n_transacoes_lag1+pct_pais_Australia_lag1,-4.6308288654522105,0.28820286467154516
log,"(0, 1, 2)","(0, 1, 0, 12)",calendario+n_transacoes_lag1+pct_pais_Canada_lag1,-4.6308288654522105,0.26780586746067797
log,"(0, 1, 2)","(0, 1, 0, 12)",calendario+n_transacoes_lag1+pct_pais_France_lag1,-4.6308288654522105,0.2733018700277608
log,"(0, 1, 2)","(0, 1, 0, 12)",calendario+n_transacoes_lag1+pct_pais_Germany_lag1,-4.6308288654522105,0.23706204256477936
log,"(0, 1, 2)","(0, 1, 0, 12)",calendario+n_transacoes_lag1+pct_pais_United Kingdom_lag1,-4.6308288654522105,0.3554532712922063
log,"(0, 1, 2)","(0, 1, 0, 12)",calendario+n_transacoes_lag1+pct_pais_United States_lag1,-4.6308288654522105,0.2720713810991102
log,"(0, 1, 2)","(0, 1, 0, 12)",calendario+n_transacoes_lag1+pct_genero_M_lag1,-4.6308288654522105,0.4054226334456383
log,"(0, 1, 2)","(0, 1, 0, 12)",calendario+pct_cat_Accessories_lag1+pct_cat_Bikes_lag1,-4.6308288654522105,0.41507006504697935
log,"(0, 1, 2)","(0, 1, 0, 12)",calendario+pct_cat_Accessories_lag1+pct_cat_Clothing_lag1,-4.6308288654522105,0.41589654258371916
log,"(0, 1, 2)","(0, 1, 0, 12)",calendario+pct_cat_Accessories_lag1+pct_pais_Australia_lag1,-4.6308288654522105,0.3329406450801882
log,"(0, 1, 2)","(0, 1, 0, 12)",calendario+pct_cat_Accessories_lag1+pct_pais_Canada_lag1,-4.6308288654522105,0.3562650330816999
log,"(0, 1, 2)","(0, 1, 0, 12)",calendario+pct_cat_Accessories_lag1+pct_pais_France_lag1,-4.6308288654522105,0.3567892580432342
log,"(0, 1, 2)","(0, 1, 0, 12)",calendario+pct_cat_Accessories_lag1+pct_pais_Germany_lag1,-4.6308288654522105,0.22430228127135135
log,"(0, 1, 2)","(0, 1, 0, 12)",calendario+pct_cat_Accessories_lag1+pct_pais_United Kingdom_lag1,-4.6308288654522105,0.30091479642879504
log,"(0, 1, 2)","(0, 1, 0, 12)",calendario+pct_cat_Accessories_lag1+pct_pais_United States_lag1,-4.6308288654522105,0.33960251257703217
log,"(0, 1, 2)","(0, 1, 0, 12)",calendario+pct_cat_Accessories_lag1+pct_genero_M_lag1,-4.6308288654522105,0.34591619744955143
log,"(0, 1, 2)","(0, 1, 0, 12)",calendario+pct_cat_Bikes_lag1+pct_cat_Clothing_lag1,-4.6308288654522105,0.415992220551956
log,"(0, 1, 2)","(0, 1, 0, 12)",calendario+pct_cat_Bikes_lag1+pct_pais_Australia_lag1,-4.6308288654522105,0.32716317429256675
log,"(0, 1, 2)","(0, 1, 0, 12)",calendario+pct_cat_Bikes_lag1+pct_pais_Canada_lag1,-4.6308288654522105,0.3503791946564525
log,"(0, 1, 2)","(0, 1, 0, 12)",calendario+pct_cat_Bikes_lag1+pct_pais_France_lag1,-4.6308288654522105,0.35733188666344246
log,"(0, 1, 2)","(0, 1, 0, 12)",calendario+pct_cat_Bikes_lag1+pct_pais_Germany_lag1,-4.6308288654522105,0.22207759493981585
log,"(0, 1, 2)","(0, 1, 0, 12)",calendario+pct_cat_Bikes_lag1+pct_pais_United Kingdom_lag1,-4.6308288654522105,0.3014136656766346
log,"(0, 1, 2)","(0, 1, 0, 12)",calendario+pct_cat_Bikes_lag1+pct_pais_United States_lag1,-4.6308288654522105,0.33331131298416466
log,"(0, 1, 2)","(0, 1, 0, 12)",calendario+pct_cat_Bikes_lag1+pct_genero_M_lag1,-4.6308288654522105,0.34502840187690126
log,"(0, 1, 2)","(0, 1, 0, 12)",calendario+pct_cat_Clothing_lag1+pct_pais_Australia_lag1,-4.6308288654522105,0.30428324039717547
log,"(0, 1, 2)","(0, 1, 0, 12)",calendario+pct_cat_Clothing_lag1+pct_pais_Canada_lag1,-4.6308288654522105,0.33395199092442135
log,"(0, 1, 2)","(0, 1, 0, 12)",calendario+pct_cat_Clothing_lag1+pct_pais_France_lag1,-4.6308288654522105,0.3597789514722294
log,"(0, 1, 2)","(0, 1, 0, 12)",calendario+pct_cat_Clothing_lag1+pct_pais_Germany_lag1,-4.6308288654522105,0.21804439092116182
log,"(0, 1, 2)","(0, 1, 0, 12)",calendario+pct_cat_Clothing_lag1+pct_pais_United Kingdom_lag1,-4.6308288654522105,0.30334895746922924
log,"(0, 1, 2)","(0, 1, 0, 12)",calendario+pct_cat_Clothing_lag1+pct_pais_United States_lag1,-4.6308288654522105,0.30547199865525104
log,"(0, 1, 2)","(0, 1, 0, 12)",calendario+pct_cat_Clothing_lag1+pct_genero_M_lag1,-4.6308288654522105,0.34528519392876644
log,"(0, 1, 2)","(0, 1, 0, 12)",calendario+pct_pais_Australia_lag1+pct_pais_Canada_lag1,-4.6308288654522105,0.36055014170807526
log,"(0, 1, 2)","(0, 1, 0, 12)",calendario+pct_pais_Australia_lag1+pct_pais_France_lag1,-4.6308288654522105,0.44358366692185364
log,"(0, 1, 2)","(0, 1, 0, 12)",calendario+pct_pais_Australia_lag1+pct_pais_Germany_lag1,-4.6308288654522105,0.3006324566663534
log,"(0, 1, 2)","(0, 1, 0, 12)",calendario+pct_pais_Australia_lag1+pct_pais_United Kingdom_lag1,-4.6308288654522105,0.35398690174935626
log,"(0, 1, 2)","(0, 1, 0, 12)",calendario+pct_pais_Australia_lag1+pct_pais_United States_lag1,-4.6308288654522105,0.335920789404629
log,"(0, 1, 2)","(0, 1, 0, 12)",calendario+pct_pais_Australia_lag1+pct_genero_M_lag1,-4.6308288654522105,0.33178727891679616
log,"(0, 1, 2)","(0, 1, 0, 12)",calendario+pct_pais_Canada_lag1+pct_pais_France_lag1,-4.6308288654522105,0.31275742483202423
log,"(0, 1, 2)","(0, 1, 0, 12)",calendario+pct_pais_Canada_lag1+pct_pais_Germany_lag1,-4.6308288654522105,0.24555201341714797
log,"(0, 1, 2)","(0, 1, 0, 12)",calendario+pct_pais_Canada_lag1+pct_pais_United Kingdom_lag1,-4.6308288654522105,0.317114541373894
log,"(0, 1, 2)","(0, 1, 0, 12)",calendario+pct_pais_Canada_lag1+pct_pais_United States_lag1,-4.6308288654522105,0.30651699444567104
log,"(0, 1, 2)","(0, 1, 0, 12)",calendario+pct_pais_Canada_lag1+pct_genero_M_lag1,-4.6308288654522105,0.31890888274024204
log,"(0, 1, 2)","(0, 1, 0, 12)",calendario+pct_pais_France_lag1+pct_pais_Germany_lag1,-4.6308288654522105,0.41035789820984053
log,"(0, 1, 2)","(0, 1, 0, 12)",calendario+pct_pais_France_lag1+pct_pais_United Kingdom_lag1,-4.6308288654522105,0.34867355875004397
log,"(0, 1, 2)","(0, 1, 0, 12)",calendario+pct_pais_France_lag1+pct_pais_United States_lag1,-4.6308288654522105,0.34638873871724957
log,"(0, 1, 2)","(0, 1, 0, 12)",calendario+pct_pais_France_lag1+pct_genero_M_lag1,-4.6308288654522105,0.30531831708361606
log,"(0, 1, 2)","(0, 1, 0, 12)",calendario+pct_pais_Germany_lag1+pct_pais_United Kingdom_lag1,-4.6308288654522105,0.2652290505468558
log,"(0, 1, 2)","(0, 1, 0, 12)",calendario+pct_pais_Germany_lag1+pct_pais_United States_lag1,-4.6308288654522105,0.2598432139007116
log,"(0, 1, 2)","(0, 1, 0, 12)",calendario+pct_pais_Germany_lag1+pct_genero_M_lag1,-4.6308288654522105,0.2706699137336968
log,"(0, 1, 2)","(0, 1, 0, 12)",calendario+pct_pais_United Kingdom_lag1+pct_pais_United States_lag1,-4.6308288654522105,0.3448817930422286
log,"(0, 1, 2)","(0, 1, 0, 12)",calendario+pct_pais_United Kingdom_lag1+pct_genero_M_lag1,-4.6308288654522105,0.3039610609355255
log,"(0, 1, 2)","(0, 1, 0, 12)",calendario+pct_pais_United States_lag1+pct_genero_M_lag1,-4.6308288654522105,0.3383404183047407
log,"(0, 1, 2)","(0, 1, 0, 12)",preco_medio_lag1+custo_medio_lag1+idade_media_lag1,-4.6308288654522105,0.3095323218486728
log,"(0, 1, 2)","(0, 1, 0, 12)",preco_medio_lag1+custo_medio_lag1+n_transacoes_lag1,-4.6308288654522105,0.28775066150854184
log,"(0, 1, 2)","(0, 1, 0, 12)",preco_medio_lag1+custo_medio_lag1+pct_cat_Accessories_lag1,-4.6308288654522105,0.3197156626445263
log,"(0, 1, 2)","(0, 1, 0, 12)",preco_medio_lag1+custo_medio_lag1+pct_cat_Bikes_lag1,-4.6308288654522105,0.31911453130094763
log,"(0, 1, 2)","(0, 1, 0, 12)",preco_medio_lag1+custo_medio_lag1+pct_cat_Clothing_lag1,-4.6308288654522105,0.31328222854191323
log,"(0, 1, 2)","(0, 1, 0, 12)",preco_medio_lag1+custo_medio_lag1+pct_pais_Australia_lag1,-4.6308288654522105,0.3325046579193687
log,"(0, 1, 2)","(0, 1, 0, 12)",preco_medio_lag1+custo_medio_lag1+pct_pais_Canada_lag1,-4.6308288654522105,0.2598644782428016
log,"(0, 1, 2)","(0, 1, 0, 12)",preco_medio_lag1+custo_medio_lag1+pct_pais_France_lag1,-4.6308288654522105,0.3309092237895998
log,"(0, 1, 2)","(0, 1, 0, 12)",preco_medio_lag1+custo_medio_lag1+pct_pais_Germany_lag1,-4.6308288654522105,0.27280281944421253
log,"(0, 1, 2)","(0, 1, 0, 12)",preco_medio_lag1+custo_medio_lag1+pct_pais_United Kingdom_lag1,-4.6308288654522105,0.28093619718343327
log,"(0, 1, 2)","(0, 1, 0, 12)",preco_medio_lag1+custo_medio_lag1+pct_pais_United States_lag1,-4.6308288654522105,0.30070414888989433
log,"(0, 1, 2)","(0, 1, 0, 12)",preco_medio_lag1+custo_medio_lag1+pct_genero_M_lag1,-4.6308288654522105,0.2846231584498348
log,"(0, 1, 2)","(0, 1, 0, 12)",preco_medio_lag1+idade_media_lag1+n_transacoes_lag1,-4.6308288654522105,0.29113888075815664
log,"(0, 1, 2)","(0, 1, 0, 12)",preco_medio_lag1+idade_media_lag1+pct_cat_Accessories_lag1,-4.6308288654522105,0.3169484140847059
log,"(0, 1, 2)","(0, 1, 0, 12)",preco_medio_lag1+idade_media_lag1+pct_cat_Bikes_lag1,-4.6308288654522105,0.3135628718724974
log,"(0, 1, 2)","(0, 1, 0, 12)",preco_medio_lag1+idade_media_lag1+pct_cat_Clothing_lag1,-4.6308288654522105,0.3180344120418822
log,"(0, 1, 2)","(0, 1, 0, 12)",preco_medio_lag1+idade_media_lag1+pct_pais_Australia_lag1,-4.6308288654522105,0.3800939441049828
log,"(0, 1, 2)","(0, 1, 0, 12)",preco_medio_lag1+idade_media_lag1+pct_pais_Canada_lag1,-4.6308288654522105,0.2840874793139146
log,"(0, 1, 2)","(0, 1, 0, 12)",preco_medio_lag1+idade_media_lag1+pct_pais_France_lag1,-4.6308288654522105,0.4700532225839496
log,"(0, 1, 2)","(0, 1, 0, 12)",preco_medio_lag1+idade_media_lag1+pct_pais_Germany_lag1,-4.6308288654522105,0.31733798065430635
log,"(0, 1, 2)","(0, 1, 0, 12)",preco_medio_lag1+idade_media_lag1+pct_pais_United Kingdom_lag1,-4.6308288654522105,0.31547096677836317
log,"(0, 1, 2)","(0, 1, 0, 12)",preco_medio_lag1+idade_media_lag1+pct_pais_United States_lag1,-4.6308288654522105,0.33322321566437335
log,"(0, 1, 2)","(0, 1, 0, 12)",preco_medio_lag1+idade_media_lag1+pct_genero_M_lag1,-4.6308288654522105,0.26588218823469467
log,"(0, 1, 2)","(0, 1, 0, 12)",preco_medio_lag1+n_transacoes_lag1+pct_cat_Accessories_lag1,-4.6308288654522105,0.3930748035903137
log,"(0, 1, 2)","(0, 1, 0, 12)",preco_medio_lag1+n_transacoes_lag1+pct_cat_Bikes_lag1,-4.6308288654522105,0.376494853823002
log,"(0, 1, 2)","(0, 1, 0, 12)",preco_medio_lag1+n_transacoes_lag1+pct_cat_Clothing_lag1,-4.6308288654522105,0.3811137882052303
log,"(0, 1, 2)","(0, 1, 0, 12)",preco_medio_lag1+n_transacoes_lag1+pct_pais_Australia_lag1,-4.6308288654522105,0.31531146113708597
log,"(0, 1, 2)","(0, 1, 0, 12)",preco_medio_lag1+n_transacoes_lag1+pct_pais_Canada_lag1,-4.6308288654522105,0.2404910730121161
log,"(0, 1, 2)","(0, 1, 0, 12)",preco_medio_lag1+n_transacoes_lag1+pct_pais_France_lag1,-4.6308288654522105,0.2697642789980704
log,"(0, 1, 2)","(0, 1, 0, 12)",preco_medio_lag1+n_transacoes_lag1+pct_pais_Germany_lag1,-4.6308288654522105,0.2865761735694478
log,"(0, 1, 2)","(0, 1, 0, 12)",preco_medio_lag1+n_transacoes_lag1+pct_pais_United Kingdom_lag1,-4.6308288654522105,0.3588933738762918
log,"(0, 1, 2)","(0, 1, 0, 12)",preco_medio_lag1+n_transacoes_lag1+pct_pais_United States_lag1,-4.6308288654522105,0.28540138838868256
log,"(0, 1, 2)","(0, 1, 0, 12)",preco_medio_lag1+n_transacoes_lag1+pct_genero_M_lag1,-4.6308288654522105,0.38025323270180494
log,"(0, 1, 2)","(0, 1, 0, 12)",preco_medio_lag1+pct_cat_Accessories_lag1+pct_cat_Bikes_lag1,-4.6308288654522105,0.43639468503144974
log,"(0, 1, 2)","(0, 1, 0, 12)",preco_medio_lag1+pct_cat_Accessories_lag1+pct_cat_Clothing_lag1,-4.6308288654522105,0.44240630120613683
log,"(0, 1, 2)","(0, 1, 0, 12)",preco_medio_lag1+pct_cat_Accessories_lag1+pct_pais_Australia_lag1,-4.6308288654522105,0.3557842206126749
log,"(0, 1, 2)","(0, 1, 0, 12)",preco_medio_lag1+pct_cat_Accessories_lag1+pct_pais_Canada_lag1,-4.6308288654522105,0.28538689780806803
log,"(0, 1, 2)","(0, 1, 0, 12)",preco_medio_lag1+pct_cat_Accessories_lag1+pct_pais_France_lag1,-4.6308288654522105,0.35513467586176867
log,"(0, 1, 2)","(0, 1, 0, 12)",preco_medio_lag1+pct_cat_Accessories_lag1+pct_pais_Germany_lag1,-4.6308288654522105,0.2831239414933033
log,"(0, 1, 2)","(0, 1, 0, 12)",preco_medio_lag1+pct_cat_Accessories_lag1+pct_pais_United Kingdom_lag1,-4.6308288654522105,0.30761258727988805
log,"(0, 1, 2)","(0, 1, 0, 12)",preco_medio_lag1+pct_cat_Accessories_lag1+pct_pais_United States_lag1,-4.6308288654522105,0.3647035902384934
log,"(0, 1, 2)","(0, 1, 0, 12)",preco_medio_lag1+pct_cat_Accessories_lag1+pct_genero_M_lag1,-4.6308288654522105,0.2657299701265566
log,"(0, 1, 2)","(0, 1, 0, 12)",preco_medio_lag1+pct_cat_Bikes_lag1+pct_cat_Clothing_lag1,-4.6308288654522105,0.4423364297549017
log,"(0, 1, 2)","(0, 1, 0, 12)",preco_medio_lag1+pct_cat_Bikes_lag1+pct_pais_Australia_lag1,-4.6308288654522105,0.35335692165501253
log,"(0, 1, 2)","(0, 1, 0, 12)",preco_medio_lag1+pct_cat_Bikes_lag1+pct_pais_Canada_lag1,-4.6308288654522105,0.28304925050694824
log,"(0, 1, 2)","(0, 1, 0, 12)",preco_medio_lag1+pct_cat_Bikes_lag1+pct_pais_France_lag1,-4.6308288654522105,0.34876551851683546
log,"(0, 1, 2)","(0, 1, 0, 12)",preco_medio_lag1+pct_cat_Bikes_lag1+pct_pais_Germany_lag1,-4.6308288654522105,0.2834241305070844
log,"(0, 1, 2)","(0, 1, 0, 12)",preco_medio_lag1+pct_cat_Bikes_lag1+pct_pais_United Kingdom_lag1,-4.6308288654522105,0.30429386832786515
log,"(0, 1, 2)","(0, 1, 0, 12)",preco_medio_lag1+pct_cat_Bikes_lag1+pct_pais_United States_lag1,-4.6308288654522105,0.36184304566539865
log,"(0, 1, 2)","(0, 1, 0, 12)",preco_medio_lag1+pct_cat_Bikes_lag1+pct_genero_M_lag1,-4.6308288654522105,0.2689580230356617
log,"(0, 1, 2)","(0, 1, 0, 12)",preco_medio_lag1+pct_cat_Clothing_lag1+pct_pais_Australia_lag1,-4.6308288654522105,0.3559043460932989
log,"(0, 1, 2)","(0, 1, 0, 12)",preco_medio_lag1+pct_cat_Clothing_lag1+pct_pais_Canada_lag1,-4.6308288654522105,0.28017319646188427
log,"(0, 1, 2)","(0, 1, 0, 12)",preco_medio_lag1+pct_cat_Clothing_lag1+pct_pais_France_lag1,-4.6308288654522105,0.3383396333172987
log,"(0, 1, 2)","(0, 1, 0, 12)",preco_medio_lag1+pct_cat_Clothing_lag1+pct_pais_Germany_lag1,-4.6308288654522105,0.240356736935003
log,"(0, 1, 2)","(0, 1, 0, 12)",preco_medio_lag1+pct_cat_Clothing_lag1+pct_pais_United Kingdom_lag1,-4.6308288654522105,0.31485645108079846
log,"(0, 1, 2)","(0, 1, 0, 12)",preco_medio_lag1+pct_cat_Clothing_lag1+pct_pais_United States_lag1,-4.6308288654522105,0.34977540365221566
log,"(0, 1, 2)","(0, 1, 0, 12)",preco_medio_lag1+pct_cat_Clothing_lag1+pct_genero_M_lag1,-4.6308288654522105,0.28729129108650947
log,"(0, 1, 2)","(0, 1, 0, 12)",preco_medio_lag1+pct_pais_Australia_lag1+pct_pais_Canada_lag1,-4.6308288654522105,0.37476129801307306
log,"(0, 1, 2)","(0, 1, 0, 12)",preco_medio_lag1+pct_pais_Australia_lag1+pct_pais_France_lag1,-4.6308288654522105,0.5345916792501818
log,"(0, 1, 2)","(0, 1, 0, 12)",preco_medio_lag1+pct_pais_Australia_lag1+pct_pais_Germany_lag1,-4.6308288654522105,0.31937578680773215
log,"(0, 1, 2)","(0, 1, 0, 12)",preco_medio_lag1+pct_pais_Australia_lag1+pct_pais_United Kingdom_lag1,-4.6308288654522105,0.3161443951267516
log,"(0, 1, 2)","(0, 1, 0, 12)",preco_medio_lag1+pct_pais_Australia_lag1+pct_pais_United States_lag1,-4.6308288654522105,0.3200780005985726
log,"(0, 1, 2)","(0, 1, 0, 12)",preco_medio_lag1+pct_pais_Australia_lag1+pct_genero_M_lag1,-4.6308288654522105,0.27610621718681455
log,"(0, 1, 2)","(0, 1, 0, 12)",preco_medio_lag1+pct_pais_Canada_lag1+pct_pais_France_lag1,-4.6308288654522105,0.3029842574738457
log,"(0, 1, 2)","(0, 1, 0, 12)",preco_medio_lag1+pct_pais_Canada_lag1+pct_pais_Germany_lag1,-4.6308288654522105,0.2590147576568002
log,"(0, 1, 2)","(0, 1, 0, 12)",preco_medio_lag1+pct_pais_Canada_lag1+pct_pais_United Kingdom_lag1,-4.6308288654522105,0.2845945087104585
log,"(0, 1, 2)","(0, 1, 0, 12)",preco_medio_lag1+pct_pais_Canada_lag1+pct_pais_United States_lag1,-4.6308288654522105,0.2688832177706501
log,"(0, 1, 2)","(0, 1, 0, 12)",preco_medio_lag1+pct_pais_Canada_lag1+pct_genero_M_lag1,-4.6308288654522105,0.26841531857283196
log,"(0, 1, 2)","(0, 1, 0, 12)",preco_medio_lag1+pct_pais_France_lag1+pct_pais_Germany_lag1,-4.6308288654522105,0.4634305629155789
log,"(0, 1, 2)","(0, 1, 0, 12)",preco_medio_lag1+pct_pais_France_lag1+pct_pais_United Kingdom_lag1,-4.6308288654522105,0.361040260662905
log,"(0, 1, 2)","(0, 1, 0, 12)",preco_medio_lag1+pct_pais_France_lag1+pct_pais_United States_lag1,-4.6308288654522105,0.3986406275440131
log,"(0, 1, 2)","(0, 1, 0, 12)",preco_medio_lag1+pct_pais_France_lag1+pct_genero_M_lag1,-4.6308288654522105,0.25508765554889046
log,"(0, 1, 2)","(0, 1, 0, 12)",preco_medio_lag1+pct_pais_Germany_lag1+pct_pais_United Kingdom_lag1,-4.6308288654522105,0.3130796922341217
log,"(0, 1, 2)","(0, 1, 0, 12)",preco_medio_lag1+pct_pais_Germany_lag1+pct_pais_United States_lag1,-4.6308288654522105,0.2868790397351754
log,"(0, 1, 2)","(0, 1, 0, 12)",preco_medio_lag1+pct_pais_Germany_lag1+pct_genero_M_lag1,-4.6308288654522105,0.26859627346126885
log,"(0, 1, 2)","(0, 1, 0, 12)",preco_medio_lag1+pct_pais_United Kingdom_lag1+pct_pais_United States_lag1,-4.6308288654522105,0.3585446557807867
log,"(0, 1, 2)","(0, 1, 0, 12)",preco_medio_lag1+pct_pais_United Kingdom_lag1+pct_genero_M_lag1,-4.6308288654522105,0.23957944471897127
log,"(0, 1, 2)","(0, 1, 0, 12)",preco_medio_lag1+pct_pais_United States_lag1+pct_genero_M_lag1,-4.6308288654522105,0.27617653438168266
log,"(0, 1, 2)","(0, 1, 0, 12)",custo_medio_lag1+idade_media_lag1+n_transacoes_lag1,-4.6308288654522105,0.28704215164286956
log,"(0, 1, 2)","(0, 1, 0, 12)",custo_medio_lag1+idade_media_lag1+pct_cat_Accessories_lag1,-4.6308288654522105,0.3156317564336084
log,"(0, 1, 2)","(0, 1, 0, 12)",custo_medio_lag1+idade_media_lag1+pct_cat_Bikes_lag1,-4.6308288654522105,0.3109998453909087
log,"(0, 1, 2)","(0, 1, 0, 12)",custo_medio_lag1+idade_media_lag1+pct_cat_Clothing_lag1,-4.6308288654522105,0.3135797799950572
log,"(0, 1, 2)","(0, 1, 0, 12)",custo_medio_lag1+idade_media_lag1+pct_pais_Australia_lag1,-4.6308288654522105,0.38174678348720237
log,"(0, 1, 2)","(0, 1, 0, 12)",custo_medio_lag1+idade_media_lag1+pct_pais_Canada_lag1,-4.6308288654522105,0.2833808716318393
log,"(0, 1, 2)","(0, 1, 0, 12)",custo_medio_lag1+idade_media_lag1+pct_pais_France_lag1,-4.6308288654522105,0.39959676971638936
log,"(0, 1, 2)","(0, 1, 0, 12)",custo_medio_lag1+idade_media_lag1+pct_pais_Germany_lag1,-4.6308288654522105,0.30818968515601347
log,"(0, 1, 2)","(0, 1, 0, 12)",custo_medio_lag1+idade_media_lag1+pct_pais_United Kingdom_lag1,-4.6308288654522105,0.28828198614631845
log,"(0, 1, 2)","(0, 1, 0, 12)",custo_medio_lag1+idade_media_lag1+pct_pais_United States_lag1,-4.6308288654522105,0.3271697010552505
log,"(0, 1, 2)","(0, 1, 0, 12)",custo_medio_lag1+idade_media_lag1+pct_genero_M_lag1,-4.6308288654522105,0.2694530577024031
log,"(0, 1, 2)","(0, 1, 0, 12)",custo_medio_lag1+n_transacoes_lag1+pct_cat_Accessories_lag1,-4.6308288654522105,0.38605934088780886
log,"(0, 1, 2)","(0, 1, 0, 12)",custo_medio_lag1+n_transacoes_lag1+pct_cat_Bikes_lag1,-4.6308288654522105,0.3851674540024768
log,"(0, 1, 2)","(0, 1, 0, 12)",custo_medio_lag1+n_transacoes_lag1+pct_cat_Clothing_lag1,-4.6308288654522105,0.36880011278286334
log,"(0, 1, 2)","(0, 1, 0, 12)",custo_medio_lag1+n_transacoes_lag1+pct_pais_Australia_lag1,-4.6308288654522105,0.31096557565030386
log,"(0, 1, 2)","(0, 1, 0, 12)",custo_medio_lag1+n_transacoes_lag1+pct_pais_Canada_lag1,-4.6308288654522105,0.2385663004208087
log,"(0, 1, 2)","(0, 1, 0, 12)",custo_medio_lag1+n_transacoes_lag1+pct_pais_France_lag1,-4.6308288654522105,0.2651723783032226
log,"(0, 1, 2)","(0, 1, 0, 12)",custo_medio_lag1+n_transacoes_lag1+pct_pais_Germany_lag1,-4.6308288654522105,0.2857825650954622
log,"(0, 1, 2)","(0, 1, 0, 12)",custo_medio_lag1+n_transacoes_lag1+pct_pais_United Kingdom_lag1,-4.6308288654522105,0.361146320581595
log,"(0, 1, 2)","(0, 1, 0, 12)",custo_medio_lag1+n_transacoes_lag1+pct_pais_United States_lag1,-4.6308288654522105,0.27862038728194
log,"(0, 1, 2)","(0, 1, 0, 12)",custo_medio_lag1+n_transacoes_lag1+pct_genero_M_lag1,-4.6308288654522105,0.3766686234228645
log,"(0, 1, 2)","(0, 1, 0, 12)",custo_medio_lag1+pct_cat_Accessories_lag1+pct_cat_Bikes_lag1,-4.6308288654522105,0.43457257822908263
log,"(0, 1, 2)","(0, 1, 0, 12)",custo_medio_lag1+pct_cat_Accessories_lag1+pct_cat_Clothing_lag1,-4.6308288654522105,0.45464221650875697
log,"(0, 1, 2)","(0, 1, 0, 12)",custo_medio_lag1+pct_cat_Accessories_lag1+pct_pais_Australia_lag1,-4.6308288654522105,0.3537733076991687
log,"(0, 1, 2)","(0, 1, 0, 12)",custo_medio_lag1+pct_cat_Accessories_lag1+pct_pais_Canada_lag1,-4.6308288654522105,0.27946675040610175
log,"(0, 1, 2)","(0, 1, 0, 12)",custo_medio_lag1+pct_cat_Accessories_lag1+pct_pais_France_lag1,-4.6308288654522105,0.35040493990543825
log,"(0, 1, 2)","(0, 1, 0, 12)",custo_medio_lag1+pct_cat_Accessories_lag1+pct_pais_Germany_lag1,-4.6308288654522105,0.2583181807112798
log,"(0, 1, 2)","(0, 1, 0, 12)",custo_medio_lag1+pct_cat_Accessories_lag1+pct_pais_United Kingdom_lag1,-4.6308288654522105,0.30568876626800995
log,"(0, 1, 2)","(0, 1, 0, 12)",custo_medio_lag1+pct_cat_Accessories_lag1+pct_pais_United States_lag1,-4.6308288654522105,0.3600429147735624
log,"(0, 1, 2)","(0, 1, 0, 12)",custo_medio_lag1+pct_cat_Accessories_lag1+pct_genero_M_lag1,-4.6308288654522105,0.26177413056276405
log,"(0, 1, 2)","(0, 1, 0, 12)",custo_medio_lag1+pct_cat_Bikes_lag1+pct_cat_Clothing_lag1,-4.6308288654522105,0.45533408097289324
log,"(0, 1, 2)","(0, 1, 0, 12)",custo_medio_lag1+pct_cat_Bikes_lag1+pct_pais_Australia_lag1,-4.6308288654522105,0.3486387444398403
log,"(0, 1, 2)","(0, 1, 0, 12)",custo_medio_lag1+pct_cat_Bikes_lag1+pct_pais_Canada_lag1,-4.6308288654522105,0.2764418539167269
log,"(0, 1, 2)","(0, 1, 0, 12)",custo_medio_lag1+pct_cat_Bikes_lag1+pct_pais_France_lag1,-4.6308288654522105,0.3445486188606764
log,"(0, 1, 2)","(0, 1, 0, 12)",custo_medio_lag1+pct_cat_Bikes_lag1+pct_pais_Germany_lag1,-4.6308288654522105,0.2575378172685386
log,"(0, 1, 2)","(0, 1, 0, 12)",custo_medio_lag1+pct_cat_Bikes_lag1+pct_pais_United Kingdom_lag1,-4.6308288654522105,0.30271762421213805
log,"(0, 1, 2)","(0, 1, 0, 12)",custo_medio_lag1+pct_cat_Bikes_lag1+pct_pais_United States_lag1,-4.6308288654522105,0.35669026242210994
log,"(0, 1, 2)","(0, 1, 0, 12)",custo_medio_lag1+pct_cat_Bikes_lag1+pct_genero_M_lag1,-4.6308288654522105,0.264456931503746
log,"(0, 1, 2)","(0, 1, 0, 12)",custo_medio_lag1+pct_cat_Clothing_lag1+pct_pais_Australia_lag1,-4.6308288654522105,0.3496411711305976
log,"(0, 1, 2)","(0, 1, 0, 12)",custo_medio_lag1+pct_cat_Clothing_lag1+pct_pais_Canada_lag1,-4.6308288654522105,0.2788717771867138
log,"(0, 1, 2)","(0, 1, 0, 12)",custo_medio_lag1+pct_cat_Clothing_lag1+pct_pais_France_lag1,-4.6308288654522105,0.33182969002001544
log,"(0, 1, 2)","(0, 1, 0, 12)",custo_medio_lag1+pct_cat_Clothing_lag1+pct_pais_Germany_lag1,-4.6308288654522105,0.23282796599682332
log,"(0, 1, 2)","(0, 1, 0, 12)",custo_medio_lag1+pct_cat_Clothing_lag1+pct_pais_United Kingdom_lag1,-4.6308288654522105,0.30526346341850424
log,"(0, 1, 2)","(0, 1, 0, 12)",custo_medio_lag1+pct_cat_Clothing_lag1+pct_pais_United States_lag1,-4.6308288654522105,0.34407075985057584
log,"(0, 1, 2)","(0, 1, 0, 12)",custo_medio_lag1+pct_cat_Clothing_lag1+pct_genero_M_lag1,-4.6308288654522105,0.2829408392821653
log,"(0, 1, 2)","(0, 1, 0, 12)",custo_medio_lag1+pct_pais_Australia_lag1+pct_pais_Canada_lag1,-4.6308288654522105,0.37612765121448555
log,"(0, 1, 2)","(0, 1, 0, 12)",custo_medio_lag1+pct_pais_Australia_lag1+pct_pais_France_lag1,-4.6308288654522105,0.5389038994770401
log,"(0, 1, 2)","(0, 1, 0, 12)",custo_medio_lag1+pct_pais_Australia_lag1+pct_pais_Germany_lag1,-4.6308288654522105,0.3197351210557023
log,"(0, 1, 2)","(0, 1, 0, 12)",custo_medio_lag1+pct_pais_Australia_lag1+pct_pais_United Kingdom_lag1,-4.6308288654522105,0.30921702068017853
log,"(0, 1, 2)","(0, 1, 0, 12)",custo_medio_lag1+pct_pais_Australia_lag1+pct_pais_United States_lag1,-4.6308288654522105,0.32100160601125954
log,"(0, 1, 2)","(0, 1, 0, 12)",custo_medio_lag1+pct_pais_Australia_lag1+pct_genero_M_lag1,-4.6308288654522105,0.275128758169211
log,"(0, 1, 2)","(0, 1, 0, 12)",custo_medio_lag1+pct_pais_Canada_lag1+pct_pais_France_lag1,-4.6308288654522105,0.3004465402812729
log,"(0, 1, 2)","(0, 1, 0, 12)",custo_medio_lag1+pct_pais_Canada_lag1+pct_pais_Germany_lag1,-4.6308288654522105,0.25796913406693095
log,"(0, 1, 2)","(0, 1, 0, 12)",custo_medio_lag1+pct_pais_Canada_lag1+pct_pais_United Kingdom_lag1,-4.6308288654522105,0.28380463701356656
log,"(0, 1, 2)","(0, 1, 0, 12)",custo_medio_lag1+pct_pais_Canada_lag1+pct_pais_United States_lag1,-4.6308288654522105,0.2700041128175299
log,"(0, 1, 2)","(0, 1, 0, 12)",custo_medio_lag1+pct_pais_Canada_lag1+pct_genero_M_lag1,-4.6308288654522105,0.2670417682610861
log,"(0, 1, 2)","(0, 1, 0, 12)",custo_medio_lag1+pct_pais_France_lag1+pct_pais_Germany_lag1,-4.6308288654522105,0.45696694811540123
log,"(0, 1, 2)","(0, 1, 0, 12)",custo_medio_lag1+pct_pais_France_lag1+pct_pais_United Kingdom_lag1,-4.6308288654522105,0.35927759336798587
log,"(0, 1, 2)","(0, 1, 0, 12)",custo_medio_lag1+pct_pais_France_lag1+pct_pais_United States_lag1,-4.6308288654522105,0.3916294667846166
log,"(0, 1, 2)","(0, 1, 0, 12)",custo_medio_lag1+pct_pais_France_lag1+pct_genero_M_lag1,-4.6308288654522105,0.25501730891767577
log,"(0, 1, 2)","(0, 1, 0, 12)",custo_medio_lag1+pct_pais_Germany_lag1+pct_pais_United Kingdom_lag1,-4.6308288654522105,0.30450325446481946
log,"(0, 1, 2)","(0, 1, 0, 12)",custo_medio_lag1+pct_pais_Germany_lag1+pct_pais_United States_lag1,-4.6308288654522105,0.2827119752263116
log,"(0, 1, 2)","(0, 1, 0, 12)",custo_medio_lag1+pct_pais_Germany_lag1+pct_genero_M_lag1,-4.6308288654522105,0.26590570497654986
log,"(0, 1, 2)","(0, 1, 0, 12)",custo_medio_lag1+pct_pais_United Kingdom_lag1+pct_pais_United States_lag1,-4.6308288654522105,0.3596496879762003
log,"(0, 1, 2)","(0, 1, 0, 12)",custo_medio_lag1+pct_pais_United Kingdom_lag1+pct_genero_M_lag1,-4.6308288654522105,0.23311700700680116
log,"(0, 1, 2)","(0, 1, 0, 12)",custo_medio_lag1+pct_pais_United States_lag1+pct_genero_M_lag1,-4.6308288654522105,0.2768104273436513
log,"(0, 1, 2)","(0, 1, 0, 12)",idade_media_lag1+n_transacoes_lag1+pct_cat_Accessories_lag1,-4.6308288654522105,0.31535233689768305
log,"(0, 1, 2)","(0, 1, 0, 12)",idade_media_lag1+n_transacoes_lag1+pct_cat_Bikes_lag1,-4.6308288654522105,0.3134744618967451
log,"(0, 1, 2)","(0, 1, 0, 12)",idade_media_lag1+n_transacoes_lag1+pct_cat_Clothing_lag1,-4.6308288654522105,0.30229387374851363
log,"(0, 1, 2)","(0, 1, 0, 12)",idade_media_lag1+n_transacoes_lag1+pct_pais_Australia_lag1,-4.6308288654522105,0.38970725549361657
log,"(0, 1, 2)","(0, 1, 0, 12)",idade_media_lag1+n_transacoes_lag1+pct_pais_Canada_lag1,-4.6308288654522105,0.300821096994881
log,"(0, 1, 2)","(0, 1, 0, 12)",idade_media_lag1+n_transacoes_lag1+pct_pais_France_lag1,-4.6308288654522105,0.2506110843171539
log,"(0, 1, 2)","(0, 1, 0, 12)",idade_media_lag1+n_transacoes_lag1+pct_pais_Germany_lag1,-4.6308288654522105,0.2584672558653777
log,"(0, 1, 2)","(0, 1, 0, 12)",idade_media_lag1+n_transacoes_lag1+pct_pais_United Kingdom_lag1,-4.6308288654522105,0.42804570892253807
log,"(0, 1, 2)","(0, 1, 0, 12)",idade_media_lag1+n_transacoes_lag1+pct_pais_United States_lag1,-4.6308288654522105,0.31831290694440034
log,"(0, 1, 2)","(0, 1, 0, 12)",idade_media_lag1+n_transacoes_lag1+pct_genero_M_lag1,-4.6308288654522105,0.4211037124577806
log,"(0, 1, 2)","(0, 1, 0, 12)",idade_media_lag1+pct_cat_Accessories_lag1+pct_cat_Bikes_lag1,-4.6308288654522105,0.41628368505441715
log,"(0, 1, 2)","(0, 1, 0, 12)",idade_media_lag1+pct_cat_Accessories_lag1+pct_cat_Clothing_lag1,-4.6308288654522105,0.4076024269378691
log,"(0, 1, 2)","(0, 1, 0, 12)",idade_media_lag1+pct_cat_Accessories_lag1+pct_pais_Australia_lag1,-4.6308288654522105,0.32645067774981146
log,"(0, 1, 2)","(0, 1, 0, 12)",idade_media_lag1+pct_cat_Accessories_lag1+pct_pais_Canada_lag1,-4.6308288654522105,0.38474242144798726
log,"(0, 1, 2)","(0, 1, 0, 12)",idade_media_lag1+pct_cat_Accessories_lag1+pct_pais_France_lag1,-4.6308288654522105,0.34197980677731943
log,"(0, 1, 2)","(0, 1, 0, 12)",idade_media_lag1+pct_cat_Accessories_lag1+pct_pais_Germany_lag1,-4.6308288654522105,0.26365361473633203
log,"(0, 1, 2)","(0, 1, 0, 12)",idade_media_lag1+pct_cat_Accessories_lag1+pct_pais_United Kingdom_lag1,-4.6308288654522105,0.3232316409445166
log,"(0, 1, 2)","(0, 1, 0, 12)",idade_media_lag1+pct_cat_Accessories_lag1+pct_pais_United States_lag1,-4.6308288654522105,0.35750566232383973
log,"(0, 1, 2)","(0, 1, 0, 12)",idade_media_lag1+pct_cat_Accessories_lag1+pct_genero_M_lag1,-4.6308288654522105,0.36231576145273614
log,"(0, 1, 2)","(0, 1, 0, 12)",idade_media_lag1+pct_cat_Bikes_lag1+pct_cat_Clothing_lag1,-4.6308288654522105,0.40286693432460674
log,"(0, 1, 2)","(0, 1, 0, 12)",idade_media_lag1+pct_cat_Bikes_lag1+pct_pais_Australia_lag1,-4.6308288654522105,0.3232389152143486
log,"(0, 1, 2)","(0, 1, 0, 12)",idade_media_lag1+pct_cat_Bikes_lag1+pct_pais_Canada_lag1,-4.6308288654522105,0.3793679715704154
log,"(0, 1, 2)","(0, 1, 0, 12)",idade_media_lag1+pct_cat_Bikes_lag1+pct_pais_France_lag1,-4.6308288654522105,0.33573341939159396
log,"(0, 1, 2)","(0, 1, 0, 12)",idade_media_lag1+pct_cat_Bikes_lag1+pct_pais_Germany_lag1,-4.6308288654522105,0.26034764498368684
log,"(0, 1, 2)","(0, 1, 0, 12)",idade_media_lag1+pct_cat_Bikes_lag1+pct_pais_United Kingdom_lag1,-4.6308288654522105,0.32400102505256007
log,"(0, 1, 2)","(0, 1, 0, 12)",idade_media_lag1+pct_cat_Bikes_lag1+pct_pais_United States_lag1,-4.6308288654522105,0.352455492456935
log,"(0, 1, 2)","(0, 1, 0, 12)",idade_media_lag1+pct_cat_Bikes_lag1+pct_genero_M_lag1,-4.6308288654522105,0.36129678762840345
log,"(0, 1, 2)","(0, 1, 0, 12)",idade_media_lag1+pct_cat_Clothing_lag1+pct_pais_Australia_lag1,-4.6308288654522105,0.31557863063625224
log,"(0, 1, 2)","(0, 1, 0, 12)",idade_media_lag1+pct_cat_Clothing_lag1+pct_pais_Canada_lag1,-4.6308288654522105,0.3570251945356114
log,"(0, 1, 2)","(0, 1, 0, 12)",idade_media_lag1+pct_cat_Clothing_lag1+pct_pais_France_lag1,-4.6308288654522105,0.39304138271475336
log,"(0, 1, 2)","(0, 1, 0, 12)",idade_media_lag1+pct_cat_Clothing_lag1+pct_pais_Germany_lag1,-4.6308288654522105,0.2619642476446068
log,"(0, 1, 2)","(0, 1, 0, 12)",idade_media_lag1+pct_cat_Clothing_lag1+pct_pais_United Kingdom_lag1,-4.6308288654522105,0.32348264898293266
log,"(0, 1, 2)","(0, 1, 0, 12)",idade_media_lag1+pct_cat_Clothing_lag1+pct_pais_United States_lag1,-4.6308288654522105,0.32584857853899857
log,"(0, 1, 2)","(0, 1, 0, 12)",idade_media_lag1+pct_cat_Clothing_lag1+pct_genero_M_lag1,-4.6308288654522105,0.36303660201377536
log,"(0, 1, 2)","(0, 1, 0, 12)",idade_media_lag1+pct_pais_Australia_lag1+pct_pais_Canada_lag1,-4.6308288654522105,0.44856639546893523
log,"(0, 1, 2)","(0, 1, 0, 12)",idade_media_lag1+pct_pais_Australia_lag1+pct_pais_France_lag1,-4.6308288654522105,0.5037042498967204
log,"(0, 1, 2)","(0, 1, 0, 12)",idade_media_lag1+pct_pais_Australia_lag1+pct_pais_Germany_lag1,-4.6308288654522105,0.4220153454396909
log,"(0, 1, 2)","(0, 1, 0, 12)",idade_media_lag1+pct_pais_Australia_lag1+pct_pais_United Kingdom_lag1,-4.6308288654522105,0.3870845624864277
log,"(0, 1, 2)","(0, 1, 0, 12)",idade_media_lag1+pct_pais_Australia_lag1+pct_pais_United States_lag1,-4.6308288654522105,0.38944591896655933
log,"(0, 1, 2)","(0, 1, 0, 12)",idade_media_lag1+pct_pais_Australia_lag1+pct_genero_M_lag1,-4.6308288654522105,0.3707721189381978
log,"(0, 1, 2)","(0, 1, 0, 12)",idade_media_lag1+pct_pais_Canada_lag1+pct_pais_France_lag1,-4.6308288654522105,0.3278933611776298
log,"(0, 1, 2)","(0, 1, 0, 12)",idade_media_lag1+pct_pais_Canada_lag1+pct_pais_Germany_lag1,-4.6308288654522105,0.2980851467858784
log,"(0, 1, 2)","(0, 1, 0, 12)",idade_media_lag1+pct_pais_Canada_lag1+pct_pais_United Kingdom_lag1,-4.6308288654522105,0.31991660013909873
log,"(0, 1, 2)","(0, 1, 0, 12)",idade_media_lag1+pct_pais_Canada_lag1+pct_pais_United States_lag1,-4.6308288654522105,0.33352281010445767
log,"(0, 1, 2)","(0, 1, 0, 12)",idade_media_lag1+pct_pais_Canada_lag1+pct_genero_M_lag1,-4.6308288654522105,0.3284702501281725
log,"(0, 1, 2)","(0, 1, 0, 12)",idade_media_lag1+pct_pais_France_lag1+pct_pais_Germany_lag1,-4.6308288654522105,0.36430987499894335
log,"(0, 1, 2)","(0, 1, 0, 12)",idade_media_lag1+pct_pais_France_lag1+pct_pais_United Kingdom_lag1,-4.6308288654522105,0.34240844553538935
log,"(0, 1, 2)","(0, 1, 0, 12)",idade_media_lag1+pct_pais_France_lag1+pct_pais_United States_lag1,-4.6308288654522105,0.33465045356972883
log,"(0, 1, 2)","(0, 1, 0, 12)",idade_media_lag1+pct_pais_France_lag1+pct_genero_M_lag1,-4.6308288654522105,0.3063270167098792
log,"(0, 1, 2)","(0, 1, 0, 12)",idade_media_lag1+pct_pais_Germany_lag1+pct_pais_United Kingdom_lag1,-4.6308288654522105,0.2920571041748116
log,"(0, 1, 2)","(0, 1, 0, 12)",idade_media_lag1+pct_pais_Germany_lag1+pct_pais_United States_lag1,-4.6308288654522105,0.2838552700099201
log,"(0, 1, 2)","(0, 1, 0, 12)",idade_media_lag1+pct_pais_Germany_lag1+pct_genero_M_lag1,-4.6308288654522105,0.30652976630518314
log,"(0, 1, 2)","(0, 1, 0, 12)",idade_media_lag1+pct_pais_United Kingdom_lag1+pct_pais_United States_lag1,-4.6308288654522105,0.3715223986404217
log,"(0, 1, 2)","(0, 1, 0, 12)",idade_media_lag1+pct_pais_United Kingdom_lag1+pct_genero_M_lag1,-4.6308288654522105,0.3075053763977937
log,"(0, 1, 2)","(0, 1, 0, 12)",idade_media_lag1+pct_pais_United States_lag1+pct_genero_M_lag1,-4.6308288654522105,0.34829431700248675
log,"(0, 1, 2)","(0, 1, 0, 12)",n_transacoes_lag1+pct_cat_Accessories_lag1+pct_cat_Bikes_lag1,-4.6308288654522105,0.4382383530924949
log,"(0, 1, 2)","(0, 1, 0, 12)",n_transacoes_lag1+pct_cat_Accessories_lag1+pct_cat_Clothing_lag1,-4.6308288654522105,0.44579392860656347
log,"(0, 1, 2)","(0, 1, 0, 12)",n_transacoes_lag1+pct_cat_Accessories_lag1+pct_pais_Australia_lag1,-4.6308288654522105,0.28386887617732254
log,"(0, 1, 2)","(0, 1, 0, 12)",n_transacoes_lag1+pct_cat_Accessories_lag1+pct_pais_Canada_lag1,-4.6308288654522105,0.32484546449061485
log,"(0, 1, 2)","(0, 1, 0, 12)",n_transacoes_lag1+pct_cat_Accessories_lag1+pct_pais_France_lag1,-4.6308288654522105,0.29552961054049187
log,"(0, 1, 2)","(0, 1, 0, 12)",n_transacoes_lag1+pct_cat_Accessories_lag1+pct_pais_Germany_lag1,-4.6308288654522105,0.2934890720634629
log,"(0, 1, 2)","(0, 1, 0, 12)",n_transacoes_lag1+pct_cat_Accessories_lag1+pct_pais_United Kingdom_lag1,-4.6308288654522105,0.3378512489411067
log,"(0, 1, 2)","(0, 1, 0, 12)",n_transacoes_lag1+pct_cat_Accessories_lag1+pct_pais_United States_lag1,-4.6308288654522105,0.34506278612974123
log,"(0, 1, 2)","(0, 1, 0, 12)",n_transacoes_lag1+pct_cat_Accessories_lag1+pct_genero_M_lag1,-4.6308288654522105,0.41318285782928954
log,"(0, 1, 2)","(0, 1, 0, 12)",n_transacoes_lag1+pct_cat_Bikes_lag1+pct_cat_Clothing_lag1,-4.6308288654522105,0.4397493212993675
log,"(0, 1, 2)","(0, 1, 0, 12)",n_transacoes_lag1+pct_cat_Bikes_lag1+pct_pais_Australia_lag1,-4.6308288654522105,0.2845957003450535
log,"(0, 1, 2)","(0, 1, 0, 12)",n_transacoes_lag1+pct_cat_Bikes_lag1+pct_pais_Canada_lag1,-4.6308288654522105,0.32370009439150865
log,"(0, 1, 2)","(0, 1, 0, 12)",n_transacoes_lag1+pct_cat_Bikes_lag1+pct_pais_France_lag1,-4.6308288654522105,0.29572723299981213
log,"(0, 1, 2)","(0, 1, 0, 12)",n_transacoes_lag1+pct_cat_Bikes_lag1+pct_pais_Germany_lag1,-4.6308288654522105,0.30684734657883955
log,"(0, 1, 2)","(0, 1, 0, 12)",n_transacoes_lag1+pct_cat_Bikes_lag1+pct_pais_United Kingdom_lag1,-4.6308288654522105,0.3350606074693941
log,"(0, 1, 2)","(0, 1, 0, 12)",n_transacoes_lag1+pct_cat_Bikes_lag1+pct_pais_United States_lag1,-4.6308288654522105,0.34657885243298586
log,"(0, 1, 2)","(0, 1, 0, 12)",n_transacoes_lag1+pct_cat_Bikes_lag1+pct_genero_M_lag1,-4.6308288654522105,0.41064562155978285
log,"(0, 1, 2)","(0, 1, 0, 12)",n_transacoes_lag1+pct_cat_Clothing_lag1+pct_pais_Australia_lag1,-4.6308288654522105,0.3217192404194115
log,"(0, 1, 2)","(0, 1, 0, 12)",n_transacoes_lag1+pct_cat_Clothing_lag1+pct_pais_Canada_lag1,-4.6308288654522105,0.3204924664830057
log,"(0, 1, 2)","(0, 1, 0, 12)",n_transacoes_lag1+pct_cat_Clothing_lag1+pct_pais_France_lag1,-4.6308288654522105,0.29979559139089007
log,"(0, 1, 2)","(0, 1, 0, 12)",n_transacoes_lag1+pct_cat_Clothing_lag1+pct_pais_Germany_lag1,-4.6308288654522105,0.31978309855251225
log,"(0, 1, 2)","(0, 1, 0, 12)",n_transacoes_lag1+pct_cat_Clothing_lag1+pct_pais_United Kingdom_lag1,-4.6308288654522105,0.3360678484422019
log,"(0, 1, 2)","(0, 1, 0, 12)",n_transacoes_lag1+pct_cat_Clothing_lag1+pct_pais_United States_lag1,-4.6308288654522105,0.35369728345017126
log,"(0, 1, 2)","(0, 1, 0, 12)",n_transacoes_lag1+pct_cat_Clothing_lag1+pct_genero_M_lag1,-4.6308288654522105,0.4043444226477964
log,"(0, 1, 2)","(0, 1, 0, 12)",n_transacoes_lag1+pct_pais_Australia_lag1+pct_pais_Canada_lag1,-4.6308288654522105,0.24026753262819
log,"(0, 1, 2)","(0, 1, 0, 12)",n_transacoes_lag1+pct_pais_Australia_lag1+pct_pais_France_lag1,-4.6308288654522105,0.3171500057699567
log,"(0, 1, 2)","(0, 1, 0, 12)",n_transacoes_lag1+pct_pais_Australia_lag1+pct_pais_Germany_lag1,-4.6308288654522105,0.26008922242862775
log,"(0, 1, 2)","(0, 1, 0, 12)",n_transacoes_lag1+pct_pais_Australia_lag1+pct_pais_United Kingdom_lag1,-4.6308288654522105,0.36008365913859586
log,"(0, 1, 2)","(0, 1, 0, 12)",n_transacoes_lag1+pct_pais_Australia_lag1+pct_pais_United States_lag1,-4.6308288654522105,0.2892057270931578
log,"(0, 1, 2)","(0, 1, 0, 12)",n_transacoes_lag1+pct_pais_Australia_lag1+pct_genero_M_lag1,-4.6308288654522105,0.3726723492033692
log,"(0, 1, 2)","(0, 1, 0, 12)",n_transacoes_lag1+pct_pais_Canada_lag1+pct_pais_France_lag1,-4.6308288654522105,0.27423246776020366
log,"(0, 1, 2)","(0, 1, 0, 12)",n_transacoes_lag1+pct_pais_Canada_lag1+pct_pais_Germany_lag1,-4.6308288654522105,0.23627655362006206
log,"(0, 1, 2)","(0, 1, 0, 12)",n_transacoes_lag1+pct_pais_Canada_lag1+pct_pais_United Kingdom_lag1,-4.6308288654522105,0.31944677489459594
log,"(0, 1, 2)","(0, 1, 0, 12)",n_transacoes_lag1+pct_pais_Canada_lag1+pct_pais_United States_lag1,-4.6308288654522105,0.27286282512591464
log,"(0, 1, 2)","(0, 1, 0, 12)",n_transacoes_lag1+pct_pais_Canada_lag1+pct_genero_M_lag1,-4.6308288654522105,0.37990013273773265
log,"(0, 1, 2)","(0, 1, 0, 12)",n_transacoes_lag1+pct_pais_France_lag1+pct_pais_Germany_lag1,-4.6308288654522105,0.36206141674188613
log,"(0, 1, 2)","(0, 1, 0, 12)",n_transacoes_lag1+pct_pais_France_lag1+pct_pais_United Kingdom_lag1,-4.6308288654522105,0.38847111885987173
log,"(0, 1, 2)","(0, 1, 0, 12)",n_transacoes_lag1+pct_pais_France_lag1+pct_pais_United States_lag1,-4.6308288654522105,0.23985776774997505
log,"(0, 1, 2)","(0, 1, 0, 12)",n_transacoes_lag1+pct_pais_France_lag1+pct_genero_M_lag1,-4.6308288654522105,0.36172786540010843
log,"(0, 1, 2)","(0, 1, 0, 12)",n_transacoes_lag1+pct_pais_Germany_lag1+pct_pais_United Kingdom_lag1,-4.6308288654522105,0.31795743633014717
log,"(0, 1, 2)","(0, 1, 0, 12)",n_transacoes_lag1+pct_pais_Germany_lag1+pct_pais_United States_lag1,-4.6308288654522105,0.23751931769075063
log,"(0, 1, 2)","(0, 1, 0, 12)",n_transacoes_lag1+pct_pais_Germany_lag1+pct_genero_M_lag1,-4.6308288654522105,0.32806509511935195
log,"(0, 1, 2)","(0, 1, 0, 12)",n_transacoes_lag1+pct_pais_United Kingdom_lag1+pct_pais_United States_lag1,-4.6308288654522105,0.3335707852718021
log,"(0, 1, 2)","(0, 1, 0, 12)",n_transacoes_lag1+pct_pais_United Kingdom_lag1+pct_genero_M_lag1,-4.6308288654522105,0.4359278194417006
log,"(0, 1, 2)","(0, 1, 0, 12)",n_transacoes_lag1+pct_pais_United States_lag1+pct_genero_M_lag1,-4.6308288654522105,0.3939963522597288
log,"(0, 1, 2)","(0, 1, 0, 12)",pct_cat_Accessories_lag1+pct_cat_Bikes_lag1+pct_pais_Australia_lag1,-4.6308288654522105,0.37008433122954054
log,"(0, 1, 2)","(0, 1, 0, 12)",pct_cat_Accessories_lag1+pct_cat_Bikes_lag1+pct_pais_Canada_lag1,-4.6308288654522105,0.4434889997833776
log,"(0, 1, 2)","(0, 1, 0, 12)",pct_cat_Accessories_lag1+pct_cat_Bikes_lag1+pct_pais_France_lag1,-4.6308288654522105,0.4386366960423677
log,"(0, 1, 2)","(0, 1, 0, 12)",pct_cat_Accessories_lag1+pct_cat_Bikes_lag1+pct_pais_Germany_lag1,-4.6308288654522105,0.35071340037449916
log,"(0, 1, 2)","(0, 1, 0, 12)",pct_cat_Accessories_lag1+pct_cat_Bikes_lag1+pct_pais_United Kingdom_lag1,-4.6308288654522105,0.4141904294866628
log,"(0, 1, 2)","(0, 1, 0, 12)",pct_cat_Accessories_lag1+pct_cat_Bikes_lag1+pct_pais_United States_lag1,-4.6308288654522105,0.38081215522048456
log,"(0, 1, 2)","(0, 1, 0, 12)",pct_cat_Accessories_lag1+pct_cat_Bikes_lag1+pct_genero_M_lag1,-4.6308288654522105,0.4865607153200478
log,"(0, 1, 2)","(0, 1, 0, 12)",pct_cat_Accessories_lag1+pct_cat_Clothing_lag1+pct_pais_Australia_lag1,-4.6308288654522105,0.3696982003752622
log,"(0, 1, 2)","(0, 1, 0, 12)",pct_cat_Accessories_lag1+pct_cat_Clothing_lag1+pct_pais_Canada_lag1,-4.6308288654522105,0.45048006665576984
log,"(0, 1, 2)","(0, 1, 0, 12)",pct_cat_Accessories_lag1+pct_cat_Clothing_lag1+pct_pais_France_lag1,-4.6308288654522105,0.4373636348087697
log,"(0, 1, 2)","(0, 1, 0, 12)",pct_cat_Accessories_lag1+pct_cat_Clothing_lag1+pct_pais_Germany_lag1,-4.6308288654522105,0.35163033218506484
log,"(0, 1, 2)","(0, 1, 0, 12)",pct_cat_Accessories_lag1+pct_cat_Clothing_lag1+pct_pais_United Kingdom_lag1,-4.6308288654522105,0.38173543290411605
log,"(0, 1, 2)","(0, 1, 0, 12)",pct_cat_Accessories_lag1+pct_cat_Clothing_lag1+pct_pais_United States_lag1,-4.6308288654522105,0.38042498701067173
log,"(0, 1, 2)","(0, 1, 0, 12)",pct_cat_Accessories_lag1+pct_cat_Clothing_lag1+pct_genero_M_lag1,-4.6308288654522105,0.48932823693945804
log,"(0, 1, 2)","(0, 1, 0, 12)",pct_cat_Accessories_lag1+pct_pais_Australia_lag1+pct_pais_Canada_lag1,-4.6308288654522105,0.3717432544729322
log,"(0, 1, 2)","(0, 1, 0, 12)",pct_cat_Accessories_lag1+pct_pais_Australia_lag1+pct_pais_France_lag1,-4.6308288654522105,0.33920323267393887
log,"(0, 1, 2)","(0, 1, 0, 12)",pct_cat_Accessories_lag1+pct_pais_Australia_lag1+pct_pais_Germany_lag1,-4.6308288654522105,0.31761491842305173
log,"(0, 1, 2)","(0, 1, 0, 12)",pct_cat_Accessories_lag1+pct_pais_Australia_lag1+pct_pais_United Kingdom_lag1,-4.6308288654522105,0.3369057947395855
log,"(0, 1, 2)","(0, 1, 0, 12)",pct_cat_Accessories_lag1+pct_pais_Australia_lag1+pct_pais_United States_lag1,-4.6308288654522105,0.340079582871811
log,"(0, 1, 2)","(0, 1, 0, 12)",pct_cat_Accessories_lag1+pct_pais_Australia_lag1+pct_genero_M_lag1,-4.6308288654522105,0.31086233729087015
log,"(0, 1, 2)","(0, 1, 0, 12)",pct_cat_Accessories_lag1+pct_pais_Canada_lag1+pct_pais_France_lag1,-4.6308288654522105,0.37511275015480505
log,"(0, 1, 2)","(0, 1, 0, 12)",pct_cat_Accessories_lag1+pct_pais_Canada_lag1+pct_pais_Germany_lag1,-4.6308288654522105,0.2736080624689714
log,"(0, 1, 2)","(0, 1, 0, 12)",pct_cat_Accessories_lag1+pct_pais_Canada_lag1+pct_pais_United Kingdom_lag1,-4.6308288654522105,0.34674175868320484
log,"(0, 1, 2)","(0, 1, 0, 12)",pct_cat_Accessories_lag1+pct_pais_Canada_lag1+pct_pais_United States_lag1,-4.6308288654522105,0.3612009062016373
log,"(0, 1, 2)","(0, 1, 0, 12)",pct_cat_Accessories_lag1+pct_pais_Canada_lag1+pct_genero_M_lag1,-4.6308288654522105,0.3673654014587932
log,"(0, 1, 2)","(0, 1, 0, 12)",pct_cat_Accessories_lag1+pct_pais_France_lag1+pct_pais_Germany_lag1,-4.6308288654522105,0.4180533104829048
log,"(0, 1, 2)","(0, 1, 0, 12)",pct_cat_Accessories_lag1+pct_pais_France_lag1+pct_pais_United Kingdom_lag1,-4.6308288654522105,0.37579836001280653
log,"(0, 1, 2)","(0, 1, 0, 12)",pct_cat_Accessories_lag1+pct_pais_France_lag1+pct_pais_United States_lag1,-4.6308288654522105,0.36643516274131754
log,"(0, 1, 2)","(0, 1, 0, 12)",pct_cat_Accessories_lag1+pct_pais_France_lag1+pct_genero_M_lag1,-4.6308288654522105,0.4055382063968423
log,"(0, 1, 2)","(0, 1, 0, 12)",pct_cat_Accessories_lag1+pct_pais_Germany_lag1+pct_pais_United Kingdom_lag1,-4.6308288654522105,0.27430127763893103
log,"(0, 1, 2)","(0, 1, 0, 12)",pct_cat_Accessories_lag1+pct_pais_Germany_lag1+pct_pais_United States_lag1,-4.6308288654522105,0.27234885875213616
log,"(0, 1, 2)","(0, 1, 0, 12)",pct_cat_Accessories_lag1+pct_pais_Germany_lag1+pct_genero_M_lag1,-4.6308288654522105,0.2967189586972184
log,"(0, 1, 2)","(0, 1, 0, 12)",pct_cat_Accessories_lag1+pct_pais_United Kingdom_lag1+pct_pais_United States_lag1,-4.6308288654522105,0.38445706593461043
log,"(0, 1, 2)","(0, 1, 0, 12)",pct_cat_Accessories_lag1+pct_pais_United Kingdom_lag1+pct_genero_M_lag1,-4.6308288654522105,0.33019982600371434
log,"(0, 1, 2)","(0, 1, 0, 12)",pct_cat_Accessories_lag1+pct_pais_United States_lag1+pct_genero_M_lag1,-4.6308288654522105,0.3843091154362844
log,"(0, 1, 2)","(0, 1, 0, 12)",pct_cat_Bikes_lag1+pct_cat_Clothing_lag1+pct_pais_Australia_lag1,-4.6308288654522105,0.37008888002552237
log,"(0, 1, 2)","(0, 1, 0, 12)",pct_cat_Bikes_lag1+pct_cat_Clothing_lag1+pct_pais_Canada_lag1,-4.6308288654522105,0.44763754740257383
log,"(0, 1, 2)","(0, 1, 0, 12)",pct_cat_Bikes_lag1+pct_cat_Clothing_lag1+pct_pais_France_lag1,-4.6308288654522105,0.4372403156971289
log,"(0, 1, 2)","(0, 1, 0, 12)",pct_cat_Bikes_lag1+pct_cat_Clothing_lag1+pct_pais_Germany_lag1,-4.6308288654522105,0.35113139845414576
log,"(0, 1, 2)","(0, 1, 0, 12)",pct_cat_Bikes_lag1+pct_cat_Clothing_lag1+pct_pais_United Kingdom_lag1,-4.6308288654522105,0.38343322536534646
log,"(0, 1, 2)","(0, 1, 0, 12)",pct_cat_Bikes_lag1+pct_cat_Clothing_lag1+pct_pais_United States_lag1,-4.6308288654522105,0.3804898197439808
log,"(0, 1, 2)","(0, 1, 0, 12)",pct_cat_Bikes_lag1+pct_cat_Clothing_lag1+pct_genero_M_lag1,-4.6308288654522105,0.48636279018515216
log,"(0, 1, 2)","(0, 1, 0, 12)",pct_cat_Bikes_lag1+pct_pais_Australia_lag1+pct_pais_Canada_lag1,-4.6308288654522105,0.3633129759212539
log,"(0, 1, 2)","(0, 1, 0, 12)",pct_cat_Bikes_lag1+pct_pais_Australia_lag1+pct_pais_France_lag1,-4.6308288654522105,0.33273511053107113
log,"(0, 1, 2)","(0, 1, 0, 12)",pct_cat_Bikes_lag1+pct_pais_Australia_lag1+pct_pais_Germany_lag1,-4.6308288654522105,0.28257062100271774
log,"(0, 1, 2)","(0, 1, 0, 12)",pct_cat_Bikes_lag1+pct_pais_Australia_lag1+pct_pais_United Kingdom_lag1,-4.6308288654522105,0.3310326424922145
log,"(0, 1, 2)","(0, 1, 0, 12)",pct_cat_Bikes_lag1+pct_pais_Australia_lag1+pct_pais_United States_lag1,-4.6308288654522105,0.3442052754352742
log,"(0, 1, 2)","(0, 1, 0, 12)",pct_cat_Bikes_lag1+pct_pais_Australia_lag1+pct_genero_M_lag1,-4.6308288654522105,0.3161487072134871
log,"(0, 1, 2)","(0, 1, 0, 12)",pct_cat_Bikes_lag1+pct_pais_Canada_lag1+pct_pais_France_lag1,-4.6308288654522105,0.37014310476926776
log,"(0, 1, 2)","(0, 1, 0, 12)",pct_cat_Bikes_lag1+pct_pais_Canada_lag1+pct_pais_Germany_lag1,-4.6308288654522105,0.276089506551386
log,"(0, 1, 2)","(0, 1, 0, 12)",pct_cat_Bikes_lag1+pct_pais_Canada_lag1+pct_pais_United Kingdom_lag1,-4.6308288654522105,0.34538825914677057
log,"(0, 1, 2)","(0, 1, 0, 12)",pct_cat_Bikes_lag1+pct_pais_Canada_lag1+pct_pais_United States_lag1,-4.6308288654522105,0.3549353271440144
log,"(0, 1, 2)","(0, 1, 0, 12)",pct_cat_Bikes_lag1+pct_pais_Canada_lag1+pct_genero_M_lag1,-4.6308288654522105,0.37041945775736623
log,"(0, 1, 2)","(0, 1, 0, 12)",pct_cat_Bikes_lag1+pct_pais_France_lag1+pct_pais_Germany_lag1,-4.6308288654522105,0.40995044035590245
log,"(0, 1, 2)","(0, 1, 0, 12)",pct_cat_Bikes_lag1+pct_pais_France_lag1+pct_pais_United Kingdom_lag1,-4.6308288654522105,0.37692219884356776
log,"(0, 1, 2)","(0, 1, 0, 12)",pct_cat_Bikes_lag1+pct_pais_France_lag1+pct_pais_United States_lag1,-4.6308288654522105,0.35748594968879527
log,"(0, 1, 2)","(0, 1, 0, 12)",pct_cat_Bikes_lag1+pct_pais_France_lag1+pct_genero_M_lag1,-4.6308288654522105,0.40448140988201847
log,"(0, 1, 2)","(0, 1, 0, 12)",pct_cat_Bikes_lag1+pct_pais_Germany_lag1+pct_pais_United Kingdom_lag1,-4.6308288654522105,0.275533560001806
log,"(0, 1, 2)","(0, 1, 0, 12)",pct_cat_Bikes_lag1+pct_pais_Germany_lag1+pct_pais_United States_lag1,-4.6308288654522105,0.274352734488698
log,"(0, 1, 2)","(0, 1, 0, 12)",pct_cat_Bikes_lag1+pct_pais_Germany_lag1+pct_genero_M_lag1,-4.6308288654522105,0.2977107042887948
log,"(0, 1, 2)","(0, 1, 0, 12)",pct_cat_Bikes_lag1+pct_pais_United Kingdom_lag1+pct_pais_United States_lag1,-4.6308288654522105,0.37890400638010036
log,"(0, 1, 2)","(0, 1, 0, 12)",pct_cat_Bikes_lag1+pct_pais_United Kingdom_lag1+pct_genero_M_lag1,-4.6308288654522105,0.3292646000025345
log,"(0, 1, 2)","(0, 1, 0, 12)",pct_cat_Bikes_lag1+pct_pais_United States_lag1+pct_genero_M_lag1,-4.6308288654522105,0.3651327435664287
log,"(0, 1, 2)","(0, 1, 0, 12)",pct_cat_Clothing_lag1+pct_pais_Australia_lag1+pct_pais_Canada_lag1,-4.6308288654522105,0.33111713289671485
log,"(0, 1, 2)","(0, 1, 0, 12)",pct_cat_Clothing_lag1+pct_pais_Australia_lag1+pct_pais_France_lag1,-4.6308288654522105,0.3086380300938524
log,"(0, 1, 2)","(0, 1, 0, 12)",pct_cat_Clothing_lag1+pct_pais_Australia_lag1+pct_pais_Germany_lag1,-4.6308288654522105,0.27098987960062837
log,"(0, 1, 2)","(0, 1, 0, 12)",pct_cat_Clothing_lag1+pct_pais_Australia_lag1+pct_pais_United Kingdom_lag1,-4.6308288654522105,0.3168914412512069
log,"(0, 1, 2)","(0, 1, 0, 12)",pct_cat_Clothing_lag1+pct_pais_Australia_lag1+pct_pais_United States_lag1,-4.6308288654522105,0.3178082685096196
log,"(0, 1, 2)","(0, 1, 0, 12)",pct_cat_Clothing_lag1+pct_pais_Australia_lag1+pct_genero_M_lag1,-4.6308288654522105,0.3147089094030323
log,"(0, 1, 2)","(0, 1, 0, 12)",pct_cat_Clothing_lag1+pct_pais_Canada_lag1+pct_pais_France_lag1,-4.6308288654522105,0.3584251610185715
log,"(0, 1, 2)","(0, 1, 0, 12)",pct_cat_Clothing_lag1+pct_pais_Canada_lag1+pct_pais_Germany_lag1,-4.6308288654522105,0.28280929256850357
log,"(0, 1, 2)","(0, 1, 0, 12)",pct_cat_Clothing_lag1+pct_pais_Canada_lag1+pct_pais_United Kingdom_lag1,-4.6308288654522105,0.352174457938975
log,"(0, 1, 2)","(0, 1, 0, 12)",pct_cat_Clothing_lag1+pct_pais_Canada_lag1+pct_pais_United States_lag1,-4.6308288654522105,0.3294283222557984
log,"(0, 1, 2)","(0, 1, 0, 12)",pct_cat_Clothing_lag1+pct_pais_Canada_lag1+pct_genero_M_lag1,-4.6308288654522105,0.37551960572872395
log,"(0, 1, 2)","(0, 1, 0, 12)",pct_cat_Clothing_lag1+pct_pais_France_lag1+pct_pais_Germany_lag1,-4.6308288654522105,0.42250348829031203
log,"(0, 1, 2)","(0, 1, 0, 12)",pct_cat_Clothing_lag1+pct_pais_France_lag1+pct_pais_United Kingdom_lag1,-4.6308288654522105,0.3780349255995974
log,"(0, 1, 2)","(0, 1, 0, 12)",pct_cat_Clothing_lag1+pct_pais_France_lag1+pct_pais_United States_lag1,-4.6308288654522105,0.32152196900307867
log,"(0, 1, 2)","(0, 1, 0, 12)",pct_cat_Clothing_lag1+pct_pais_France_lag1+pct_genero_M_lag1,-4.6308288654522105,0.39634551225201226
log,"(0, 1, 2)","(0, 1, 0, 12)",pct_cat_Clothing_lag1+pct_pais_Germany_lag1+pct_pais_United Kingdom_lag1,-4.6308288654522105,0.26535076314475353
log,"(0, 1, 2)","(0, 1, 0, 12)",pct_cat_Clothing_lag1+pct_pais_Germany_lag1+pct_pais_United States_lag1,-4.6308288654522105,0.23800081144103147
log,"(0, 1, 2)","(0, 1, 0, 12)",pct_cat_Clothing_lag1+pct_pais_Germany_lag1+pct_genero_M_lag1,-4.6308288654522105,0.30171617814301005
log,"(0, 1, 2)","(0, 1, 0, 12)",pct_cat_Clothing_lag1+pct_pais_United Kingdom_lag1+pct_pais_United States_lag1,-4.6308288654522105,0.3518581550847421
log,"(0, 1, 2)","(0, 1, 0, 12)",pct_cat_Clothing_lag1+pct_pais_United Kingdom_lag1+pct_genero_M_lag1,-4.6308288654522105,0.3325463899916357
log,"(0, 1, 2)","(0, 1, 0, 12)",pct_cat_Clothing_lag1+pct_pais_United States_lag1+pct_genero_M_lag1,-4.6308288654522105,0.3374787676419831
log,"(0, 1, 2)","(0, 1, 0, 12)",pct_pais_Australia_lag1+pct_pais_Canada_lag1+pct_pais_France_lag1,-4.6308288654522105,0.4046108293725985
log,"(0, 1, 2)","(0, 1, 0, 12)",pct_pais_Australia_lag1+pct_pais_Canada_lag1+pct_pais_Germany_lag1,-4.6308288654522105,0.33583139462615913
log,"(0, 1, 2)","(0, 1, 0, 12)",pct_pais_Australia_lag1+pct_pais_Canada_lag1+pct_pais_United Kingdom_lag1,-4.6308288654522105,0.38278564385921593
log,"(0, 1, 2)","(0, 1, 0, 12)",pct_pais_Australia_lag1+pct_pais_Canada_lag1+pct_pais_United States_lag1,-4.6308288654522105,0.44670571734902254
log,"(0, 1, 2)","(0, 1, 0, 12)",pct_pais_Australia_lag1+pct_pais_Canada_lag1+pct_genero_M_lag1,-4.6308288654522105,0.37210663076630107
log,"(0, 1, 2)","(0, 1, 0, 12)",pct_pais_Australia_lag1+pct_pais_France_lag1+pct_pais_Germany_lag1,-4.6308288654522105,0.4093868829022183
log,"(0, 1, 2)","(0, 1, 0, 12)",pct_pais_Australia_lag1+pct_pais_France_lag1+pct_pais_United Kingdom_lag1,-4.6308288654522105,0.5247681758031216
log,"(0, 1, 2)","(0, 1, 0, 12)",pct_pais_Australia_lag1+pct_pais_France_lag1+pct_pais_United States_lag1,-4.6308288654522105,0.4496108909174102
log,"(0, 1, 2)","(0, 1, 0, 12)",pct_pais_Australia_lag1+pct_pais_France_lag1+pct_genero_M_lag1,-4.6308288654522105,0.4644631556963485
log,"(0, 1, 2)","(0, 1, 0, 12)",pct_pais_Australia_lag1+pct_pais_Germany_lag1+pct_pais_United Kingdom_lag1,-4.6308288654522105,0.3877379993616244
log,"(0, 1, 2)","(0, 1, 0, 12)",pct_pais_Australia_lag1+pct_pais_Germany_lag1+pct_pais_United States_lag1,-4.6308288654522105,0.29703508714950283
log,"(0, 1, 2)","(0, 1, 0, 12)",pct_pais_Australia_lag1+pct_pais_Germany_lag1+pct_genero_M_lag1,-4.6308288654522105,0.3115097517046286
log,"(0, 1, 2)","(0, 1, 0, 12)",pct_pais_Australia_lag1+pct_pais_United Kingdom_lag1+pct_pais_United States_lag1,-4.6308288654522105,0.3760964312120107
log,"(0, 1, 2)","(0, 1, 0, 12)",pct_pais_Australia_lag1+pct_pais_United Kingdom_lag1+pct_genero_M_lag1,-4.6308288654522105,0.3079721168102218
log,"(0, 1, 2)","(0, 1, 0, 12)",pct_pais_Australia_lag1+pct_pais_United States_lag1+pct_genero_M_lag1,-4.6308288654522105,0.34982988807115123
log,"(0, 1, 2)","(0, 1, 0, 12)",pct_pais_Canada_lag1+pct_pais_France_lag1+pct_pais_Germany_lag1,-4.6308288654522105,0.5471200000759119
log,"(0, 1, 2)","(0, 1, 0, 12)",pct_pais_Canada_lag1+pct_pais_France_lag1+pct_pais_United Kingdom_lag1,-4.6308288654522105,0.3340061465170055
log,"(0, 1, 2)","(0, 1, 0, 12)",pct_pais_Canada_lag1+pct_pais_France_lag1+pct_pais_United States_lag1,-4.6308288654522105,0.32075903001289413
log,"(0, 1, 2)","(0, 1, 0, 12)",pct_pais_Canada_lag1+pct_pais_France_lag1+pct_genero_M_lag1,-4.6308288654522105,0.31884113466127395
log,"(0, 1, 2)","(0, 1, 0, 12)",pct_pais_Canada_lag1+pct_pais_Germany_lag1+pct_pais_United Kingdom_lag1,-4.6308288654522105,0.2841957091889095
log,"(0, 1, 2)","(0, 1, 0, 12)",pct_pais_Canada_lag1+pct_pais_Germany_lag1+pct_pais_United States_lag1,-4.6308288654522105,0.24742963911604476
log,"(0, 1, 2)","(0, 1, 0, 12)",pct_pais_Canada_lag1+pct_pais_Germany_lag1+pct_genero_M_lag1,-4.6308288654522105,0.27845509521361517
log,"(0, 1, 2)","(0, 1, 0, 12)",pct_pais_Canada_lag1+pct_pais_United Kingdom_lag1+pct_pais_United States_lag1,-4.6308288654522105,0.31993582122577097
log,"(0, 1, 2)","(0, 1, 0, 12)",pct_pais_Canada_lag1+pct_pais_United Kingdom_lag1+pct_genero_M_lag1,-4.6308288654522105,0.3325465579407778
log,"(0, 1, 2)","(0, 1, 0, 12)",pct_pais_Canada_lag1+pct_pais_United States_lag1+pct_genero_M_lag1,-4.6308288654522105,0.3237033352728968
log,"(0, 1, 2)","(0, 1, 0, 12)",pct_pais_France_lag1+pct_pais_Germany_lag1+pct_pais_United Kingdom_lag1,-4.6308288654522105,0.471530017157437
log,"(0, 1, 2)","(0, 1, 0, 12)",pct_pais_France_lag1+pct_pais_Germany_lag1+pct_pais_United States_lag1,-4.6308288654522105,0.4385890045367433
log,"(0, 1, 2)","(0, 1, 0, 12)",pct_pais_France_lag1+pct_pais_Germany_lag1+pct_genero_M_lag1,-4.6308288654522105,0.3981069559778693
log,"(0, 1, 2)","(0, 1, 0, 12)",pct_pais_France_lag1+pct_pais_United Kingdom_lag1+pct_pais_United States_lag1,-4.6308288654522105,0.3827761797866677
log,"(0, 1, 2)","(0, 1, 0, 12)",pct_pais_France_lag1+pct_pais_United Kingdom_lag1+pct_genero_M_lag1,-4.6308288654522105,0.31093633274312205
log,"(0, 1, 2)","(0, 1, 0, 12)",pct_pais_France_lag1+pct_pais_United States_lag1+pct_genero_M_lag1,-4.6308288654522105,0.33463434050753044
log,"(0, 1, 2)","(0, 1, 0, 12)",pct_pais_Germany_lag1+pct_pais_United Kingdom_lag1+pct_pais_United States_lag1,-4.6308288654522105,0.28100426878568235
log,"(0, 1, 2)","(0, 1, 0, 12)",pct_pais_Germany_lag1+pct_pais_United Kingdom_lag1+pct_genero_M_lag1,-4.6308288654522105,0.30979664072974694
log,"(0, 1, 2)","(0, 1, 0, 12)",pct_pais_Germany_lag1+pct_pais_United States_lag1+pct_genero_M_lag1,-4.6308288654522105,0.2947305301755472
log,"(0, 1, 2)","(0, 1, 0, 12)",pct_pais_United Kingdom_lag1+pct_pais_United States_lag1+pct_genero_M_lag1,-4.6308288654522105,0.3353939815839769
